[UnityConnectServicesConfig] Local config successfully read: "/usr/share/unity3d/config/services-config.json"
[UnityConnectServicesConfig] Service configuration:
    "servicesConfigBaseUrl": "",
    "disableServicesWindow": false,
    "disableUserLogin": false,
    "entitlementCacheTimeoutInSeconds": 60,
    "clientConnectTimeoutSec": 60,
    "clientHandshakeTimeoutSec": 30,
    "clientResolveEntitlementsTimeoutSec": 30,
    "clientUpdateLicenseTimeoutSec": 30,
    "licensingServiceBaseUrl": "",
    "enableProxyAutoconfig": "false"

Unity Editor version:    6000.6.3f1 (45d8eee7de74)
Branch:                  6000.6/staging
Build type:              Release
Batch mode:              YES
System name:             Linux
Distro version:          #1 SMP PREEMPT_DYNAMIC Thu, 01 Oct 2026 02:24:43 +0000
Kernel version:          7.2.8-arch1-1
Architecture:            x86_64
Window Protocol:         Wayland (XWayland)
Available memory:        31095 MB
Date:                    2026-10-02T11:08:24Z
VBCSCompilerPreWarmer: watching VBCSCompiler (PID 939495)
VBCSCompilerPreWarmer: pre-warm launched (dotnet PID 939497)
VBCSCompiler prewarm took 6.17 ms
[Licensing::Module] Trying to connect to existing licensing client channel...
[Licensing::IpcConnector] Successfully connected to: "LicenseClient-mira" at "2026-10-02T11:08:24.206986Z"
[SignatureVerifier] Application signature verification not supported on this platform.
[Licensing::Client] Error: HandshakeResponse reported an error:
	ResponseCode: 505
	ResponseStatus: Unsupported protocol version '1.18.3'.
[Licensing::Module] Error: Failed to handshake to channel: "LicenseClient-mira"
[Licensing::IpcConnector] LicenseClient-mira channel disconnected successfully.
[Licensing::IpcConnector] Channel LicenseClient-mira-6000.6.3 doesn't exist
[Licensing::Module] Successfully launched the LicensingClient (PId: 939506)
Selected window backend: (null) 
[Licensing::IpcConnector] Successfully connected to: "LicenseClient-mira-6000.6.3" at "2026-10-02T11:08:24.455912Z"
[SignatureVerifier] Application signature verification not supported on this platform.
Desktop is 3840 x 1080 @ 60 Hz
Initialize udev device monitor.

COMMAND LINE ARGUMENTS:
/home/mira/Unity/Hub/Editor/6000.6.3f1/Editor/Unity
-batchmode
-quit
-projectPath
/home/mira/code/slopgame
-executeMethod
Slopgame.Editor.WindowsBuild.Build
-logFile
build.log
Successfully changed project path to: /home/mira/code/slopgame
/home/mira/code/slopgame
[UnityMemory] Configuration Parameters - Can be set up in boot.config
    "memorysetup-temp-allocator-size-gi-baking-worker=262144"
    "memorysetup-temp-allocator-size-gi-baking-worker=262144"
    "memorysetup-temp-allocator-size-gi-baking-worker=262144"
    "memorysetup-temp-allocator-size-gi-baking-worker=262144"
    "memorysetup-temp-allocator-size-gi-baking-worker=262144"
    "memorysetup-temp-allocator-size-nav-mesh-worker=65536"
    "memorysetup-temp-allocator-size-audio-worker=65536"
    "memorysetup-temp-allocator-size-cloud-worker=32768"
    "memorysetup-temp-allocator-size-preload-manager=33554432"
    "memorysetup-remapper-allocator-initial-capacity=32768"
    "memorysetup-temp-allocator-size-gfx=262144"
    "memorysetup-allocator-temp-initial-block-size-main=262144"
    "memorysetup-allocator-temp-initial-block-size-worker=262144"
    "memorysetup-temp-allocator-size-background-worker=32768"
    "memorysetup-temp-allocator-size-job-worker=262144"
    "memorysetup-bucket-allocator-granularity=16"
    "memorysetup-bucket-allocator-bucket-count=8"
    "memorysetup-bucket-allocator-block-size=33554432"
    "memorysetup-bucket-allocator-block-count=8"
    "memorysetup-main-allocator-block-size=16777216"
    "memorysetup-thread-allocator-block-size=16777216"
    "memorysetup-main-allocator-mimalloc-enabled=1"
    "memorysetup-gfx-main-allocator-block-size=16777216"
    "memorysetup-gfx-thread-allocator-block-size=16777216"
    "memorysetup-cache-allocator-block-size=4194304"
    "memorysetup-typetree-allocator-block-size=2097152"
    "memorysetup-profiler-bucket-allocator-granularity=16"
    "memorysetup-profiler-bucket-allocator-bucket-count=8"
    "memorysetup-profiler-bucket-allocator-block-size=33554432"
    "memorysetup-profiler-bucket-allocator-block-count=8"
    "memorysetup-profiler-allocator-block-size=16777216"
    "memorysetup-profiler-editor-allocator-block-size=1048576"
    "memorysetup-temp-allocator-size-main=16777216"
    "memorysetup-job-temp-allocator-block-size=2097152"
    "memorysetup-job-temp-allocator-block-size-background=1048576"
    "memorysetup-job-temp-allocator-reduction-small-platforms=262144"
Logging is directed to a specific file, skipping project log.
Player connection [140286323137280]  Target information:

Player connection [140286323137280]  * "[IP] 192.168.0.97 [Port] 55504 [Flags] 2 [Guid] 1588530725 [EditorId] 1588530725 [Version] 1048832 [Id] LinuxEditor(16,192.168.0.97) [Debug] 1 [PackageName] LinuxEditor [ProjectName] Editor" 

Player connection [140286323137280] Host joined multi-casting on [225.0.0.222:54997]...
Player connection [140286323137280] Host joined alternative multi-casting on [225.0.0.222:34997]...
Input System module state changed to: Initialized.
[Physics::Module] Initialized fallback backend.
[Physics::Module] Id: 0xdecafbad
[Licensing::Client] Handshaking with LicensingClient:
  Version:                 1.18.3+d7ffd15
  Session Id:              666aa595fb074b639c022184bfe02b12
  Correlation Id:          28658a2ed006f1a3bc9fc58a84e89639
  External correlation Id: 2404191174776703076
  Machine Id:              z0BsS4yNB3x7TwLqjniIjJyryoo=
[Licensing::Module] Successfully connected to LicensingClient on channel: "LicenseClient-mira-6000.6.3" (connect: 0.25s, validation: 0.04s, handshake: 0.00s)
[Licensing::IpcConnector] Successfully connected to: "LicenseClient-mira-6000.6.3-notifications" at "2026-10-02T11:08:24.493378Z"
[Licensing::Module] Connected to LicensingClient (PId: 939506, launch time: 0.00, total connection time: 0.28s)
[Licensing::Module] Error: Access token is unavailable; failed to update
[Licensing::Client] Successfully resolved entitlement details
[Licensing::Module] License group:
  Id: 9072325901392-UnityPersXXXX
  Product: Unity Personal
  Type: Assigned
  Expiration: Unlimited
[Licensing::Client] Successfully updated license, isAsync: True, time: 0.01
[Licensing::Client] Successfully resolved entitlement details
[Licensing::Module] Licensing Background thread has ended after 0.31s
Initialising UDS system complete:
  - System type: Client
  - Resource namespace: 8bca361b06dfca959fdc3f8b4d627abe
  - Shared memory size: 1073741824
  - Command buffer id: 1052624
  - Command buffer size: 8192
  - Hashmap size: 4194304
  - Service connected: false
[Package Manager] Connected to IPC stream "Upm-939464" after 0.1 seconds.
[Licensing::Client] Successfully resolved entitlement details
Library Redirect Path: Library/
Launching Unity Data Store - /home/mira/Unity/Hub/Editor/6000.6.3f1/Editor/Data/Tools/Unity.DataStore 
Unity Data Store artifact dir = Library/DataStore, working dir = /home/mira/code/slopgameUnity Data Store running and initialised
[Physics::Module] Selected backend (deferred post-plugins).
[Physics::Module] Name: PhysX
[Physics::Module] Id: 0xf2b8ea05
[Physics::Module] SDK Version: 4.1.2
[Physics::Module] Integration Version: 1.0.0
[Physics::Module] Threading Mode: Multi-Threaded
Initialize engine version: 6000.6.3f1 (45d8eee7de74)
[EntityIdStore] init: VM path (explicit commit), pageSize=4096, blockCount=1048576, entitiesPerBlock=256, slots reserved=4294967296 bytes
[Subsystems] Discovering subsystems at path /home/mira/Unity/Hub/Editor/6000.6.3f1/Editor/Data/Resources/UnitySubsystems
[Subsystems] Discovering subsystems at path /home/mira/code/slopgame/Assets
kGfxThreadingModeNonThreaded is not supported on OpenGL Core. Reverting to kGfxThreadingModeDirect instead.
GfxDevice: creating device client; kGfxThreadingModeDirect
GLX Extensions: GLX_ARB_context_flush_control GLX_ARB_create_context GLX_ARB_create_context_no_error GLX_ARB_create_context_profile GLX_ARB_create_context_robustness GLX_ARB_fbconfig_float GLX_ARB_framebuffer_sRGB GLX_ARB_get_proc_address GLX_ARB_multisample GLX_EXT_buffer_age GLX_EXT_create_context_es2_profile GLX_EXT_create_context_es_profile GLX_EXT_fbconfig_packed_float GLX_EXT_framebuffer_sRGB GLX_EXT_no_config_context GLX_EXT_swap_control GLX_EXT_swap_control_tear GLX_EXT_texture_from_pixmap GLX_EXT_visual_info GLX_EXT_visual_rating GLX_MESA_copy_sub_buffer GLX_MESA_gl_interop GLX_MESA_query_renderer GLX_MESA_swap_control GLX_OML_sync_control GLX_SGIS_multisample GLX_SGIX_fbconfig GLX_SGIX_pbuffer GLX_SGIX_visual_select_group GLX_SGI_make_current_read GLX_SGI_video_sync 
Renderer: AMD Ryzen 5 7600X 6-Core Processor (radeonsi, raphael_mendocino, ACO, DRM 3.64, 7.2.8-arch1-1)
Vendor:   AMD
Version:  4.6 (Core Profile) Mesa 26.2.3-arch1.2
GLES:     0
 GL_AMD_conservative_depth GL_AMD_depth_clamp_separate GL_AMD_draw_buffers_blend GL_AMD_framebuffer_multisample_advanced GL_AMD_gpu_shader_int64 GL_AMD_multi_draw_indirect GL_AMD_performance_monitor GL_AMD_pinned_memory GL_AMD_query_buffer_object GL_AMD_seamless_cubemap_per_texture GL_AMD_shader_stencil_export GL_AMD_shader_trinary_minmax GL_AMD_texture_texture4 GL_AMD_vertex_shader_layer GL_AMD_vertex_shader_viewport_index GL_ANGLE_texture_compression_dxt3 GL_ANGLE_texture_compression_dxt5 GL_ARB_ES2_compatibility GL_ARB_ES3_1_compatibility GL_ARB_ES3_2_compatibility GL_ARB_ES3_compatibility GL_ARB_arrays_of_arrays GL_ARB_base_instance GL_ARB_bindless_texture GL_ARB_blend_func_extended GL_ARB_buffer_storage GL_ARB_clear_buffer_object GL_ARB_clear_texture GL_ARB_clip_control GL_ARB_color_buffer_float GL_ARB_compressed_texture_pixel_storage GL_ARB_compute_shader GL_ARB_compute_variable_group_size GL_ARB_conditional_render_inverted GL_ARB_conservative_depth GL_ARB_copy_buffer GL_ARB_copy_image GL_ARB_cull_dist
ance GL_ARB_debug_output GL_ARB_depth_buffer_float GL_ARB_depth_clamp GL_ARB_derivative_control GL_ARB_direct_state_access GL_ARB_draw_buffers GL_ARB_draw_buffers_blend GL_ARB_draw_elements_base_vertex GL_ARB_draw_indirect GL_ARB_draw_instanced GL_ARB_enhanced_layouts GL_ARB_explicit_attrib_location GL_ARB_explicit_uniform_location GL_ARB_fragment_coord_conventions GL_ARB_fragment_layer_viewport GL_ARB_fragment_shader GL_ARB_framebuffer_no_attachments GL_ARB_framebuffer_object GL_ARB_framebuffer_sRGB GL_ARB_get_program_binary GL_ARB_get_texture_sub_image GL_ARB_gl_spirv GL_ARB_gpu_shader5 GL_ARB_gpu_shader_fp64 GL_ARB_gpu_shader_int64 GL_ARB_half_float_pixel GL_ARB_half_float_vertex GL_ARB_indirect_parameters GL_ARB_instanced_arrays GL_ARB_internalformat_query GL_ARB_internalformat_query2 GL_ARB_invalidate_subdata GL_ARB_map_buffer_alignment GL_ARB_map_buffer_range GL_ARB_multi_bind GL_ARB_multi_draw_indirect GL_ARB_occlusion_query2 GL_ARB_parallel_shader_compile GL_ARB_pipeline_statistics_query GL_ARB_pixel
_buffer_object GL_ARB_point_sprite GL_ARB_polygon_offset_clamp GL_ARB_post_depth_coverage GL_ARB_program_interface_query GL_ARB_provoking_vertex GL_ARB_query_buffer_object GL_ARB_robust_buffer_access_behavior GL_ARB_robustness GL_ARB_sample_shading GL_ARB_sampler_objects GL_ARB_seamless_cube_map GL_ARB_seamless_cubemap_per_texture GL_ARB_separate_shader_objects GL_ARB_shader_atomic_counter_ops GL_ARB_shader_atomic_counters GL_ARB_shader_ballot GL_ARB_shader_bit_encoding GL_ARB_shader_clock GL_ARB_shader_draw_parameters GL_ARB_shader_group_vote GL_ARB_shader_image_load_store GL_ARB_shader_image_size GL_ARB_shader_objects GL_ARB_shader_precision GL_ARB_shader_stencil_export GL_ARB_shader_storage_buffer_object GL_ARB_shader_subroutine GL_ARB_shader_texture_image_samples GL_ARB_shader_texture_lod GL_ARB_shader_viewport_layer_array GL_ARB_shading_language_420pack GL_ARB_shading_language_include GL_ARB_shading_language_packing GL_ARB_sparse_buffer GL_ARB_sparse_texture GL_ARB_sparse_texture2 GL_ARB_sparse_texture_
clamp GL_ARB_spirv_extensions GL_ARB_stencil_texturing GL_ARB_sync GL_ARB_tessellation_shader GL_ARB_texture_barrier GL_ARB_texture_border_clamp GL_ARB_texture_buffer_object GL_ARB_texture_buffer_object_rgb32 GL_ARB_texture_buffer_range GL_ARB_texture_compression_bptc GL_ARB_texture_compression_rgtc GL_ARB_texture_cube_map_array GL_ARB_texture_filter_anisotropic GL_ARB_texture_filter_minmax GL_ARB_texture_float GL_ARB_texture_gather GL_ARB_texture_mirror_clamp_to_edge GL_ARB_texture_multisample GL_ARB_texture_non_power_of_two GL_ARB_texture_query_levels GL_ARB_texture_query_lod GL_ARB_texture_rectangle GL_ARB_texture_rg GL_ARB_texture_rgb10_a2ui GL_ARB_texture_stencil8 GL_ARB_texture_storage GL_ARB_texture_storage_multisample GL_ARB_texture_swizzle GL_ARB_texture_view GL_ARB_timer_query GL_ARB_transform_feedback2 GL_ARB_transform_feedback3 GL_ARB_transform_feedback_instanced GL_ARB_transform_feedback_overflow_query GL_ARB_uniform_buffer_object GL_ARB_vertex_array_bgra GL_ARB_vertex_array_object GL_ARB_vertex
_attrib_64bit GL_ARB_vertex_attrib_binding GL_ARB_vertex_buffer_object GL_ARB_vertex_shader GL_ARB_vertex_type_10f_11f_11f_rev GL_ARB_vertex_type_2_10_10_10_rev GL_ARB_viewport_array GL_ATI_blend_equation_separate GL_ATI_meminfo GL_ATI_texture_float GL_ATI_texture_mirror_once GL_EXT_EGL_image_storage GL_EXT_EGL_image_storage_compression GL_EXT_EGL_sync GL_EXT_abgr GL_EXT_blend_equation_separate GL_EXT_debug_label GL_EXT_demote_to_helper_invocation GL_EXT_depth_bounds_test GL_EXT_draw_buffers2 GL_EXT_draw_instanced GL_EXT_framebuffer_blit GL_EXT_framebuffer_multisample GL_EXT_framebuffer_multisample_blit_scaled GL_EXT_framebuffer_object GL_EXT_framebuffer_sRGB GL_EXT_memory_object GL_EXT_memory_object_fd GL_EXT_mesh_shader GL_EXT_packed_depth_stencil GL_EXT_packed_float GL_EXT_pixel_buffer_object GL_EXT_polygon_offset_clamp GL_EXT_provoking_vertex GL_EXT_semaphore GL_EXT_semaphore_fd GL_EXT_shader_clock GL_EXT_shader_image_load_formatted GL_EXT_shader_image_load_store GL_EXT_shader_integer_mix GL_EXT_shader_s
amples_identical GL_EXT_texture_array GL_EXT_texture_compression_dxt1 GL_EXT_texture_compression_rgtc GL_EXT_texture_compression_s3tc GL_EXT_texture_filter_anisotropic GL_EXT_texture_filter_minmax GL_EXT_texture_integer GL_EXT_texture_mirror_clamp GL_EXT_texture_sRGB GL_EXT_texture_sRGB_R8 GL_EXT_texture_sRGB_RG8 GL_EXT_texture_sRGB_decode GL_EXT_texture_shadow_lod GL_EXT_texture_shared_exponent GL_EXT_texture_snorm GL_EXT_texture_storage GL_EXT_texture_swizzle GL_EXT_timer_query GL_EXT_transform_feedback GL_EXT_vertex_array_bgra GL_EXT_vertex_attrib_64bit GL_EXT_window_rectangles GL_IBM_multimode_draw_arrays GL_INTEL_blackhole_render GL_KHR_blend_equation_advanced GL_KHR_context_flush_control GL_KHR_debug GL_KHR_no_error GL_KHR_parallel_shader_compile GL_KHR_robust_buffer_access_behavior GL_KHR_robustness GL_KHR_shader_subgroup GL_KHR_texture_compression_astc_ldr GL_KHR_texture_compression_astc_sliced_3d GL_MESA_framebuffer_flip_y GL_MESA_pack_invert GL_MESA_shader_integer_functions GL_MESA_texture_const_ba
ndwidth GL_MESA_texture_signed_rgba GL_NVX_gpu_memory_info GL_NV_alpha_to_coverage_dither_control GL_NV_compute_shader_derivatives GL_NV_conditional_render GL_NV_copy_image GL_NV_depth_clamp GL_NV_packed_depth_stencil GL_NV_shader_atomic_int64 GL_NV_texture_barrier GL_NV_timeline_semaphore GL_OES_EGL_image GL_S3_s3tc
OPENGL LOG: Creating OpenGL 4.6 graphics device ; Context level  <OpenGL 4.5> ; Context handle 425827248
Initialize mono
Mono path[0] = '/home/mira/Unity/Hub/Editor/6000.6.3f1/Editor/Data/Managed'
Mono path[1] = '/home/mira/Unity/Hub/Editor/6000.6.3f1/Editor/Data/BCLExtensions/runtime/netstandard2.1'
Mono path[2] = '/home/mira/Unity/Hub/Editor/6000.6.3f1/Editor/Data/MonoBleedingEdge/lib/mono/unityjit-linux'
Mono config path = '/home/mira/Unity/Hub/Editor/6000.6.3f1/Editor/Data/MonoBleedingEdge/etc'
Using monoOptions --debugger-agent=transport=dt_socket,embedding=1,server=y,suspend=n,address=127.0.0.1:56464
CodeReloadManager initialized
ImportWorker Server TCP listen port: 0
AcceleratorClientConnectionCallback - disconnected - :0
Begin MonoManager ReloadAssembly
Registering precompiled unity dll's ...
Register platform support module: /home/mira/Unity/Hub/Editor/6000.6.3f1/Editor/Data/PlaybackEngines/WebGLSupport/UnityEditor.WebGL.Extensions.dll
Register platform support module: /home/mira/Unity/Hub/Editor/6000.6.3f1/Editor/Data/PlaybackEngines/WindowsStandaloneSupport/UnityEditor.WindowsStandalone.Extensions.dll
Register platform support module: /home/mira/Unity/Hub/Editor/6000.6.3f1/Editor/Data/PlaybackEngines/LinuxStandaloneSupport/UnityEditor.LinuxStandalone.Extensions.dll
Registered in 0.001310 seconds.
Native extension for LinuxStandalone target not found
Native extension for WindowsStandalone target not found
Native extension for WebGL target not found
Package Manager log level set to [2]
[Licensing::Client] Successfully resolved entitlement details
ScheduleIndexationOnStartup MainProcess:False IndexOnStartup:True
Scripting: successfully reloaded assembly
- Finished resetting the current domain, in  2.903 seconds
Domain Reload Profiling: 3234ms
	BeginReloadAssembly (62ms)
		CreateAndSetChildDomain (12ms)
	RebuildCommonClasses (4ms)
	RebuildNativeTypeToScriptingClass (8ms)
	initialDomainReloadingComplete (41ms)
	LoadAllAssembliesAndSetupDomain (217ms)
		LoadAssemblies (50ms)
		TypeCache.Refresh (143ms)
			TypeCache.ScanAssembly (133ms)
		AnalyzeDomain (1ms)
	FinalizeReload (2903ms)
		SetupLoadedEditorAssemblies (0ms)
			BeforeProcessingInitializeOnLoad (89ms)
			ProcessInitializeOnLoadAttributes (107ms)
			ProcessInitializeOnLoadMethodAttributes (2562ms)
[Licensing::Client] Successfully resolved entitlement details
Application.AssetDatabase Initial Refresh Start
[Package Manager] Restoring resolved packages state from cache
[Licensing::Client] Successfully resolved entitlement details
[Package Manager] Registered 59 packages:
  Packages from [https://packages.unity.com]:
    com.unity.inputsystem@1.20.0 (location: /home/mira/code/slopgame/Library/PackageCache/com.unity.inputsystem@7a4e1a2a8194)
    com.unity.ide.rider@3.0.38 (location: /home/mira/code/slopgame/Library/PackageCache/com.unity.ide.rider@1f60b3138684)
    com.unity.ide.visualstudio@2.0.26 (location: /home/mira/code/slopgame/Library/PackageCache/com.unity.ide.visualstudio@a99d56dec63f)
    com.unity.netcode.gameobjects@2.13.3 (location: /home/mira/code/slopgame/Library/PackageCache/com.unity.netcode.gameobjects@277a288a1cea)
    com.unity.services.multiplayer@2.3.3 (location: /home/mira/code/slopgame/Library/PackageCache/com.unity.services.multiplayer@3bd2e24872f4)
    com.unity.services.qos@1.4.1 (location: /home/mira/code/slopgame/Library/PackageCache/com.unity.services.qos@03d4b52d4980)
    com.unity.services.core@1.18.0 (location: /home/mira/code/slopgame/Library/PackageCache/com.unity.services.core@3464cb68d709)
    com.unity.services.wire@1.5.1 (location: /home/mira/code/slopgame/Library/PackageCache/com.unity.services.wire@af86088a4eac)
    com.unity.services.deployment@1.7.2 (location: /home/mira/code/slopgame/Library/PackageCache/com.unity.services.deployment@c07c64f9804b)
    com.unity.nuget.newtonsoft-json@3.2.2 (location: /home/mira/code/slopgame/Library/PackageCache/com.unity.nuget.newtonsoft-json@4dfd81071c64)
    com.unity.services.authentication@3.8.0 (location: /home/mira/code/slopgame/Library/PackageCache/com.unity.services.authentication@6613d5ec6ae8)
    com.unity.nuget.mono-cecil@1.11.6 (location: /home/mira/code/slopgame/Library/PackageCache/com.unity.nuget.mono-cecil@ecb9724e46ff)
    com.unity.services.deployment.api@1.1.3 (location: /home/mira/code/slopgame/Library/PackageCache/com.unity.services.deployment.api@9becf6da0f1a)
  Built-in packages:
    com.unity.modules.accessibility@1.0.0 (location: /home/mira/code/slopgame/Library/PackageCache/com.unity.modules.accessibility)
    com.unity.modules.adaptiveperformance@1.0.0 (location: /home/mira/code/slopgame/Library/PackageCache/com.unity.modules.adaptiveperformance)
    com.unity.modules.ai@1.0.0 (location: /home/mira/code/slopgame/Library/PackageCache/com.unity.modules.ai)
    com.unity.modules.androidjni@1.0.0 (location: /home/mira/code/slopgame/Library/PackageCache/com.unity.modules.androidjni)
    com.unity.modules.animation@1.0.0 (location: /home/mira/code/slopgame/Library/PackageCache/com.unity.modules.animation)
    com.unity.modules.assetbundle@1.0.0 (location: /home/mira/code/slopgame/Library/PackageCache/com.unity.modules.assetbundle)
    com.unity.modules.audio@1.0.0 (location: /home/mira/code/slopgame/Library/PackageCache/com.unity.modules.audio)
    com.unity.modules.cloth@1.0.0 (location: /home/mira/code/slopgame/Library/PackageCache/com.unity.modules.cloth)
    com.unity.modules.director@1.0.0 (location: /home/mira/code/slopgame/Library/PackageCache/com.unity.modules.director)
    com.unity.modules.imageconversion@1.0.0 (location: /home/mira/code/slopgame/Library/PackageCache/com.unity.modules.imageconversion)
    com.unity.modules.imgui@1.0.0 (location: /home/mira/code/slopgame/Library/PackageCache/com.unity.modules.imgui)
    com.unity.modules.jsonserialize@1.0.0 (location: /home/mira/code/slopgame/Library/PackageCache/com.unity.modules.jsonserialize)
    com.unity.modules.particlesystem@1.0.0 (location: /home/mira/code/slopgame/Library/PackageCache/com.unity.modules.particlesystem)
    com.unity.modules.physics@1.0.0 (location: /home/mira/code/slopgame/Library/PackageCache/com.unity.modules.physics)
    com.unity.modules.physics2d@1.0.0 (location: /home/mira/code/slopgame/Library/PackageCache/com.unity.modules.physics2d)
    com.unity.modules.physicscore2d@1.0.0 (location: /home/mira/code/slopgame/Library/PackageCache/com.unity.modules.physicscore2d)
    com.unity.modules.screencapture@1.0.0 (location: /home/mira/code/slopgame/Library/PackageCache/com.unity.modules.screencapture)
    com.unity.modules.terrain@1.0.0 (location: /home/mira/code/slopgame/Library/PackageCache/com.unity.modules.terrain)
    com.unity.modules.terrainphysics@1.0.0 (location: /home/mira/code/slopgame/Library/PackageCache/com.unity.modules.terrainphysics)
    com.unity.modules.tetgen@1.0.0 (location: /home/mira/code/slopgame/Library/PackageCache/com.unity.modules.tetgen)
    com.unity.modules.tilemap@1.0.0 (location: /home/mira/code/slopgame/Library/PackageCache/com.unity.modules.tilemap)
    com.unity.modules.timelinefoundation@1.0.0 (location: /home/mira/code/slopgame/Library/PackageCache/com.unity.modules.timelinefoundation)
    com.unity.modules.ui@1.0.0 (location: /home/mira/code/slopgame/Library/PackageCache/com.unity.modules.ui)
    com.unity.modules.uielements@1.0.0 (location: /home/mira/code/slopgame/Library/PackageCache/com.unity.modules.uielements)
    com.unity.modules.umbra@1.0.0 (location: /home/mira/code/slopgame/Library/PackageCache/com.unity.modules.umbra)
    com.unity.modules.unityanalytics@1.0.0 (location: /home/mira/code/slopgame/Library/PackageCache/com.unity.modules.unityanalytics)
    com.unity.modules.unitywebrequest@1.0.0 (location: /home/mira/code/slopgame/Library/PackageCache/com.unity.modules.unitywebrequest)
    com.unity.modules.unitywebrequestassetbundle@1.0.0 (location: /home/mira/code/slopgame/Library/PackageCache/com.unity.modules.unitywebrequestassetbundle)
    com.unity.modules.unitywebrequestaudio@1.0.0 (location: /home/mira/code/slopgame/Library/PackageCache/com.unity.modules.unitywebrequestaudio)
    com.unity.modules.unitywebrequesttexture@1.0.0 (location: /home/mira/code/slopgame/Library/PackageCache/com.unity.modules.unitywebrequesttexture)
    com.unity.modules.unitywebrequestwww@1.0.0 (location: /home/mira/code/slopgame/Library/PackageCache/com.unity.modules.unitywebrequestwww)
    com.unity.modules.vectorgraphics@1.0.0 (location: /home/mira/code/slopgame/Library/PackageCache/com.unity.modules.vectorgraphics)
    com.unity.modules.vehicles@1.0.0 (location: /home/mira/code/slopgame/Library/PackageCache/com.unity.modules.vehicles)
    com.unity.modules.video@1.0.0 (location: /home/mira/code/slopgame/Library/PackageCache/com.unity.modules.video)
    com.unity.modules.wind@1.0.0 (location: /home/mira/code/slopgame/Library/PackageCache/com.unity.modules.wind)
    com.unity.modules.xr@1.0.0 (location: /home/mira/code/slopgame/Library/PackageCache/com.unity.modules.xr)
    com.unity.modules.subsystems@1.0.0 (location: /home/mira/code/slopgame/Library/PackageCache/com.unity.modules.subsystems)
    com.unity.modules.hierarchycore@1.0.0 (location: /home/mira/code/slopgame/Library/PackageCache/com.unity.modules.hierarchycore)
    com.unity.transport@6.6.0 (location: /home/mira/code/slopgame/Library/PackageCache/com.unity.transport@f4a3b704428e)
    com.unity.collections@6.6.0 (location: /home/mira/code/slopgame/Library/PackageCache/com.unity.collections@431b1d558060)
    com.unity.test-framework@1.8.0 (location: /home/mira/code/slopgame/Library/PackageCache/com.unity.test-framework@33f8a1e9aefd)
    com.unity.ext.nunit@2.1.0 (location: /home/mira/code/slopgame/Library/PackageCache/com.unity.ext.nunit@508b95ff9afe)
    com.unity.ugui@2.6.0 (location: /home/mira/code/slopgame/Library/PackageCache/com.unity.ugui@88d0d51315d3)
    com.unity.burst@2.0.0 (location: /home/mira/code/slopgame/Library/PackageCache/com.unity.burst@c3ed5b778d56)
    com.unity.test-framework.performance@6.6.0 (location: /home/mira/code/slopgame/Library/PackageCache/com.unity.test-framework.performance@530c2523cea5)
    com.unity.mathematics@1.4.0 (location: /home/mira/code/slopgame/Library/PackageCache/com.unity.mathematics@9c2fa23d2d82)
[Subsystems] No new subsystems found in resolved package list.
[Package Manager] Done registering packages in 0.00 seconds
Starting: /home/mira/Unity/Hub/Editor/6000.6.3f1/Editor/Data/Tools/BuildPipeline/bee_backend --ipc --defer-dag-verification --dagfile="Library/Bee/1900b0aE.dag" --continue-on-failure --profile="Library/Bee/backend1.traceevents" ScriptAssemblies
WorkingDir: /home/mira/code/slopgame
warn: Unity.ILPP.Runner.PostProcessingAssemblyLoadContext[0]
      Assembly system.runtime.interopservices.windowsruntime has duplicate hint path. Ignoring "/home/mira/Unity/Hub/Editor/6000.6.3f1/Editor/Data/UnityReferenceAssemblies/unity-4.8-api/Facades/System.Runtime.InteropServices.WindowsRuntime.dll" in favor of "/home/mira/Unity/Hub/Editor/6000.6.3f1/Editor/Data/NetStandard/Extensions/2.0.0/System.Runtime.InteropServices.WindowsRuntime.dll"
warn: Unity.ILPP.Runner.PostProcessingAssemblyLoadContext[0]
      Assembly system.componentmodel.composition has duplicate hint path. Ignoring "/home/mira/Unity/Hub/Editor/6000.6.3f1/Editor/Data/UnityReferenceAssemblies/unity-4.8-api/System.ComponentModel.Composition.dll" in favor of "/home/mira/Unity/Hub/Editor/6000.6.3f1/Editor/Data/NetStandard/compat/2.1.0/shims/netfx/System.ComponentModel.Composition.dll"
DisplayProgressbar: Compiling Scripts
Starting: /home/mira/Unity/Hub/Editor/6000.6.3f1/Editor/Data/DotNetSdk/dotnet "/home/mira/Unity/Hub/Editor/6000.6.3f1/Editor/Data/Tools/BuildPipeline/ScriptCompilationBuildProgram.exe" "Library/Bee/1900b0aE.dag.json" "Library/Bee/1900b0aE-inputdata.json" "Library/Bee/buildprogram0.traceevents"
ExitCode: 4 Duration: 0s117ms
WorkingDir: /home/mira/code/slopgame
[636/829    0s] ILPP-Configuration Library/ilpp-configuration.nevergeneratedoutput
Rebuilding DAG because FileSignature timestamp changed: Library/Bee/1900b0aE-inputdata.json
*** Tundra requires additional run (0.10 seconds), 1 items updated, 829 evaluated
ExitCode: 0 Duration: 1s20ms
Starting: /home/mira/Unity/Hub/Editor/6000.6.3f1/Editor/Data/Tools/BuildPipeline/bee_backend --ipc --defer-dag-verification --dagfile="Library/Bee/1900b0aE.dag" --continue-on-failure --dagfilejson="Library/Bee/1900b0aE.dag.json" --profile="Library/Bee/backend2.traceevents" ScriptAssemblies
WorkingDir: /home/mira/code/slopgame
ExitCode: 0 Duration: 0s190ms
Finished compiling graph: 832 nodes, 17237 flattened edges (14207 ToBuild, 136 ToUse), maximum node priority 1036
[636/829    0s] ILPP-Configuration Library/ilpp-configuration.nevergeneratedoutput
*** Tundra build success (0.18 seconds), 1 items updated, 829 evaluated
AssetDatabase: script compilation time: 1.643630s
Begin MonoManager ReloadAssembly
Total cache size 266645660
Symbol file LoadedFromMemory is not a mono symbol file
Native extension for LinuxStandalone target not found
Native extension for WindowsStandalone target not found
Native extension for WebGL target not found
ScheduleIndexationOnStartup MainProcess:True IndexOnStartup:True
Scripting: successfully reloaded assembly
- Finished resetting the current domain, in  0.477 seconds
Domain Reload Profiling: 1054ms
	BeginReloadAssembly (245ms)
		DisableScriptedObjects (12ms)
		CreateAndSetChildDomain (148ms)
	RebuildCommonClasses (6ms)
	RebuildNativeTypeToScriptingClass (7ms)
	initialDomainReloadingComplete (41ms)
	LoadAllAssembliesAndSetupDomain (277ms)
		LoadAssemblies (147ms)
		TypeCache.Refresh (57ms)
			TypeCache.ScanAssembly (48ms)
		AnalyzeDomain (30ms)
			BuildScriptInfoCaches (27ms)
	FinalizeReload (478ms)
		SetupLoadedEditorAssemblies (0ms)
			BeforeProcessingInitializeOnLoad (70ms)
			ProcessInitializeOnLoadAttributes (96ms)
			ProcessInitializeOnLoadMethodAttributes (137ms)
			AfterProcessingInitializeOnLoad (4ms)
		AwakeInstancesAfterBackupRestoration (17ms)
Starting new worker id: 0 with log in /home/mira/code/slopgame/Logs/AssetImportWorkerHW0.log
[UnityConnectServicesConfig] Local config successfully read: "/usr/share/unity3d/config/services-config.json"
[UnityConnectServicesConfig] Service configuration:
    "servicesConfigBaseUrl": "",
    "disableServicesWindow": false,
    "disableUserLogin": false,
    "entitlementCacheTimeoutInSeconds": 60,
    "clientConnectTimeoutSec": 60,
    "clientHandshakeTimeoutSec": 30,
    "clientResolveEntitlementsTimeoutSec": 30,
    "clientUpdateLicenseTimeoutSec": 30,
    "licensingServiceBaseUrl": "",
    "enableProxyAutoconfig": "false"


Asset Pipeline Refresh (id=a2115363bf7bb9304a6079b264a17534): Total: 3.320 seconds - Initiated by InitialRefreshV2(ForceSynchronousImport)
	(Values over 0.05ms)
	Summary:
		Imports: total=0 (actual=0, local cache=0, cache server=0)
		Asset DB Process Time: managed=0 ms, native=999 ms
		Asset DB Callback time: managed=49 ms, native=4 ms
		Scripting: domain reloads=1, domain reload time=596 ms, compile time=1646 ms, other=25 ms
		Project Asset Count: scripts=898, non-scripts=507
		Asset File Changes: new=0, changed=0, moved=0, deleted=0
		Scan Filter Count: 1
	InvokePackagesCallback: 5.106ms
	ApplyChangesToAssetFolders: 0.349ms
	Scan: 349.037ms
	Collect global state as custom dependencies: 6.847ms
	CategorizeScriptCompilationAssets: 15.439ms
	ProcessAssetsWithTransientArtifactChanges: 32.210ms
	CategorizeAssets: 12.522ms
	CompileScripts: 1645.507ms
	ImportOutOfDateAssets: 511.007ms (481.727ms without children)
		UnloadImportedAssets: 3.077ms
		EnsureUptoDateAssetsAreRegisteredWithGuidPM: 0.386ms
		ImportSchedulerStart: 25.815ms
	PostProcessAllAssets: 49.146ms
		MonoPostProcessAllAssets: 49.083ms
			AssetPostprocessorProxy.OnPostprocessAllAssets 13.737ms
			WindowAssetPostprocessingWatcher.OnPostprocessAllAssets 5.726ms
			EditModeScopePostprocessor.OnPostprocessAllAssets 1.072ms
			SpeedTree9Postprocessor.OnPostprocessAllAssets 0.531ms
			ReferencedClipsPostProcessor.OnPostprocessAllAssets 0.221ms
			InputActionAssetPostprocessor.OnPostprocessAllAssets 0.191ms
			TerrainToolbarOverlayPostProcessor.OnPostprocessAllAssets 0.181ms
			AssetDatabaseCallbacks.OnPostprocessAllAssets 0.129ms
			ProjectSettingsPostprocessor.OnPostprocessAllAssets 0.112ms
			RenderPipelineGlobalSettingsPostprocessor.OnPostprocessAllAssets 0.067ms
			SyncVS.PostprocessSyncProject 0.057ms
	UnloadStreamsBegin: 1.086ms
	GenerateScriptTypeHashes: 0.860ms
	GenerateScriptTypeSerializationHashes: 1.861ms
	Untracked: 690.908ms

Application.AssetDatabase Initial Refresh End
AutoLocale: current locale expects 'C' but got 'en_US.UTF-8'Launched and connected shader compiler UnityShaderCompiler after 0.01 seconds
Scanning for USB devices : 13.196ms
Initializing Unity extensions:
UpdateMenuTitleForLanguage: 10
[MODES] ModeService[none].Initialize
[MODES] ModeService[none].LoadModes
[MODES] Loading mode Default (0) for mode-current-id-Ash Below
Unloading 3 Unused Serialized files (Serialized files now loaded: 0)
Unloading 3912 unused Assets / (2.0 MB). Loaded Objects now: 4686.
Memory consumption went from 158.8 MB to 156.8 MB.
Total: 8.404696 ms (FindLiveObjects: 0.264531 ms CreateObjectMapping: 0.079690 ms MarkObjects: 6.571344 ms  DeleteObjects: 1.343811 ms)

Asset Pipeline Refresh (id=4c90266382dd5ec99891b640aca00002): Total: 0.152 seconds - Initiated by RefreshV2(NoUpdateAssetOptions)
Asset Pipeline Refresh (id=f0f02e27704153a088adefa513558785): Total: 0.181 seconds - Initiated by RefreshV2(NoUpdateAssetOptions)
Importing 'GUID: 00000000000000004000000000000000 - Path: ProjectSettings/ProjectSettings.asset' with importer (LibraryAssetImporter)
Imported 'GUID: 00000000000000004000000000000000' -> (Import Result ID: 'b433ab281ef5b5d8cb4609da102dfa0f') in 0.003 seconds [static dependencies only]. Details - ImportResultOutputID=054c890a8f4b6dddbea933bc5e4b7df4 DependenciesID=8c046d649c7ec6410dc6fa70c1953dad StaticDependenciesID=46729f97af2622dd4359d9bfc749645d 
Asset Pipeline Refresh (id=4c03f43975a3d601d9c77aabdb79abe9): Total: 0.058 seconds - Initiated by StopAssetImportingV2(NoUpdateAssetOptions)
WINDOWS_CONFIGURATION_OK: x64 build command, Mono, Direct3D 11, resizable 1280x720 window. Windows module installed: True
UnityEngine.Debug:ExtractStackTraceNoAlloc (byte*,int,string)
UnityEngine.StackTraceUtility:ExtractStackTrace () (at /home/bokken/build/output/unity/unity/Runtime/Export/Scripting/StackTrace.cs:23)
UnityEngine.DebugLogHandler:Internal_Log (UnityEngine.LogType,UnityEngine.LogOption,string,UnityEngine.Object)
UnityEngine.DebugLogHandler:LogFormat (UnityEngine.LogType,UnityEngine.Object,string,object[])
UnityEngine.Logger:Log (UnityEngine.LogType,object)
UnityEngine.Debug:Log (object)
Slopgame.Editor.WindowsBuild:Configure () (at Assets/Scripts/Editor/WindowsBuild.cs:31)
Slopgame.Editor.WindowsBuild:Build () (at Assets/Scripts/Editor/WindowsBuild.cs:43)

(Filename: Assets/Scripts/Editor/WindowsBuild.cs Line: 31)

[ServicesCore]: To use Unity's dashboard services, you need to link your Unity project to a project ID. To do this, go to Project Settings to select your organization, select your project and then link a project ID. You also need to make sure your organization has access to the required products. Visit https://dashboard.unity3d.com to sign up.
UnityEngine.Debug:ExtractStackTraceNoAlloc (byte*,int,string)
UnityEngine.StackTraceUtility:ExtractStackTrace () (at /home/bokken/build/output/unity/unity/Runtime/Export/Scripting/StackTrace.cs:23)
UnityEngine.DebugLogHandler:Internal_Log (UnityEngine.LogType,UnityEngine.LogOption,string,UnityEngine.Object)
UnityEngine.DebugLogHandler:LogFormat (UnityEngine.LogType,UnityEngine.Object,string,object[])
UnityEngine.Logger:LogWarning (string,object)
Unity.Services.Core.Internal.CoreLogger:LogWarning (object) (at ./Library/PackageCache/com.unity.services.core@3464cb68d709/Runtime/Core.Internal/Logging/CoreLogger.cs:15)
Unity.Services.Core.Editor.ProjectUnlinkBuildWarning:OnPreprocessBuild (UnityEditor.Build.Reporting.BuildReport) (at ./Library/PackageCache/com.unity.services.core@3464cb68d709/Editor/Core/Build/ProjectUnlinkBuildWarning.cs:29)
UnityEditor.Build.BuildPipelineInterfaces/<>c__DisplayClass17_0:<OnBuildPreProcess>b__1 (UnityEditor.Build.IPreprocessBuildWithReport) (at /home/bokken/build/output/unity/unity/Editor/Mono/BuildPipeline/BuildPipelineInterfaces.cs:1132)
UnityEditor.Build.BuildPipelineInterfaces:InvokeCallbackInterfacesPair<UnityEditor.Build.IPreprocessBuild, UnityEditor.Build.IPreprocessBuildWithReport> (System.Collections.Generic.List`1<UnityEditor.Build.IPreprocessBuild>,System.Action`1<UnityEditor.Build.IPreprocessBuild>,System.Collections.Generic.List`1<UnityEditor.Build.IPreprocessBuildWithReport>,System.Action`1<UnityEditor.Build.IPreprocessBuildWithReport>,bool) (at /home/bokken/build/output/unity/unity/Editor/Mono/BuildPipeline/BuildPipelineInterfaces.cs:1091)
UnityEditor.Build.BuildPipelineInterfaces:OnBuildPreProcess (UnityEditor.Build.Reporting.BuildReport) (at /home/bokken/build/output/unity/unity/Editor/Mono/BuildPipeline/BuildPipelineInterfaces.cs:1123)
UnityEditor.BuildPipeline:BuildPlayerInternal (string[],string,string,UnityEditor.BuildTargetGroup,UnityEditor.BuildTarget,int,UnityEditor.BuildOptions,string[],string[],bool)
UnityEditor.BuildPipeline:BuildPlayer (UnityEditor.BuildPlayerOptions) (at /home/bokken/build/output/unity/unity/Editor/Mono/BuildPipeline/BuildPipeline.bindings.cs:270)
Slopgame.Editor.WindowsBuild:Build () (at Assets/Scripts/Editor/WindowsBuild.cs:49)

(Filename: ./Library/PackageCache/com.unity.services.core@3464cb68d709/Editor/Core/Build/ProjectUnlinkBuildWarning.cs Line: 29)

[TestRunBuilder] Creating new file 'Assets/Resources/PerformanceTestRunInfo.json' (2994 bytes)
UnityEngine.Debug:ExtractStackTraceNoAlloc (byte*,int,string)
UnityEngine.StackTraceUtility:ExtractStackTrace () (at /home/bokken/build/output/unity/unity/Runtime/Export/Scripting/StackTrace.cs:23)
UnityEngine.DebugLogHandler:Internal_Log (UnityEngine.LogType,UnityEngine.LogOption,string,UnityEngine.Object)
UnityEngine.DebugLogHandler:LogFormat (UnityEngine.LogType,UnityEngine.Object,string,object[])
UnityEngine.Logger:Log (UnityEngine.LogType,object)
UnityEngine.Debug:Log (object)
Unity.PerformanceTesting.Editor.TestRunBuilder:SaveToStorage (object,string) (at ./Library/PackageCache/com.unity.test-framework.performance@530c2523cea5/Editor/TestRunBuilder.cs:242)
Unity.PerformanceTesting.Editor.TestRunBuilder:OnPreprocessBuild (UnityEditor.Build.Reporting.BuildReport) (at ./Library/PackageCache/com.unity.test-framework.performance@530c2523cea5/Editor/TestRunBuilder.cs:35)
UnityEditor.Build.BuildPipelineInterfaces/<>c__DisplayClass17_0:<OnBuildPreProcess>b__1 (UnityEditor.Build.IPreprocessBuildWithReport) (at /home/bokken/build/output/unity/unity/Editor/Mono/BuildPipeline/BuildPipelineInterfaces.cs:1132)
UnityEditor.Build.BuildPipelineInterfaces:InvokeCallbackInterfacesPair<UnityEditor.Build.IPreprocessBuild, UnityEditor.Build.IPreprocessBuildWithReport> (System.Collections.Generic.List`1<UnityEditor.Build.IPreprocessBuild>,System.Action`1<UnityEditor.Build.IPreprocessBuild>,System.Collections.Generic.List`1<UnityEditor.Build.IPreprocessBuildWithReport>,System.Action`1<UnityEditor.Build.IPreprocessBuildWithReport>,bool) (at /home/bokken/build/output/unity/unity/Editor/Mono/BuildPipeline/BuildPipelineInterfaces.cs:1091)
UnityEditor.Build.BuildPipelineInterfaces:OnBuildPreProcess (UnityEditor.Build.Reporting.BuildReport) (at /home/bokken/build/output/unity/unity/Editor/Mono/BuildPipeline/BuildPipelineInterfaces.cs:1123)
UnityEditor.BuildPipeline:BuildPlayerInternal (string[],string,string,UnityEditor.BuildTargetGroup,UnityEditor.BuildTarget,int,UnityEditor.BuildOptions,string[],string[],bool)
UnityEditor.BuildPipeline:BuildPlayer (UnityEditor.BuildPlayerOptions) (at /home/bokken/build/output/unity/unity/Editor/Mono/BuildPipeline/BuildPipeline.bindings.cs:270)
Slopgame.Editor.WindowsBuild:Build () (at Assets/Scripts/Editor/WindowsBuild.cs:49)

(Filename: ./Library/PackageCache/com.unity.test-framework.performance@530c2523cea5/Editor/TestRunBuilder.cs Line: 242)

[TestRunBuilder] Creating new file 'Assets/Resources/PerformanceTestRunSettings.json' (23 bytes)
UnityEngine.Debug:ExtractStackTraceNoAlloc (byte*,int,string)
UnityEngine.StackTraceUtility:ExtractStackTrace () (at /home/bokken/build/output/unity/unity/Runtime/Export/Scripting/StackTrace.cs:23)
UnityEngine.DebugLogHandler:Internal_Log (UnityEngine.LogType,UnityEngine.LogOption,string,UnityEngine.Object)
UnityEngine.DebugLogHandler:LogFormat (UnityEngine.LogType,UnityEngine.Object,string,object[])
UnityEngine.Logger:Log (UnityEngine.LogType,object)
UnityEngine.Debug:Log (object)
Unity.PerformanceTesting.Editor.TestRunBuilder:SaveToStorage (object,string) (at ./Library/PackageCache/com.unity.test-framework.performance@530c2523cea5/Editor/TestRunBuilder.cs:242)
Unity.PerformanceTesting.Editor.TestRunBuilder:OnPreprocessBuild (UnityEditor.Build.Reporting.BuildReport) (at ./Library/PackageCache/com.unity.test-framework.performance@530c2523cea5/Editor/TestRunBuilder.cs:38)
UnityEditor.Build.BuildPipelineInterfaces/<>c__DisplayClass17_0:<OnBuildPreProcess>b__1 (UnityEditor.Build.IPreprocessBuildWithReport) (at /home/bokken/build/output/unity/unity/Editor/Mono/BuildPipeline/BuildPipelineInterfaces.cs:1132)
UnityEditor.Build.BuildPipelineInterfaces:InvokeCallbackInterfacesPair<UnityEditor.Build.IPreprocessBuild, UnityEditor.Build.IPreprocessBuildWithReport> (System.Collections.Generic.List`1<UnityEditor.Build.IPreprocessBuild>,System.Action`1<UnityEditor.Build.IPreprocessBuild>,System.Collections.Generic.List`1<UnityEditor.Build.IPreprocessBuildWithReport>,System.Action`1<UnityEditor.Build.IPreprocessBuildWithReport>,bool) (at /home/bokken/build/output/unity/unity/Editor/Mono/BuildPipeline/BuildPipelineInterfaces.cs:1091)
UnityEditor.Build.BuildPipelineInterfaces:OnBuildPreProcess (UnityEditor.Build.Reporting.BuildReport) (at /home/bokken/build/output/unity/unity/Editor/Mono/BuildPipeline/BuildPipelineInterfaces.cs:1123)
UnityEditor.BuildPipeline:BuildPlayerInternal (string[],string,string,UnityEditor.BuildTargetGroup,UnityEditor.BuildTarget,int,UnityEditor.BuildOptions,string[],string[],bool)
UnityEditor.BuildPipeline:BuildPlayer (UnityEditor.BuildPlayerOptions) (at /home/bokken/build/output/unity/unity/Editor/Mono/BuildPipeline/BuildPipeline.bindings.cs:270)
Slopgame.Editor.WindowsBuild:Build () (at Assets/Scripts/Editor/WindowsBuild.cs:49)

(Filename: ./Library/PackageCache/com.unity.test-framework.performance@530c2523cea5/Editor/TestRunBuilder.cs Line: 242)

Starting: /home/mira/Unity/Hub/Editor/6000.6.3f1/Editor/Data/Tools/BuildPipeline/bee_backend --ipc --defer-dag-verification --dagfile="Library/Bee/1900b0aESkipCompile.dag" --continue-on-failure --profile="Library/Bee/backend1.traceevents" ScriptAssembliesAndTypeDB
WorkingDir: /home/mira/code/slopgame
Worker ready: AssetImportWorkerHW0 0
ExitCode: 0 Duration: 0s857ms
[2/3        0s] BuildPlayerDataGenerator Library/BuildPlayerData/Editor/TypeDb-All.json
*** Tundra build success (0.84 seconds), 1 items updated, 3 evaluated
Total cache size 266645660
Total cache size after purge 266645660, took 00:00:00.1154871
Importing 'GUID: a1a377a950fc98f85a9889bbc40a839a - Path: Assets/Resources/PerformanceTestRunInfo.json' with importer (TextScriptImporter)
Imported 'GUID: a1a377a950fc98f85a9889bbc40a839a' -> (Import Result ID: '2dbbafe52bd66e87dd71ad698a84ed6b') in 0.001 seconds [static dependencies only]. Details - ImportResultOutputID=13126a50f31721020a72502c59d8befe DependenciesID=5070963f94c918e490cb03c715f68b1b StaticDependenciesID=c4be29aa415577187fa554c17dd17b11 
Importing 'GUID: b98fcba8e2ffc8b4b908424331c72785 - Path: Assets/Resources/PerformanceTestRunSettings.json' with importer (TextScriptImporter)
Imported 'GUID: b98fcba8e2ffc8b4b908424331c72785' -> (Import Result ID: '598112e222e206ba864c560bba4839e5') in 0.001 seconds [static dependencies only]. Details - ImportResultOutputID=84234b2c58552f4a515d8632743f4284 DependenciesID=3c993ddca9a575e4aae2d6d7bb790ae1 StaticDependenciesID=3350fa74914071e8faa6ebebcb095542 
Asset Pipeline Refresh (id=0093232cd0ada43b186ee5a6fac075ca): Total: 0.091 seconds - Initiated by RefreshV2(NoUpdateAssetOptions)
[ScriptCompilation] Requested script compilation because: Recompiling scripts for player build.
BuildPlayer: start building target 19
Starting: /home/mira/Unity/Hub/Editor/6000.6.3f1/Editor/Data/Tools/BuildPipeline/bee_backend --ipc --defer-dag-verification --dagfile="Library/Bee/1900b0aP.dag" --continue-on-failure --profile="Library/Bee/backend1.traceevents" ScriptAssembliesAndTypeDB
WorkingDir: /home/mira/code/slopgame
warn: Unity.ILPP.Runner.PostProcessingAssemblyLoadContext[0]
      Assembly system.runtime.interopservices.windowsruntime has duplicate hint path. Ignoring "/home/mira/Unity/Hub/Editor/6000.6.3f1/Editor/Data/UnityReferenceAssemblies/unity-4.8-api/Facades/System.Runtime.InteropServices.WindowsRuntime.dll" in favor of "/home/mira/Unity/Hub/Editor/6000.6.3f1/Editor/Data/NetStandard/Extensions/2.0.0/System.Runtime.InteropServices.WindowsRuntime.dll"
warn: Unity.ILPP.Runner.PostProcessingAssemblyLoadContext[0]
      Assembly system.componentmodel.composition has duplicate hint path. Ignoring "/home/mira/Unity/Hub/Editor/6000.6.3f1/Editor/Data/UnityReferenceAssemblies/unity-4.8-api/System.ComponentModel.Composition.dll" in favor of "/home/mira/Unity/Hub/Editor/6000.6.3f1/Editor/Data/NetStandard/compat/2.1.0/shims/netfx/System.ComponentModel.Composition.dll"
ExitCode: 0 Duration: 3s493ms
[563/672    1s] ILPP-Configuration Library/ilpp-configuration.nevergeneratedoutput
[595/672    0s] CopyFiles Library/Bee/PlayerScriptAssemblies/Unity.Services.Core.Internal.dll
[596/672    0s] CopyFiles Library/Bee/PlayerScriptAssemblies/Unity.Burst.dll
[597/672    0s] CopyFiles Library/Bee/PlayerScriptAssemblies/Unity.Services.Core.Components.dll
[598/672    0s] CopyFiles Library/Bee/PlayerScriptAssemblies/Unity.Services.Core.Configuration.dll
[599/672    0s] CopyFiles Library/Bee/PlayerScriptAssemblies/Unity.InputSystem.ForUI.dll
[600/672    0s] CopyFiles Library/Bee/PlayerScriptAssemblies/Unity.Collections.Tests.CoreCLR.PublicJobPrivateGeneric.dll
[602/672    0s] CopyFiles Library/Bee/PlayerScriptAssemblies/Unity.Services.Multiplayer.dll
[603/672    0s] CopyFiles Library/Bee/PlayerScriptAssemblies/Unity.Services.Authentication.dll
[604/672    0s] CopyFiles Library/Bee/PlayerScriptAssemblies/Unity.Services.Core.Device.dll
[605/672    0s] CopyFiles Library/Bee/PlayerScriptAssemblies/Unity.InputSystem.dll
[606/672    0s] CopyFiles Library/Bee/PlayerScriptAssemblies/Unity.Collections.dll
[607/672    0s] CopyFiles Library/Bee/PlayerScriptAssemblies/Unity.Services.Core.dll
[608/672    0s] CopyFiles Library/Bee/PlayerScriptAssemblies/Unity.Services.Core.Registration.dll
[609/672    0s] CopyFiles Library/Bee/PlayerScriptAssemblies/Unity.Mathematics.dll
[610/672    0s] CopyFiles Library/Bee/PlayerScriptAssemblies/Unity.Services.Core.Environments.Internal.dll
[611/672    0s] CopyFiles Library/Bee/PlayerScriptAssemblies/Unity.Services.Core.Environments.dll
[612/672    0s] CopyFiles Library/Bee/PlayerScriptAssemblies/Unity.Collections.Tests.CoreCLR.InternalJobNestedPrivate.dll
[613/672    0s] CopyFiles Library/Bee/PlayerScriptAssemblies/Unity.Networking.Transport.dll
[614/672    0s] CopyFiles Library/Bee/PlayerScriptAssemblies/unity-websocket-sharp.dll
[615/672    0s] CopyFiles Library/Bee/PlayerScriptAssemblies/Unity.Services.Core.Telemetry.dll
[616/672    0s] CopyFiles Library/Bee/PlayerScriptAssemblies/Unity.Services.Wire.Internal.dll
[617/672    0s] CopyFiles Library/Bee/PlayerScriptAssemblies/Unity.Services.QoS.dll
[618/672    0s] CopyFiles Library/Bee/PlayerScriptAssemblies/Unity.Services.Authentication.PlayerAccounts.dll
[620/672    0s] CopyFiles Library/Bee/PlayerScriptAssemblies/Unity.Collections.Tests.CoreCLR.PrivateJobNested.dll
[621/672    0s] CopyFiles Library/Bee/PlayerScriptAssemblies/Unity.Services.Core.Threading.dll
[622/672    0s] CopyFiles Library/Bee/PlayerScriptAssemblies/Unity.InternalAPIEngineBridge.004.dll
[623/672    0s] CopyFiles Library/Bee/PlayerScriptAssemblies/UnityEngine.UI.pdb
[624/672    0s] CopyFiles Library/Bee/PlayerScriptAssemblies/Unity.Networking.Transport.pdb
[626/672    0s] CopyFiles Library/Bee/PlayerScriptAssemblies/Unity.Services.Core.Scheduler.dll
[627/672    0s] CopyFiles Library/Bee/PlayerScriptAssemblies/Unity.Collections.Tests.CoreCLR.ProtectedJobNested.dll
[628/672    0s] CopyFiles Library/Bee/PlayerScriptAssemblies/UnityEngine.UI.dll
[629/672    0s] CopyFiles Library/Bee/PlayerScriptAssemblies/Unity.Services.Core.Networking.dll
[630/672    0s] CopyFiles Library/Bee/PlayerScriptAssemblies/Unity.Networking.Transport.NetcodeInterop.dll
[631/672    0s] CopyFiles Library/Bee/PlayerScriptAssemblies/Unity.Collections.pdb
[632/672    0s] CopyFiles Library/Bee/PlayerScriptAssemblies/Unity.Collections.Tests.CoreCLR.InternalJobNestedPrivate.pdb
[633/672    0s] CopyFiles Library/Bee/PlayerScriptAssemblies/Unity.Mathematics.pdb
[634/672    0s] CopyFiles Library/Bee/PlayerScriptAssemblies/Unity.Services.Authentication.PlayerAccounts.pdb
[635/672    0s] CopyFiles Library/Bee/PlayerScriptAssemblies/Unity.Services.Core.Analytics.dll
[636/672    0s] CopyFiles Library/Bee/PlayerScriptAssemblies/Unity.Services.Core.Environments.pdb
[637/672    0s] CopyFiles Library/Bee/PlayerScriptAssemblies/Unity.TextMeshPro.dll
[638/672    0s] CopyFiles Library/Bee/PlayerScriptAssemblies/Unity.Collections.Tests.CoreCLR.PublicJobPrivateGeneric.pdb
[639/672    0s] CopyFiles Library/Bee/PlayerScriptAssemblies/Unity.Netcode.Runtime.pdb
[640/672    0s] CopyFiles Library/Bee/PlayerScriptAssemblies/unity-websocket-sharp.pdb
[641/672    0s] CopyFiles Library/Bee/PlayerScriptAssemblies/Unity.Services.Multiplayer.pdb
[642/672    0s] CopyFiles Library/Bee/PlayerScriptAssemblies/Unity.Collections.Tests.CoreCLR.PrivateJobNested.pdb
[643/672    0s] CopyFiles Library/Bee/PlayerScriptAssemblies/Unity.Services.Core.Networking.pdb
[644/672    0s] CopyFiles Library/Bee/PlayerScriptAssemblies/Unity.Netcode.Runtime.dll
[645/672    0s] CopyFiles Library/Bee/PlayerScriptAssemblies/Unity.Services.Core.Threading.pdb
[646/672    0s] CopyFiles Library/Bee/PlayerScriptAssemblies/Unity.Networking.Transport.NetcodeInterop.pdb
[647/672    0s] CopyFiles Library/Bee/PlayerScriptAssemblies/Unity.Services.Core.Registration.pdb
[648/672    0s] CopyFiles Library/Bee/PlayerScriptAssemblies/Unity.Services.Core.Internal.pdb
[649/672    0s] CopyFiles Library/Bee/PlayerScriptAssemblies/Unity.Services.Authentication.pdb
[650/672    0s] CopyFiles Library/Bee/PlayerScriptAssemblies/Unity.Services.Core.Device.pdb
[651/672    0s] CopyFiles Library/Bee/PlayerScriptAssemblies/Unity.TextMeshPro.pdb
[652/672    0s] CopyFiles Library/Bee/PlayerScriptAssemblies/Unity.Services.Core.Scheduler.pdb
[653/672    0s] CopyFiles Library/Bee/PlayerScriptAssemblies/Unity.InternalAPIEngineBridge.004.pdb
[654/672    0s] CopyFiles Library/Bee/PlayerScriptAssemblies/Unity.Services.QoS.pdb
[655/672    0s] CopyFiles Library/Bee/PlayerScriptAssemblies/Unity.Services.Core.Environments.Internal.pdb
[656/672    0s] CopyFiles Library/Bee/PlayerScriptAssemblies/Unity.Services.Core.Telemetry.pdb
[657/672    0s] CopyFiles Library/Bee/PlayerScriptAssemblies/Unity.Services.Core.Analytics.pdb
[658/672    0s] CopyFiles Library/Bee/PlayerScriptAssemblies/Unity.Services.Core.pdb
[659/672    0s] CopyFiles Library/Bee/PlayerScriptAssemblies/Unity.Burst.pdb
[660/672    0s] CopyFiles Library/Bee/PlayerScriptAssemblies/Unity.Services.Wire.Internal.pdb
[661/672    0s] CopyFiles Library/Bee/PlayerScriptAssemblies/Unity.Services.Core.Configuration.pdb
[662/672    0s] CopyFiles Library/Bee/PlayerScriptAssemblies/Unity.InputSystem.ForUI.pdb
[663/672    0s] CopyFiles Library/Bee/PlayerScriptAssemblies/Unity.Services.Core.Components.pdb
[664/672    0s] CopyFiles Library/Bee/PlayerScriptAssemblies/Unity.Collections.Tests.CoreCLR.ProtectedJobNested.pdb
[665/672    0s] CopyFiles Library/Bee/PlayerScriptAssemblies/Unity.InputSystem.pdb
[666/672    1s] Csc Library/Bee/artifacts/1900b0aP.dag/Assembly-CSharp.dll (+2 others)
Assets/Scripts/NeonLancer.cs(13,21): warning CS0108: 'NeonLancer.IsWindingUp' hides inherited member 'EnemyVariant.IsWindingUp'. Use the new keyword if hiding was intended.
[667/672    1s] ILPostProcess Library/Bee/artifacts/1900b0aP.dag/post-processed/Assembly-CSharp.dll (+pdb)
Processing assembly Library/Bee/artifacts/1900b0aP.dag/Assembly-CSharp.dll, with 135 defines and 244 references
processors: Unity.Jobs.CodeGen.JobsILPostProcessor, Unity.Netcode.Editor.CodeGen.INetworkMessageILPP, Unity.Netcode.Editor.CodeGen.INetworkSerializableILPP, Unity.Netcode.Editor.CodeGen.NetworkBehaviourILPP, Unity.Netcode.Editor.CodeGen.RuntimeAccessModifiersILPP, zzzUnity.Burst.CodeGen.BurstILPostProcessor
1 processor(s) skipped this assembly
running Unity.Jobs.CodeGen.JobsILPostProcessor
running Unity.Netcode.Editor.CodeGen.INetworkMessageILPP
running Unity.Netcode.Editor.CodeGen.INetworkSerializableILPP
running Unity.Netcode.Editor.CodeGen.NetworkBehaviourILPP
running Unity.Netcode.Editor.CodeGen.RuntimeAccessModifiersILPP
[668/672    0s] CopyFiles Library/Bee/PlayerScriptAssemblies/Assembly-CSharp.pdb
[669/672    0s] CopyFiles Library/Bee/PlayerScriptAssemblies/Assembly-CSharp.dll
[671/672    0s] BuildPlayerDataGenerator Library/BuildPlayerData/Player/RuntimeInitializeOnLoads.json (+1 other)
*** Tundra build success (3.48 seconds), 74 items updated, 672 evaluated
Assets/Scripts/NeonLancer.cs(13,21): warning CS0108: 'NeonLancer.IsWindingUp' hides inherited member 'EnemyVariant.IsWindingUp'. Use the new keyword if hiding was intended.
Total cache size 266645660
Total cache size after purge 266645660, took 00:00:00.0729154
Rebuilding Data files because Assets/Resources/PerformanceTestRunSettings.json is dirty (hash)


Mono dependencies included in the build
Dependency assembly - Microsoft.VisualC.dll
Dependency assembly - System.Workflow.Activities.dll
Dependency assembly - System.Messaging.dll
Dependency assembly - System.Linq.Queryable.dll
Dependency assembly - System.Numerics.dll
Dependency assembly - System.Web.RegularExpressions.dll
Dependency assembly - System.Windows.Forms.dll
Dependency assembly - System.Security.Cryptography.OpenSsl.dll
Dependency assembly - System.Web.dll
Dependency assembly - Unity.Networking.Transport.NetcodeInterop.dll
Dependency assembly - System.Configuration.dll
Dependency assembly - System.ServiceModel.dll
Dependency assembly - Microsoft.Win32.Primitives.dll
Dependency assembly - Unity.Services.Wire.Internal.dll
Dependency assembly - Unity.InternalAPIEngineBridge.004.dll
Dependency assembly - WindowsBase.dll
Dependency assembly - System.Net.NetworkInformation.dll
Dependency assembly - System.Threading.AccessControl.dll
Dependency assembly - System.Threading.Tasks.Parallel.dll
Dependency assembly - System.Reflection.Emit.ILGeneration.dll
Dependency assembly - System.ComponentModel.Primitives.dll
Dependency assembly - System.IO.MemoryMappedFiles.dll
Dependency assembly - System.IdentityModel.Selectors.dll
Dependency assembly - System.Xml.Serialization.dll
Dependency assembly - System.Security.Cryptography.Hashing.dll
Dependency assembly - System.Resources.ResourceManager.dll
Dependency assembly - Mono.Posix.dll
Dependency assembly - System.Deployment.dll
Dependency assembly - System.AppContext.dll
Dependency assembly - System.Web.Mobile.dll
Dependency assembly - System.Net.Sockets.dll
Dependency assembly - I18N.dll
Dependency assembly - System.Linq.Expressions.dll
Dependency assembly - SMDiagnostics.dll
Dependency assembly - Unity.Collections.Tests.CoreCLR.ProtectedJobNested.dll
Dependency assembly - Mono.Btls.Interface.dll
Dependency assembly - Unity.Collections.Tests.CoreCLR.InternalJobNestedPrivate.dll
Dependency assembly - System.Runtime.InteropServices.RuntimeInformation.dll
Dependency assembly - System.Runtime.Loader.dll
Dependency assembly - System.Diagnostics.Debug.dll
Dependency assembly - System.Windows.Forms.DataVisualization.dll
Dependency assembly - System.Reactive.Providers.dll
Dependency assembly - Mono.Messaging.RabbitMQ.dll
Dependency assembly - System.Net.HttpListener.dll
Dependency assembly - Assembly-CSharp.dll
Dependency assembly - Microsoft.Build.dll
Dependency assembly - System.Net.Http.Formatting.dll
Dependency assembly - Microsoft.Build.Tasks.v4.0.dll
Dependency assembly - System.Security.Claims.dll
Dependency assembly - Mono.Profiler.Log.dll
Dependency assembly - I18N.West.dll
Dependency assembly - Unity.Collections.Tests.CoreCLR.PublicJobPrivateGeneric.dll
Dependency assembly - System.Security.Cryptography.Encoding.dll
Dependency assembly - System.ComponentModel.EventBasedAsync.dll
Dependency assembly - System.Json.dll
Dependency assembly - Unity.Services.Core.Configuration.dll
Dependency assembly - System.Workflow.ComponentModel.dll
Dependency assembly - System.Threading.Tasks.Dataflow.dll
Dependency assembly - System.ComponentModel.Composition.dll
Dependency assembly - System.Security.Cryptography.X509Certificates.dll
Dependency assembly - System.ServiceModel.Duplex.dll
Dependency assembly - Mono.Data.Tds.dll
Dependency assembly - System.IO.FileSystem.dll
Dependency assembly - System.Diagnostics.Tracing.dll
Dependency assembly - System.Runtime.Serialization.dll
Dependency assembly - System.Net.WebSockets.dll
Dependency assembly - System.Net.WebSockets.Client.dll
Dependency assembly - System.Security.dll
Dependency assembly - System.Net.Mail.dll
Dependency assembly - Unity.Collections.Tests.CoreCLR.PrivateJobNested.dll
Dependency assembly - RabbitMQ.Client.dll
Dependency assembly - System.ObjectModel.dll
Dependency assembly - System.Threading.Tasks.dll
Dependency assembly - IBM.Data.DB2.dll
Dependency assembly - System.IdentityModel.dll
Dependency assembly - System.Runtime.Remoting.dll
Dependency assembly - Commons.Xml.Relaxng.dll
Dependency assembly - mscorlib.dll
Dependency assembly - System.Runtime.Serialization.Formatters.Soap.dll
Dependency assembly - System.Text.Encoding.Extensions.dll
Dependency assembly - System.IO.UnmanagedMemoryStream.dll
Dependency assembly - System.Xaml.dll
Dependency assembly - System.Collections.Specialized.dll
Dependency assembly - Microsoft.Build.Framework.dll
Dependency assembly - Unity.Services.Core.Environments.dll
Dependency assembly - System.Xml.XmlSerializer.dll
Dependency assembly - Unity.Services.Core.Registration.dll
Dependency assembly - System.Web.Http.WebHost.dll
Dependency assembly - System.Net.AuthenticationManager.dll
Dependency assembly - Mono.Data.Sqlite.dll
Dependency assembly - System.Text.Encodings.Web.dll
Dependency assembly - System.Xml.XDocument.dll
Dependency assembly - System.Linq.dll
Dependency assembly - System.Configuration.Install.dll
Dependency assembly - Microsoft.Win32.Registry.dll
Dependency assembly - System.Memory.dll
Dependency assembly - Mono.Security.dll
Dependency assembly - System.Xml.XmlDocument.dll
Dependency assembly - Unity.Services.Core.Device.dll
Dependency assembly - Mono.CSharp.dll
Dependency assembly - Microsoft.Extensions.Logging.Abstractions.dll
Dependency assembly - System.Diagnostics.DiagnosticSource.dll
Dependency assembly - System.Reactive.Windows.Forms.dll
Dependency assembly - CustomMarshalers.dll
Dependency assembly - System.Reflection.Emit.Lightweight.dll
Dependency assembly - System.Diagnostics.TraceSource.dll
Dependency assembly - System.Security.Cryptography.Pkcs.dll
Dependency assembly - Mono.Security.Win32.dll
Dependency assembly - System.Reflection.Extensions.dll
Dependency assembly - Microsoft.Extensions.DependencyInjection.Abstractions.dll
Dependency assembly - System.IO.dll
Dependency assembly - Unity.Services.Core.Internal.dll
Dependency assembly - System.IO.Hashing.dll
Dependency assembly - System.Diagnostics.FileVersionInfo.dll
Dependency assembly - System.ServiceProcess.ServiceController.dll
Dependency assembly - Microsoft.Build.Engine.dll
Dependency assembly - System.Resources.Writer.dll
Dependency assembly - System.ServiceModel.Http.dll
Dependency assembly - System.Security.Cryptography.Csp.dll
Dependency assembly - System.Threading.ThreadPool.dll
Dependency assembly - System.Drawing.Design.dll
Dependency assembly - System.Text.Encoding.CodePages.dll
Dependency assembly - System.EnterpriseServices.dll
Dependency assembly - System.Reflection.TypeExtensions.dll
Dependency assembly - System.ServiceModel.Activation.dll
Dependency assembly - System.Reactive.Linq.dll
Dependency assembly - System.IO.FileSystem.Watcher.dll
Dependency assembly - System.Security.Principal.Windows.dll
Dependency assembly - System.Net.Http.WebRequest.dll
Dependency assembly - System.Data.Linq.dll
Dependency assembly - System.Web.Http.dll
Dependency assembly - System.Web.Services.dll
Dependency assembly - System.Reactive.Observable.Aliases.dll
Dependency assembly - System.Data.Common.dll
Dependency assembly - System.Collections.Concurrent.dll
Dependency assembly - System.Security.Cryptography.Primitives.dll
Dependency assembly - System.Net.NameResolution.dll
Dependency assembly - System.Runtime.Serialization.Json.dll
Dependency assembly - Microsoft.Bcl.AsyncInterfaces.dll
Dependency assembly - System.ServiceModel.NetTcp.dll
Dependency assembly - Mono.WebBrowser.dll
Dependency assembly - Mono.Tasklets.dll
Dependency assembly - Unity.Networking.Transport.dll
Dependency assembly - System.ServiceModel.Security.dll
Dependency assembly - Mono.Options.dll
Dependency assembly - System.Reactive.PlatformServices.dll
Dependency assembly - System.Resources.ReaderWriter.dll
Dependency assembly - System.Security.Cryptography.DeriveBytes.dll
Dependency assembly - I18N.CJK.dll
Dependency assembly - Microsoft.Win32.Registry.AccessControl.dll
Dependency assembly - Unity.Services.Multiplayer.dll
Dependency assembly - System.ServiceModel.Routing.dll
Dependency assembly - System.Reactive.Core.dll
Dependency assembly - System.Threading.Timer.dll
Dependency assembly - System.Security.Cryptography.Algorithms.dll
Dependency assembly - System.Core.dll
Dependency assembly - System.Data.OracleClient.dll
Dependency assembly - System.Security.Cryptography.Encryption.Aes.dll
Dependency assembly - Mono.CompilerServices.SymbolWriter.dll
Dependency assembly - Microsoft.Web.Infrastructure.dll
Dependency assembly - System.Data.DataSetExtensions.dll
Dependency assembly - System.Xml.dll
Dependency assembly - System.Linq.Parallel.dll
Dependency assembly - System.Security.Cryptography.ProtectedData.dll
Dependency assembly - System.Json.Microsoft.dll
Dependency assembly - Mono.XBuild.Tasks.dll
Dependency assembly - System.Runtime.Handles.dll
Dependency assembly - System.ComponentModel.TypeConverter.dll
Dependency assembly - System.Runtime.dll
Dependency assembly - System.Drawing.dll
Dependency assembly - System.IO.Compression.ZipFile.dll
Dependency assembly - System.Net.dll
Dependency assembly - System.Threading.dll
Dependency assembly - Unity.Services.QoS.dll
Dependency assembly - System.IO.Pipes.dll
Dependency assembly - websocket-sharp.dll
Dependency assembly - UnityEngine.UI.dll
Dependency assembly - Mono.Messaging.dll
Dependency assembly - Unity.Netcode.Runtime.dll
Dependency assembly - System.IO.FileSystem.DriveInfo.dll
Dependency assembly - Unity.Services.Authentication.PlayerAccounts.dll
Dependency assembly - Unity.Services.Core.Analytics.dll
Dependency assembly - Microsoft.Build.Utilities.v4.0.dll
Dependency assembly - monodoc.dll
Dependency assembly - Microsoft.CSharp.dll
Dependency assembly - System.Numerics.Vectors.dll
Dependency assembly - Mono.Cairo.dll
Dependency assembly - System.Runtime.InteropServices.WindowsRuntime.dll
Dependency assembly - cscompmgd.dll
Dependency assembly - System.Security.Cryptography.RSA.dll
Dependency assembly - System.ServiceModel.Web.dll
Dependency assembly - I18N.Other.dll
Dependency assembly - Unity.Collections.dll
Dependency assembly - System.Reactive.Experimental.dll
Dependency assembly - System.Diagnostics.TextWriterTraceListener.dll
Dependency assembly - System.DirectoryServices.dll
Dependency assembly - Mono.Management.dll
Dependency assembly - Unity.Services.Authentication.dll
Dependency assembly - System.ComponentModel.dll
Dependency assembly - System.Globalization.Extensions.dll
Dependency assembly - System.ServiceProcess.dll
Dependency assembly - SystemWebTestShim.dll
Dependency assembly - System.Xml.Linq.dll
Dependency assembly - System.Dynamic.Runtime.dll
Dependency assembly - System.IO.IsolatedStorage.dll
Dependency assembly - System.Net.Ping.dll
Dependency assembly - System.Reflection.Context.dll
Dependency assembly - System.Web.DynamicData.dll
Dependency assembly - System.Web.Mvc.dll
Dependency assembly - System.Net.Http.dll
Dependency assembly - System.Reactive.Windows.Threading.dll
Dependency assembly - System.Globalization.dll
Dependency assembly - System.Workflow.Runtime.dll
Dependency assembly - System.Runtime.Numerics.dll
Dependency assembly - Unity.TextMeshPro.dll
Dependency assembly - System.Runtime.DurableInstancing.dll
Dependency assembly - System.Security.Cryptography.RandomNumberGenerator.dll
Dependency assembly - System.Runtime.Caching.dll
Dependency assembly - Unity.Services.Core.Networking.dll
Dependency assembly - Mono.Http.dll
Dependency assembly - System.Design.dll
Dependency assembly - System.Diagnostics.Contracts.dll
Dependency assembly - System.Text.RegularExpressions.dll
Dependency assembly - System.Collections.Immutable.dll
Dependency assembly - System.Reactive.Interfaces.dll
Dependency assembly - System.Runtime.InteropServices.dll
Dependency assembly - System.DirectoryServices.Protocols.dll
Dependency assembly - System.Reactive.Debugger.dll
Dependency assembly - System.Runtime.Serialization.Formatters.dll
Dependency assembly - ICSharpCode.SharpZipLib.dll
Dependency assembly - Mono.C5.dll
Dependency assembly - Unity.Services.Core.dll
Dependency assembly - System.Collections.dll
Dependency assembly - System.Security.Cryptography.Encryption.ECDiffieHellman.dll
Dependency assembly - System.Diagnostics.Tools.dll
Dependency assembly - netstandard.dll
Dependency assembly - System.dll
Dependency assembly - System.Collections.NonGeneric.dll
Dependency assembly - System.Security.Cryptography.Encryption.dll
Dependency assembly - System.Web.Extensions.dll
Dependency assembly - System.Diagnostics.Process.dll
Dependency assembly - Novell.Directory.Ldap.dll
Dependency assembly - System.Net.Http.Rtc.dll
Dependency assembly - System.Reflection.dll
Dependency assembly - I18N.Rare.dll
Dependency assembly - System.Net.ServicePoint.dll
Dependency assembly - Unity.Burst.dll
Dependency assembly - System.ServiceModel.Internals.dll
Dependency assembly - Unity.Services.Core.Scheduler.dll
Dependency assembly - System.Globalization.Calendars.dll
Dependency assembly - System.Reactive.Runtime.Remoting.dll
Dependency assembly - System.Data.SqlClient.dll
Dependency assembly - System.Runtime.Extensions.dll
Dependency assembly - System.IO.FileSystem.Primitives.dll
Dependency assembly - System.Web.Extensions.Design.dll
Dependency assembly - System.Windows.dll
Dependency assembly - System.Security.Cryptography.Cng.dll
Dependency assembly - System.Diagnostics.TraceEvent.dll
Dependency assembly - System.Net.Requests.dll
Dependency assembly - System.Web.WebPages.dll
Dependency assembly - System.Security.AccessControl.dll
Dependency assembly - Unity.Services.Core.Threading.dll
Dependency assembly - System.Security.Cryptography.Encryption.ECDsa.dll
Dependency assembly - Unity.InputSystem.ForUI.dll
Dependency assembly - System.Diagnostics.StackTrace.dll
Dependency assembly - System.Web.Http.SelfHost.dll
Dependency assembly - System.Xml.ReaderWriter.dll
Dependency assembly - System.Resources.Reader.dll
Dependency assembly - System.Text.Encoding.dll
Dependency assembly - System.IO.Compression.FileSystem.dll
Dependency assembly - Unity.Services.Core.Components.dll
Dependency assembly - System.Runtime.Serialization.Xml.dll
Dependency assembly - PEAPI.dll
Dependency assembly - System.Net.Primitives.dll
Dependency assembly - System.Data.Entity.dll
Dependency assembly - System.Runtime.CompilerServices.Unsafe.dll
Dependency assembly - System.Web.WebPages.Razor.dll
Dependency assembly - System.Reflection.Primitives.dll
Dependency assembly - System.Net.WebHeaderCollection.dll
Dependency assembly - System.Reflection.Metadata.dll
Dependency assembly - System.Web.Abstractions.dll
Dependency assembly - System.Net.Utilities.dll
Dependency assembly - System.Runtime.CompilerServices.VisualC.dll
Dependency assembly - System.ValueTuple.dll
Dependency assembly - System.Security.Cryptography.Hashing.Algorithms.dll
Dependency assembly - System.Data.dll
Dependency assembly - System.Web.ApplicationServices.dll
Dependency assembly - Unity.Services.Core.Environments.Internal.dll
Dependency assembly - System.IO.FileSystem.AccessControl.dll
Dependency assembly - System.Drawing.Primitives.dll
Dependency assembly - I18N.MidEast.dll
Dependency assembly - Unity.Mathematics.dll
Dependency assembly - System.Xml.XPath.dll
Dependency assembly - System.Management.dll
Dependency assembly - System.ServiceModel.Primitives.dll
Dependency assembly - Accessibility.dll
Dependency assembly - System.Buffers.dll
Dependency assembly - System.Net.Cache.dll
Dependency assembly - System.Reflection.Emit.dll
Dependency assembly - System.Data.Services.dll
Dependency assembly - Unity.Services.Core.Telemetry.dll
Dependency assembly - System.Threading.Overlapped.dll
Dependency assembly - System.ServiceModel.Discovery.dll
Dependency assembly - Newtonsoft.Json.dll
Dependency assembly - System.Text.Json.dll
Dependency assembly - System.Web.Razor.dll
Dependency assembly - System.Security.Principal.dll
Dependency assembly - System.ComponentModel.Annotations.dll
Dependency assembly - Mono.Simd.dll
Dependency assembly - System.Console.dll
Dependency assembly - System.IO.Compression.dll
Dependency assembly - System.Xml.XPath.XDocument.dll
Dependency assembly - System.ComponentModel.DataAnnotations.dll
Dependency assembly - System.Xml.XPath.XmlDocument.dll
Dependency assembly - System.Data.Services.Client.dll
Dependency assembly - System.Security.SecureString.dll
Dependency assembly - WebMatrix.Data.dll
Dependency assembly - System.Reflection.DispatchProxy.dll
Dependency assembly - System.Xml.Xsl.Primitives.dll
Dependency assembly - unity-websocket-sharp.dll
Dependency assembly - System.Runtime.Serialization.Primitives.dll
Dependency assembly - System.Threading.Tasks.Extensions.dll
Dependency assembly - System.Threading.Thread.dll
Dependency assembly - System.Web.WebPages.Deployment.dll
Dependency assembly - System.Net.Security.dll
Dependency assembly - System.Web.Routing.dll
Dependency assembly - Unity.InputSystem.dll
Dependency assembly - Mono.Parallel.dll
Dependency assembly - System.Dynamic.dll
Dependency assembly - System.Transactions.dll
Dependency assembly - Unity.Collections.LowLevel.ILSupport.dll

Opening scene 'Assets/Scenes/Dungeon.unity'
Unloading 2 Unused Serialized files (Serialized files now loaded: 0)
Loaded scene 'Assets/Scenes/Dungeon.unity'
	Deserialize:            1.320 ms
	Integration:            4.493 ms
	Integration of assets:  0.002 ms
	Thread Wait Time:       0.003 ms
	Total Operation Time:   5.818 ms
Unloading 44 unused Assets / (0.5 MB). Loaded Objects now: 4706.
Memory consumption went from 167.6 MB to 167.1 MB.
Total: 6.964395 ms (FindLiveObjects: 0.176720 ms CreateObjectMapping: 0.085730 ms MarkObjects: 6.285715 ms  DeleteObjects: 0.272390 ms)

Unloading 16 Unused Serialized files (Serialized files now loaded: 0)
Unloading 33 unused Assets / (0.6 MB). Loaded Objects now: 4710.
Memory consumption went from 164.9 MB to 164.3 MB.
Total: 6.288195 ms (FindLiveObjects: 0.152080 ms CreateObjectMapping: 0.032150 ms MarkObjects: 5.747464 ms  DeleteObjects: 0.213531 ms)

Unloading 0 Unused Serialized files (Serialized files now loaded: 0)
Unloading 0 unused Assets / (Unknown). Loaded Objects now: 4710.
Memory consumption went from 164.3 MB to 164.3 MB.
Total: 11.825208 ms (FindLiveObjects: 0.165520 ms CreateObjectMapping: 0.037640 ms MarkObjects: 11.421728 ms  DeleteObjects: 0.005820 ms)

Unloading 1 Unused Serialized files (Serialized files now loaded: 0)
Unloading 178 unused Assets / (144.3 MB). Loaded Objects now: 4710.
Memory consumption went from 309.7 MB to 165.3 MB.
Total: 16.461851 ms (FindLiveObjects: 0.178680 ms CreateObjectMapping: 0.034910 ms MarkObjects: 6.361684 ms  DeleteObjects: 9.744427 ms)

Compiling shader "Skybox/Procedural"
  Pass "" (vp)
    Target graphics API: dx11
    Full variant space:         3
    After settings filtering:   3
    After built-in stripping:   3
    After scriptable stripping: 3
    Processed in 0.01 seconds
  Pass "" (fp)
    Target graphics API: dx11
    Full variant space:         3
    After settings filtering:   3
    After built-in stripping:   3
    After scriptable stripping: 3
    Processed in 0.00 seconds
  Pass  (vp, dx11) finished in 0.00 seconds. Local cache hits 3 (0.00s CPU time), remote cache hits 0 (0.00s CPU time), compiled 0 variants (0.00s CPU time), skipped 0 variants.
    Prepared data for serialisation in 0.00s
  Pass  (fp, dx11) finished in 0.00 seconds. Local cache hits 3 (0.00s CPU time), remote cache hits 0 (0.00s CPU time), compiled 0 variants (0.00s CPU time), skipped 0 variants.
    Prepared data for serialisation in 0.00s
Serialized binary data for shader Skybox/Procedural in 0.00s
    dx11 (total internal programs: 6, unique: 6)
Compiling shader "Legacy Shaders/VertexLit"
  Pass "" (vp)
    Target graphics API: dx11
    Full variant space:         12
    After settings filtering:   12
    After built-in stripping:   3
    After scriptable stripping: 3
    Processed in 0.00 seconds
  Pass "" (fp)
    Target graphics API: dx11
    Full variant space:         12
    After settings filtering:   12
    After built-in stripping:   3
    After scriptable stripping: 3
    Processed in 0.00 seconds
  Pass "" (vp)
    Target graphics API: dx11
    Full variant space:         4
    After settings filtering:   4
    After built-in stripping:   1
    After scriptable stripping: 1
    Processed in 0.00 seconds
  Pass "" (fp)
    Target graphics API: dx11
    Full variant space:         4
    After settings filtering:   4
    After built-in stripping:   1
    After scriptable stripping: 1
    Processed in 0.00 seconds
  Pass "ShadowCaster" (vp)
    Target graphics API: dx11
    Full variant space:         4
    After settings filtering:   4
    After built-in stripping:   2
    After scriptable stripping: 2
    Processed in 0.00 seconds
  Pass "ShadowCaster" (fp)
    Target graphics API: dx11
    Full variant space:         4
    After settings filtering:   4
    After built-in stripping:   2
    After scriptable stripping: 2
    Processed in 0.00 seconds
  Pass  (vp, dx11) finished in 0.00 seconds. Local cache hits 3 (0.00s CPU time), remote cache hits 0 (0.00s CPU time), compiled 0 variants (0.00s CPU time), skipped 0 variants.
    Prepared data for serialisation in 0.00s
  Pass  (fp, dx11) finished in 0.00 seconds. Local cache hits 3 (0.00s CPU time), remote cache hits 0 (0.00s CPU time), compiled 0 variants (0.00s CPU time), skipped 0 variants.
    Prepared data for serialisation in 0.00s
  Pass  (vp, dx11) finished in 0.00 seconds. Local cache hits 1 (0.00s CPU time), remote cache hits 0 (0.00s CPU time), compiled 0 variants (0.00s CPU time), skipped 0 variants.
    Prepared data for serialisation in 0.00s
  Pass  (fp, dx11) finished in 0.00 seconds. Local cache hits 1 (0.00s CPU time), remote cache hits 0 (0.00s CPU time), compiled 0 variants (0.00s CPU time), skipped 0 variants.
    Prepared data for serialisation in 0.00s
  Pass ShadowCaster (vp, dx11) finished in 0.00 seconds. Local cache hits 2 (0.00s CPU time), remote cache hits 0 (0.00s CPU time), compiled 0 variants (0.00s CPU time), skipped 0 variants.
    Prepared data for serialisation in 0.00s
  Pass ShadowCaster (fp, dx11) finished in 0.00 seconds. Local cache hits 2 (0.00s CPU time), remote cache hits 0 (0.00s CPU time), compiled 0 variants (0.00s CPU time), skipped 0 variants.
    Prepared data for serialisation in 0.00s
Serialized binary data for shader Legacy Shaders/VertexLit in 0.00s
    dx11 (total internal programs: 12, unique: 12)
Compiling shader "Legacy Shaders/Diffuse"
  Pass "FORWARD" (vp)
    Target graphics API: dx11
    Full variant space:         664
    After settings filtering:   664
    After built-in stripping:   8
    After scriptable stripping: 8
    Processed in 0.00 seconds
  Pass "FORWARD" (fp)
    Target graphics API: dx11
    Full variant space:         504
    After settings filtering:   504
    After built-in stripping:   4
    After scriptable stripping: 4
    Processed in 0.00 seconds
  Pass "FORWARD" (vp)
    Target graphics API: dx11
    Full variant space:         20
    After settings filtering:   20
    After built-in stripping:   5
    After scriptable stripping: 5
    Processed in 0.00 seconds
  Pass "FORWARD" (fp)
    Target graphics API: dx11
    Full variant space:         20
    After settings filtering:   20
    After built-in stripping:   5
    After scriptable stripping: 5
    Processed in 0.00 seconds
  Pass "DEFERRED" (vp)
    Target graphics API: dx11
    Full variant space:         76
    After settings filtering:   76
    After built-in stripping:   4
    After scriptable stripping: 4
    Processed in 0.00 seconds
  Pass "DEFERRED" (fp)
    Target graphics API: dx11
    Full variant space:         76
    After settings filtering:   76
    After built-in stripping:   4
    After scriptable stripping: 4
    Processed in 0.00 seconds
  Pass FORWARD (vp, dx11) finished in 0.00 seconds. Local cache hits 8 (0.00s CPU time), remote cache hits 0 (0.00s CPU time), compiled 0 variants (0.00s CPU time), skipped 0 variants.
    Prepared data for serialisation in 0.00s
  Pass FORWARD (fp, dx11) finished in 0.00 seconds. Local cache hits 4 (0.00s CPU time), remote cache hits 0 (0.00s CPU time), compiled 0 variants (0.00s CPU time), skipped 0 variants.
    Prepared data for serialisation in 0.00s
  Pass FORWARD (vp, dx11) finished in 0.00 seconds. Local cache hits 5 (0.00s CPU time), remote cache hits 0 (0.00s CPU time), compiled 0 variants (0.00s CPU time), skipped 0 variants.
    Prepared data for serialisation in 0.00s
  Pass FORWARD (fp, dx11) finished in 0.00 seconds. Local cache hits 5 (0.00s CPU time), remote cache hits 0 (0.00s CPU time), compiled 0 variants (0.00s CPU time), skipped 0 variants.
    Prepared data for serialisation in 0.00s
  Pass DEFERRED (vp, dx11) finished in 0.00 seconds. Local cache hits 4 (0.00s CPU time), remote cache hits 0 (0.00s CPU time), compiled 0 variants (0.00s CPU time), skipped 0 variants.
    Prepared data for serialisation in 0.00s
  Pass DEFERRED (fp, dx11) finished in 0.00 seconds. Local cache hits 4 (0.00s CPU time), remote cache hits 0 (0.00s CPU time), compiled 0 variants (0.00s CPU time), skipped 0 variants.
    Prepared data for serialisation in 0.00s
Serialized binary data for shader Legacy Shaders/Diffuse in 0.00s
    dx11 (total internal programs: 30, unique: 30)
Compiling shader "Hidden/Internal-StencilWrite"
  Pass "" (vp)
    Target graphics API: dx11
    Full variant space:         1
    After settings filtering:   1
    After built-in stripping:   1
    After scriptable stripping: 1
    Processed in 0.00 seconds
  Pass "" (fp)
    Target graphics API: dx11
    Full variant space:         1
    After settings filtering:   1
    After built-in stripping:   1
    After scriptable stripping: 1
    Processed in 0.00 seconds
  Pass  (vp, dx11) finished in 0.00 seconds. Local cache hits 1 (0.00s CPU time), remote cache hits 0 (0.00s CPU time), compiled 0 variants (0.00s CPU time), skipped 0 variants.
    Prepared data for serialisation in 0.00s
  Pass  (fp, dx11) finished in 0.00 seconds. Local cache hits 1 (0.00s CPU time), remote cache hits 0 (0.00s CPU time), compiled 0 variants (0.00s CPU time), skipped 0 variants.
    Prepared data for serialisation in 0.00s
Serialized binary data for shader Hidden/Internal-StencilWrite in 0.00s
    dx11 (total internal programs: 2, unique: 2)
Compiling shader "Hidden/Internal-DepthNormalsTexture"
  Pass "" (vp)
    Target graphics API: dx11
    Full variant space:         1
    After settings filtering:   1
    After built-in stripping:   1
    After scriptable stripping: 1
    Processed in 0.00 seconds
  Pass "" (fp)
    Target graphics API: dx11
    Full variant space:         1
    After settings filtering:   1
    After built-in stripping:   1
    After scriptable stripping: 1
    Processed in 0.00 seconds
  Pass "" (vp)
    Target graphics API: dx11
    Full variant space:         1
    After settings filtering:   1
    After built-in stripping:   1
    After scriptable stripping: 1
    Processed in 0.00 seconds
  Pass "" (fp)
    Target graphics API: dx11
    Full variant space:         1
    After settings filtering:   1
    After built-in stripping:   1
    After scriptable stripping: 1
    Processed in 0.00 seconds
  Pass "" (vp)
    Target graphics API: dx11
    Full variant space:         1
    After settings filtering:   1
    After built-in stripping:   1
    After scriptable stripping: 1
    Processed in 0.00 seconds
  Pass "" (fp)
    Target graphics API: dx11
    Full variant space:         1
    After settings filtering:   1
    After built-in stripping:   1
    After scriptable stripping: 1
    Processed in 0.00 seconds
  Pass "" (vp)
    Target graphics API: dx11
    Full variant space:         1
    After settings filtering:   1
    After built-in stripping:   1
    After scriptable stripping: 1
    Processed in 0.00 seconds
  Pass "" (fp)
    Target graphics API: dx11
    Full variant space:         1
    After settings filtering:   1
    After built-in stripping:   1
    After scriptable stripping: 1
    Processed in 0.00 seconds
  Pass "" (vp)
    Target graphics API: dx11
    Full variant space:         1
    After settings filtering:   1
    After built-in stripping:   1
    After scriptable stripping: 1
    Processed in 0.00 seconds
  Pass "" (fp)
    Target graphics API: dx11
    Full variant space:         1
    After settings filtering:   1
    After built-in stripping:   1
    After scriptable stripping: 1
    Processed in 0.00 seconds
  Pass "" (vp)
    Target graphics API: dx11
    Full variant space:         1
    After settings filtering:   1
    After built-in stripping:   1
    After scriptable stripping: 1
    Processed in 0.00 seconds
  Pass "" (fp)
    Target graphics API: dx11
    Full variant space:         1
    After settings filtering:   1
    After built-in stripping:   1
    After scriptable stripping: 1
    Processed in 0.00 seconds
  Pass "" (vp)
    Target graphics API: dx11
    Full variant space:         1
    After settings filtering:   1
    After built-in stripping:   1
    After scriptable stripping: 1
    Processed in 0.00 seconds
  Pass "" (fp)
    Target graphics API: dx11
    Full variant space:         1
    After settings filtering:   1
    After built-in stripping:   1
    After scriptable stripping: 1
    Processed in 0.00 seconds
  Pass "" (vp)
    Target graphics API: dx11
    Full variant space:         1
    After settings filtering:   1
    After built-in stripping:   1
    After scriptable stripping: 1
    Processed in 0.00 seconds
  Pass "" (fp)
    Target graphics API: dx11
    Full variant space:         1
    After settings filtering:   1
    After built-in stripping:   1
    After scriptable stripping: 1
    Processed in 0.00 seconds
  Pass "" (vp)
    Target graphics API: dx11
    Full variant space:         1
    After settings filtering:   1
    After built-in stripping:   1
    After scriptable stripping: 1
    Processed in 0.00 seconds
  Pass "" (fp)
    Target graphics API: dx11
    Full variant space:         1
    After settings filtering:   1
    After built-in stripping:   1
    After scriptable stripping: 1
    Processed in 0.00 seconds
  Pass "" (vp)
    Target graphics API: dx11
    Full variant space:         1
    After settings filtering:   1
    After built-in stripping:   1
    After scriptable stripping: 1
    Processed in 0.00 seconds
  Pass "" (fp)
    Target graphics API: dx11
    Full variant space:         1
    After settings filtering:   1
    After built-in stripping:   1
    After scriptable stripping: 1
    Processed in 0.00 seconds
  Pass  (vp, dx11) finished in 0.00 seconds. Local cache hits 1 (0.00s CPU time), remote cache hits 0 (0.00s CPU time), compiled 0 variants (0.00s CPU time), skipped 0 variants.
    Prepared data for serialisation in 0.00s
  Pass  (fp, dx11) finished in 0.00 seconds. Local cache hits 1 (0.00s CPU time), remote cache hits 0 (0.00s CPU time), compiled 0 variants (0.00s CPU time), skipped 0 variants.
    Prepared data for serialisation in 0.00s
  Pass  (vp, dx11) finished in 0.00 seconds. Local cache hits 1 (0.00s CPU time), remote cache hits 0 (0.00s CPU time), compiled 0 variants (0.00s CPU time), skipped 0 variants.
    Prepared data for serialisation in 0.00s
  Pass  (fp, dx11) finished in 0.00 seconds. Local cache hits 1 (0.00s CPU time), remote cache hits 0 (0.00s CPU time), compiled 0 variants (0.00s CPU time), skipped 0 variants.
    Prepared data for serialisation in 0.00s
  Pass  (vp, dx11) finished in 0.00 seconds. Local cache hits 1 (0.00s CPU time), remote cache hits 0 (0.00s CPU time), compiled 0 variants (0.00s CPU time), skipped 0 variants.
    Prepared data for serialisation in 0.00s
  Pass  (fp, dx11) finished in 0.00 seconds. Local cache hits 1 (0.00s CPU time), remote cache hits 0 (0.00s CPU time), compiled 0 variants (0.00s CPU time), skipped 0 variants.
    Prepared data for serialisation in 0.00s
  Pass  (vp, dx11) finished in 0.00 seconds. Local cache hits 1 (0.00s CPU time), remote cache hits 0 (0.00s CPU time), compiled 0 variants (0.00s CPU time), skipped 0 variants.
    Prepared data for serialisation in 0.00s
  Pass  (fp, dx11) finished in 0.00 seconds. Local cache hits 1 (0.00s CPU time), remote cache hits 0 (0.00s CPU time), compiled 0 variants (0.00s CPU time), skipped 0 variants.
    Prepared data for serialisation in 0.00s
  Pass  (vp, dx11) finished in 0.00 seconds. Local cache hits 1 (0.00s CPU time), remote cache hits 0 (0.00s CPU time), compiled 0 variants (0.00s CPU time), skipped 0 variants.
    Prepared data for serialisation in 0.00s
  Pass  (fp, dx11) finished in 0.00 seconds. Local cache hits 1 (0.00s CPU time), remote cache hits 0 (0.00s CPU time), compiled 0 variants (0.00s CPU time), skipped 0 variants.
    Prepared data for serialisation in 0.00s
  Pass  (vp, dx11) finished in 0.00 seconds. Local cache hits 1 (0.00s CPU time), remote cache hits 0 (0.00s CPU time), compiled 0 variants (0.00s CPU time), skipped 0 variants.
    Prepared data for serialisation in 0.00s
  Pass  (fp, dx11) finished in 0.00 seconds. Local cache hits 1 (0.00s CPU time), remote cache hits 0 (0.00s CPU time), compiled 0 variants (0.00s CPU time), skipped 0 variants.
    Prepared data for serialisation in 0.00s
  Pass  (vp, dx11) finished in 0.00 seconds. Local cache hits 1 (0.00s CPU time), remote cache hits 0 (0.00s CPU time), compiled 0 variants (0.00s CPU time), skipped 0 variants.
    Prepared data for serialisation in 0.00s
  Pass  (fp, dx11) finished in 0.00 seconds. Local cache hits 1 (0.00s CPU time), remote cache hits 0 (0.00s CPU time), compiled 0 variants (0.00s CPU time), skipped 0 variants.
    Prepared data for serialisation in 0.00s
  Pass  (vp, dx11) finished in 0.00 seconds. Local cache hits 1 (0.00s CPU time), remote cache hits 0 (0.00s CPU time), compiled 0 variants (0.00s CPU time), skipped 0 variants.
    Prepared data for serialisation in 0.00s
  Pass  (fp, dx11) finished in 0.00 seconds. Local cache hits 1 (0.00s CPU time), remote cache hits 0 (0.00s CPU time), compiled 0 variants (0.00s CPU time), skipped 0 variants.
    Prepared data for serialisation in 0.00s
  Pass  (vp, dx11) finished in 0.00 seconds. Local cache hits 1 (0.00s CPU time), remote cache hits 0 (0.00s CPU time), compiled 0 variants (0.00s CPU time), skipped 0 variants.
    Prepared data for serialisation in 0.00s
  Pass  (fp, dx11) finished in 0.00 seconds. Local cache hits 1 (0.00s CPU time), remote cache hits 0 (0.00s CPU time), compiled 0 variants (0.00s CPU time), skipped 0 variants.
    Prepared data for serialisation in 0.00s
  Pass  (vp, dx11) finished in 0.00 seconds. Local cache hits 1 (0.00s CPU time), remote cache hits 0 (0.00s CPU time), compiled 0 variants (0.00s CPU time), skipped 0 variants.
    Prepared data for serialisation in 0.00s
  Pass  (fp, dx11) finished in 0.00 seconds. Local cache hits 1 (0.00s CPU time), remote cache hits 0 (0.00s CPU time), compiled 0 variants (0.00s CPU time), skipped 0 variants.
    Prepared data for serialisation in 0.00s
Serialized binary data for shader Hidden/Internal-DepthNormalsTexture in 0.00s
    dx11 (total internal programs: 20, unique: 17)
Compiling shader "Hidden/Internal-ScreenSpaceShadows"
  Pass "" (vp)
    Target graphics API: dx11
    Full variant space:         4
    After settings filtering:   4
    After built-in stripping:   4
    After scriptable stripping: 4
    Processed in 0.00 seconds
  Pass "" (fp)
    Target graphics API: dx11
    Full variant space:         4
    After settings filtering:   4
    After built-in stripping:   4
    After scriptable stripping: 4
    Processed in 0.00 seconds
  Pass "" (vp)
    Target graphics API: dx11
    Full variant space:         4
    After settings filtering:   4
    After built-in stripping:   4
    After scriptable stripping: 4
    Processed in 0.00 seconds
  Pass "" (fp)
    Target graphics API: dx11
    Full variant space:         4
    After settings filtering:   4
    After built-in stripping:   4
    After scriptable stripping: 4
    Processed in 0.00 seconds
  Pass "" (vp)
    Target graphics API: dx11
    Full variant space:         4
    After settings filtering:   4
    After built-in stripping:   4
    After scriptable stripping: 4
    Processed in 0.00 seconds
  Pass "" (fp)
    Target graphics API: dx11
    Full variant space:         4
    After settings filtering:   4
    After built-in stripping:   4
    After scriptable stripping: 4
    Processed in 0.00 seconds
  Pass "" (vp)
    Target graphics API: dx11
    Full variant space:         4
    After settings filtering:   4
    After built-in stripping:   4
    After scriptable stripping: 4
    Processed in 0.00 seconds
  Pass "" (fp)
    Target graphics API: dx11
    Full variant space:         4
    After settings filtering:   4
    After built-in stripping:   4
    After scriptable stripping: 4
    Processed in 0.00 seconds
  Pass  (vp, dx11) finished in 0.00 seconds. Local cache hits 4 (0.00s CPU time), remote cache hits 0 (0.00s CPU time), compiled 0 variants (0.00s CPU time), skipped 0 variants.
    Prepared data for serialisation in 0.00s
  Pass  (fp, dx11) finished in 0.00 seconds. Local cache hits 4 (0.00s CPU time), remote cache hits 0 (0.00s CPU time), compiled 0 variants (0.00s CPU time), skipped 0 variants.
    Prepared data for serialisation in 0.00s
  Pass  (vp, dx11) finished in 0.00 seconds. Local cache hits 4 (0.00s CPU time), remote cache hits 0 (0.00s CPU time), compiled 0 variants (0.00s CPU time), skipped 0 variants.
    Prepared data for serialisation in 0.00s
  Pass  (fp, dx11) finished in 0.00 seconds. Local cache hits 4 (0.00s CPU time), remote cache hits 0 (0.00s CPU time), compiled 0 variants (0.00s CPU time), skipped 0 variants.
    Prepared data for serialisation in 0.00s
  Pass  (vp, dx11) finished in 0.00 seconds. Local cache hits 4 (0.00s CPU time), remote cache hits 0 (0.00s CPU time), compiled 0 variants (0.00s CPU time), skipped 0 variants.
    Prepared data for serialisation in 0.00s
  Pass  (fp, dx11) finished in 0.00 seconds. Local cache hits 4 (0.00s CPU time), remote cache hits 0 (0.00s CPU time), compiled 0 variants (0.00s CPU time), skipped 0 variants.
    Prepared data for serialisation in 0.00s
  Pass  (vp, dx11) finished in 0.00 seconds. Local cache hits 4 (0.00s CPU time), remote cache hits 0 (0.00s CPU time), compiled 0 variants (0.00s CPU time), skipped 0 variants.
    Prepared data for serialisation in 0.00s
  Pass  (fp, dx11) finished in 0.00 seconds. Local cache hits 4 (0.00s CPU time), remote cache hits 0 (0.00s CPU time), compiled 0 variants (0.00s CPU time), skipped 0 variants.
    Prepared data for serialisation in 0.00s
Serialized binary data for shader Hidden/Internal-ScreenSpaceShadows in 0.00s
    dx11 (total internal programs: 32, unique: 20)
Compiling shader "Hidden/Internal-CombineDepthNormals"
  Pass "" (vp)
    Target graphics API: dx11
    Full variant space:         1
    After settings filtering:   1
    After built-in stripping:   1
    After scriptable stripping: 1
    Processed in 0.00 seconds
  Pass "" (fp)
    Target graphics API: dx11
    Full variant space:         1
    After settings filtering:   1
    After built-in stripping:   1
    After scriptable stripping: 1
    Processed in 0.00 seconds
  Pass  (vp, dx11) finished in 0.00 seconds. Local cache hits 1 (0.00s CPU time), remote cache hits 0 (0.00s CPU time), compiled 0 variants (0.00s CPU time), skipped 0 variants.
    Prepared data for serialisation in 0.00s
  Pass  (fp, dx11) finished in 0.00 seconds. Local cache hits 1 (0.00s CPU time), remote cache hits 0 (0.00s CPU time), compiled 0 variants (0.00s CPU time), skipped 0 variants.
    Prepared data for serialisation in 0.00s
Serialized binary data for shader Hidden/Internal-CombineDepthNormals in 0.00s
    dx11 (total internal programs: 2, unique: 2)
Compiling shader "Hidden/BlitCopy"
  Pass "" (vp)
    Target graphics API: dx11
    Full variant space:         1
    After settings filtering:   1
    After built-in stripping:   1
    After scriptable stripping: 1
    Processed in 0.00 seconds
  Pass "" (fp)
    Target graphics API: dx11
    Full variant space:         1
    After settings filtering:   1
    After built-in stripping:   1
    After scriptable stripping: 1
    Processed in 0.00 seconds
  Pass  (vp, dx11) finished in 0.00 seconds. Local cache hits 1 (0.00s CPU time), remote cache hits 0 (0.00s CPU time), compiled 0 variants (0.00s CPU time), skipped 0 variants.
    Prepared data for serialisation in 0.00s
  Pass  (fp, dx11) finished in 0.00 seconds. Local cache hits 1 (0.00s CPU time), remote cache hits 0 (0.00s CPU time), compiled 0 variants (0.00s CPU time), skipped 0 variants.
    Prepared data for serialisation in 0.00s
Serialized binary data for shader Hidden/BlitCopy in 0.00s
    dx11 (total internal programs: 2, unique: 2)
Compiling shader "Hidden/BlitCopyDepth"
  Pass "" (vp)
    Target graphics API: dx11
    Full variant space:         1
    After settings filtering:   1
    After built-in stripping:   1
    After scriptable stripping: 1
    Processed in 0.00 seconds
  Pass "" (fp)
    Target graphics API: dx11
    Full variant space:         1
    After settings filtering:   1
    After built-in stripping:   1
    After scriptable stripping: 1
    Processed in 0.00 seconds
  Pass  (vp, dx11) finished in 0.00 seconds. Local cache hits 1 (0.00s CPU time), remote cache hits 0 (0.00s CPU time), compiled 0 variants (0.00s CPU time), skipped 0 variants.
    Prepared data for serialisation in 0.00s
  Pass  (fp, dx11) finished in 0.00 seconds. Local cache hits 1 (0.00s CPU time), remote cache hits 0 (0.00s CPU time), compiled 0 variants (0.00s CPU time), skipped 0 variants.
    Prepared data for serialisation in 0.00s
Serialized binary data for shader Hidden/BlitCopyDepth in 0.00s
    dx11 (total internal programs: 2, unique: 2)
Compiling shader "Hidden/ConvertTexture"
  Pass "" (vp)
    Target graphics API: dx11
    Full variant space:         1
    After settings filtering:   1
    After built-in stripping:   1
    After scriptable stripping: 1
    Processed in 0.00 seconds
  Pass "" (fp)
    Target graphics API: dx11
    Full variant space:         1
    After settings filtering:   1
    After built-in stripping:   1
    After scriptable stripping: 1
    Processed in 0.00 seconds
  Pass  (vp, dx11) finished in 0.00 seconds. Local cache hits 1 (0.00s CPU time), remote cache hits 0 (0.00s CPU time), compiled 0 variants (0.00s CPU time), skipped 0 variants.
    Prepared data for serialisation in 0.00s
  Pass  (fp, dx11) finished in 0.00 seconds. Local cache hits 1 (0.00s CPU time), remote cache hits 0 (0.00s CPU time), compiled 0 variants (0.00s CPU time), skipped 0 variants.
    Prepared data for serialisation in 0.00s
Serialized binary data for shader Hidden/ConvertTexture in 0.00s
    dx11 (total internal programs: 2, unique: 2)
Compiling shader "Hidden/Internal-DeferredShading"
  Pass "" (vp)
    Target graphics API: dx11
    Full variant space:         94
    After settings filtering:   94
    After built-in stripping:   26
    After scriptable stripping: 26
    Processed in 0.00 seconds
  Pass "" (fp)
    Target graphics API: dx11
    Full variant space:         94
    After settings filtering:   94
    After built-in stripping:   26
    After scriptable stripping: 26
    Processed in 0.00 seconds
  Pass "" (vp)
    Target graphics API: dx11
    Full variant space:         1
    After settings filtering:   1
    After built-in stripping:   1
    After scriptable stripping: 1
    Processed in 0.00 seconds
  Pass "" (fp)
    Target graphics API: dx11
    Full variant space:         1
    After settings filtering:   1
    After built-in stripping:   1
    After scriptable stripping: 1
    Processed in 0.00 seconds
  Pass  (vp, dx11) finished in 0.00 seconds. Local cache hits 26 (0.00s CPU time), remote cache hits 0 (0.00s CPU time), compiled 0 variants (0.00s CPU time), skipped 0 variants.
    Prepared data for serialisation in 0.00s
  Pass  (fp, dx11) finished in 0.00 seconds. Local cache hits 26 (0.00s CPU time), remote cache hits 0 (0.00s CPU time), compiled 0 variants (0.00s CPU time), skipped 0 variants.
    Prepared data for serialisation in 0.00s
  Pass  (vp, dx11) finished in 0.00 seconds. Local cache hits 1 (0.00s CPU time), remote cache hits 0 (0.00s CPU time), compiled 0 variants (0.00s CPU time), skipped 0 variants.
    Prepared data for serialisation in 0.00s
  Pass  (fp, dx11) finished in 0.00 seconds. Local cache hits 1 (0.00s CPU time), remote cache hits 0 (0.00s CPU time), compiled 0 variants (0.00s CPU time), skipped 0 variants.
    Prepared data for serialisation in 0.00s
Serialized binary data for shader Hidden/Internal-DeferredShading in 0.00s
    dx11 (total internal programs: 54, unique: 54)
Compiling shader "Hidden/Internal-DeferredReflections"
  Pass "" (vp)
    Target graphics API: dx11
    Full variant space:         1
    After settings filtering:   1
    After built-in stripping:   1
    After scriptable stripping: 1
    Processed in 0.00 seconds
  Pass "" (fp)
    Target graphics API: dx11
    Full variant space:         1
    After settings filtering:   1
    After built-in stripping:   1
    After scriptable stripping: 1
    Processed in 0.00 seconds
  Pass "" (vp)
    Target graphics API: dx11
    Full variant space:         2
    After settings filtering:   2
    After built-in stripping:   2
    After scriptable stripping: 2
    Processed in 0.00 seconds
  Pass "" (fp)
    Target graphics API: dx11
    Full variant space:         2
    After settings filtering:   2
    After built-in stripping:   2
    After scriptable stripping: 2
    Processed in 0.00 seconds
  Pass  (vp, dx11) finished in 0.00 seconds. Local cache hits 1 (0.00s CPU time), remote cache hits 0 (0.00s CPU time), compiled 0 variants (0.00s CPU time), skipped 0 variants.
    Prepared data for serialisation in 0.00s
  Pass  (fp, dx11) finished in 0.00 seconds. Local cache hits 1 (0.00s CPU time), remote cache hits 0 (0.00s CPU time), compiled 0 variants (0.00s CPU time), skipped 0 variants.
    Prepared data for serialisation in 0.00s
  Pass  (vp, dx11) finished in 0.00 seconds. Local cache hits 2 (0.00s CPU time), remote cache hits 0 (0.00s CPU time), compiled 0 variants (0.00s CPU time), skipped 0 variants.
    Prepared data for serialisation in 0.00s
  Pass  (fp, dx11) finished in 0.00 seconds. Local cache hits 2 (0.00s CPU time), remote cache hits 0 (0.00s CPU time), compiled 0 variants (0.00s CPU time), skipped 0 variants.
    Prepared data for serialisation in 0.00s
Serialized binary data for shader Hidden/Internal-DeferredReflections in 0.00s
    dx11 (total internal programs: 6, unique: 6)
Compiling shader "Hidden/Internal-MotionVectors"
  Pass "" (vp)
    Target graphics API: dx11
    Full variant space:         1
    After settings filtering:   1
    After built-in stripping:   1
    After scriptable stripping: 1
    Processed in 0.00 seconds
  Pass "" (fp)
    Target graphics API: dx11
    Full variant space:         1
    After settings filtering:   1
    After built-in stripping:   1
    After scriptable stripping: 1
    Processed in 0.00 seconds
  Pass "" (vp)
    Target graphics API: dx11
    Full variant space:         1
    After settings filtering:   1
    After built-in stripping:   1
    After scriptable stripping: 1
    Processed in 0.00 seconds
  Pass "" (fp)
    Target graphics API: dx11
    Full variant space:         1
    After settings filtering:   1
    After built-in stripping:   1
    After scriptable stripping: 1
    Processed in 0.00 seconds
  Pass "" (vp)
    Target graphics API: dx11
    Full variant space:         1
    After settings filtering:   1
    After built-in stripping:   1
    After scriptable stripping: 1
    Processed in 0.00 seconds
  Pass "" (fp)
    Target graphics API: dx11
    Full variant space:         1
    After settings filtering:   1
    After built-in stripping:   1
    After scriptable stripping: 1
    Processed in 0.00 seconds
  Pass  (vp, dx11) finished in 0.00 seconds. Local cache hits 1 (0.00s CPU time), remote cache hits 0 (0.00s CPU time), compiled 0 variants (0.00s CPU time), skipped 0 variants.
    Prepared data for serialisation in 0.00s
  Pass  (fp, dx11) finished in 0.00 seconds. Local cache hits 1 (0.00s CPU time), remote cache hits 0 (0.00s CPU time), compiled 0 variants (0.00s CPU time), skipped 0 variants.
    Prepared data for serialisation in 0.00s
  Pass  (vp, dx11) finished in 0.00 seconds. Local cache hits 1 (0.00s CPU time), remote cache hits 0 (0.00s CPU time), compiled 0 variants (0.00s CPU time), skipped 0 variants.
    Prepared data for serialisation in 0.00s
  Pass  (fp, dx11) finished in 0.00 seconds. Local cache hits 1 (0.00s CPU time), remote cache hits 0 (0.00s CPU time), compiled 0 variants (0.00s CPU time), skipped 0 variants.
    Prepared data for serialisation in 0.00s
  Pass  (vp, dx11) finished in 0.00 seconds. Local cache hits 1 (0.00s CPU time), remote cache hits 0 (0.00s CPU time), compiled 0 variants (0.00s CPU time), skipped 0 variants.
    Prepared data for serialisation in 0.00s
  Pass  (fp, dx11) finished in 0.00 seconds. Local cache hits 1 (0.00s CPU time), remote cache hits 0 (0.00s CPU time), compiled 0 variants (0.00s CPU time), skipped 0 variants.
    Prepared data for serialisation in 0.00s
Serialized binary data for shader Hidden/Internal-MotionVectors in 0.00s
    dx11 (total internal programs: 6, unique: 5)
Compiling shader "Hidden/Internal-Flare"
  Pass "" (vp)
    Target graphics API: dx11
    Full variant space:         1
    After settings filtering:   1
    After built-in stripping:   1
    After scriptable stripping: 1
    Processed in 0.00 seconds
  Pass "" (fp)
    Target graphics API: dx11
    Full variant space:         1
    After settings filtering:   1
    After built-in stripping:   1
    After scriptable stripping: 1
    Processed in 0.00 seconds
  Pass  (vp, dx11) finished in 0.00 seconds. Local cache hits 1 (0.00s CPU time), remote cache hits 0 (0.00s CPU time), compiled 0 variants (0.00s CPU time), skipped 0 variants.
    Prepared data for serialisation in 0.00s
  Pass  (fp, dx11) finished in 0.00 seconds. Local cache hits 1 (0.00s CPU time), remote cache hits 0 (0.00s CPU time), compiled 0 variants (0.00s CPU time), skipped 0 variants.
    Prepared data for serialisation in 0.00s
Serialized binary data for shader Hidden/Internal-Flare in 0.00s
    dx11 (total internal programs: 2, unique: 2)
Compiling shader "Hidden/Internal-Halo"
  Pass "" (vp)
    Target graphics API: dx11
    Full variant space:         4
    After settings filtering:   4
    After built-in stripping:   1
    After scriptable stripping: 1
    Processed in 0.00 seconds
  Pass "" (fp)
    Target graphics API: dx11
    Full variant space:         4
    After settings filtering:   4
    After built-in stripping:   1
    After scriptable stripping: 1
    Processed in 0.00 seconds
  Pass  (vp, dx11) finished in 0.00 seconds. Local cache hits 1 (0.00s CPU time), remote cache hits 0 (0.00s CPU time), compiled 0 variants (0.00s CPU time), skipped 0 variants.
    Prepared data for serialisation in 0.00s
  Pass  (fp, dx11) finished in 0.00 seconds. Local cache hits 1 (0.00s CPU time), remote cache hits 0 (0.00s CPU time), compiled 0 variants (0.00s CPU time), skipped 0 variants.
    Prepared data for serialisation in 0.00s
Serialized binary data for shader Hidden/Internal-Halo in 0.00s
    dx11 (total internal programs: 2, unique: 2)
Compiling shader "Hidden/BlitCopyWithDepth"
  Pass "" (vp)
    Target graphics API: dx11
    Full variant space:         1
    After settings filtering:   1
    After built-in stripping:   1
    After scriptable stripping: 1
    Processed in 0.00 seconds
  Pass "" (fp)
    Target graphics API: dx11
    Full variant space:         1
    After settings filtering:   1
    After built-in stripping:   1
    After scriptable stripping: 1
    Processed in 0.00 seconds
  Pass  (vp, dx11) finished in 0.00 seconds. Local cache hits 1 (0.00s CPU time), remote cache hits 0 (0.00s CPU time), compiled 0 variants (0.00s CPU time), skipped 0 variants.
    Prepared data for serialisation in 0.00s
  Pass  (fp, dx11) finished in 0.00 seconds. Local cache hits 1 (0.00s CPU time), remote cache hits 0 (0.00s CPU time), compiled 0 variants (0.00s CPU time), skipped 0 variants.
    Prepared data for serialisation in 0.00s
Serialized binary data for shader Hidden/BlitCopyWithDepth in 0.00s
    dx11 (total internal programs: 2, unique: 2)
Compiling shader "Hidden/BlitToDepth"
  Pass "" (vp)
    Target graphics API: dx11
    Full variant space:         1
    After settings filtering:   1
    After built-in stripping:   1
    After scriptable stripping: 1
    Processed in 0.00 seconds
  Pass "" (fp)
    Target graphics API: dx11
    Full variant space:         1
    After settings filtering:   1
    After built-in stripping:   1
    After scriptable stripping: 1
    Processed in 0.00 seconds
  Pass  (vp, dx11) finished in 0.00 seconds. Local cache hits 1 (0.00s CPU time), remote cache hits 0 (0.00s CPU time), compiled 0 variants (0.00s CPU time), skipped 0 variants.
    Prepared data for serialisation in 0.00s
  Pass  (fp, dx11) finished in 0.00 seconds. Local cache hits 1 (0.00s CPU time), remote cache hits 0 (0.00s CPU time), compiled 0 variants (0.00s CPU time), skipped 0 variants.
    Prepared data for serialisation in 0.00s
Serialized binary data for shader Hidden/BlitToDepth in 0.00s
    dx11 (total internal programs: 2, unique: 2)
Compiling shader "Hidden/BlitToDepth_MSAA"
  Pass "" (vp)
    Target graphics API: dx11
    Full variant space:         1
    After settings filtering:   1
    After built-in stripping:   1
    After scriptable stripping: 1
    Processed in 0.00 seconds
  Pass "" (fp)
    Target graphics API: dx11
    Full variant space:         1
    After settings filtering:   1
    After built-in stripping:   1
    After scriptable stripping: 1
    Processed in 0.00 seconds
  Pass  (vp, dx11) finished in 0.00 seconds. Local cache hits 1 (0.00s CPU time), remote cache hits 0 (0.00s CPU time), compiled 0 variants (0.00s CPU time), skipped 0 variants.
    Prepared data for serialisation in 0.00s
  Pass  (fp, dx11) finished in 0.00 seconds. Local cache hits 1 (0.00s CPU time), remote cache hits 0 (0.00s CPU time), compiled 0 variants (0.00s CPU time), skipped 0 variants.
    Prepared data for serialisation in 0.00s
Serialized binary data for shader Hidden/BlitToDepth_MSAA in 0.00s
    dx11 (total internal programs: 2, unique: 2)
Compiling shader "Hidden/BlitCopyHDRTonemap"
  Pass "" (vp)
    Target graphics API: dx11
    Full variant space:         1
    After settings filtering:   1
    After built-in stripping:   1
    After scriptable stripping: 1
    Processed in 0.00 seconds
  Pass "" (fp)
    Target graphics API: dx11
    Full variant space:         1
    After settings filtering:   1
    After built-in stripping:   1
    After scriptable stripping: 1
    Processed in 0.00 seconds
  Pass  (vp, dx11) finished in 0.00 seconds. Local cache hits 1 (0.00s CPU time), remote cache hits 0 (0.00s CPU time), compiled 0 variants (0.00s CPU time), skipped 0 variants.
    Prepared data for serialisation in 0.00s
  Pass  (fp, dx11) finished in 0.00 seconds. Local cache hits 1 (0.00s CPU time), remote cache hits 0 (0.00s CPU time), compiled 0 variants (0.00s CPU time), skipped 0 variants.
    Prepared data for serialisation in 0.00s
Serialized binary data for shader Hidden/BlitCopyHDRTonemap in 0.00s
    dx11 (total internal programs: 2, unique: 2)
Compiling shader "Hidden/Internal-DebugPattern"
  Pass "Target Color and DepthStencil" (vp)
    Target graphics API: dx11
    Full variant space:         1
    After settings filtering:   1
    After built-in stripping:   1
    After scriptable stripping: 1
    Processed in 0.00 seconds
  Pass "Target Color and DepthStencil" (fp)
    Target graphics API: dx11
    Full variant space:         1
    After settings filtering:   1
    After built-in stripping:   1
    After scriptable stripping: 1
    Processed in 0.00 seconds
  Pass "Target only Color" (vp)
    Target graphics API: dx11
    Full variant space:         1
    After settings filtering:   1
    After built-in stripping:   1
    After scriptable stripping: 1
    Processed in 0.00 seconds
  Pass "Target only Color" (fp)
    Target graphics API: dx11
    Full variant space:         1
    After settings filtering:   1
    After built-in stripping:   1
    After scriptable stripping: 1
    Processed in 0.00 seconds
  Pass "Target only DepthStencil" (vp)
    Target graphics API: dx11
    Full variant space:         1
    After settings filtering:   1
    After built-in stripping:   1
    After scriptable stripping: 1
    Processed in 0.00 seconds
  Pass "Target only DepthStencil" (fp)
    Target graphics API: dx11
    Full variant space:         1
    After settings filtering:   1
    After built-in stripping:   1
    After scriptable stripping: 1
    Processed in 0.00 seconds
  Pass Target Color and DepthStencil (vp, dx11) finished in 0.00 seconds. Local cache hits 1 (0.00s CPU time), remote cache hits 0 (0.00s CPU time), compiled 0 variants (0.00s CPU time), skipped 0 variants.
    Prepared data for serialisation in 0.00s
  Pass Target Color and DepthStencil (fp, dx11) finished in 0.00 seconds. Local cache hits 1 (0.00s CPU time), remote cache hits 0 (0.00s CPU time), compiled 0 variants (0.00s CPU time), skipped 0 variants.
    Prepared data for serialisation in 0.00s
  Pass Target only Color (vp, dx11) finished in 0.00 seconds. Local cache hits 1 (0.00s CPU time), remote cache hits 0 (0.00s CPU time), compiled 0 variants (0.00s CPU time), skipped 0 variants.
    Prepared data for serialisation in 0.00s
  Pass Target only Color (fp, dx11) finished in 0.00 seconds. Local cache hits 1 (0.00s CPU time), remote cache hits 0 (0.00s CPU time), compiled 0 variants (0.00s CPU time), skipped 0 variants.
    Prepared data for serialisation in 0.00s
  Pass Target only DepthStencil (vp, dx11) finished in 0.00 seconds. Local cache hits 1 (0.00s CPU time), remote cache hits 0 (0.00s CPU time), compiled 0 variants (0.00s CPU time), skipped 0 variants.
    Prepared data for serialisation in 0.00s
  Pass Target only DepthStencil (fp, dx11) finished in 0.00 seconds. Local cache hits 1 (0.00s CPU time), remote cache hits 0 (0.00s CPU time), compiled 0 variants (0.00s CPU time), skipped 0 variants.
    Prepared data for serialisation in 0.00s
Serialized binary data for shader Hidden/Internal-DebugPattern in 0.00s
    dx11 (total internal programs: 6, unique: 4)
Compiling shader "Hidden/Internal-GUITextureClip"
  Pass "" (vp)
    Target graphics API: dx11
    Full variant space:         1
    After settings filtering:   1
    After built-in stripping:   1
    After scriptable stripping: 1
    Processed in 0.00 seconds
  Pass "" (fp)
    Target graphics API: dx11
    Full variant space:         1
    After settings filtering:   1
    After built-in stripping:   1
    After scriptable stripping: 1
    Processed in 0.00 seconds
  Pass "" (vp)
    Target graphics API: dx11
    Full variant space:         1
    After settings filtering:   1
    After built-in stripping:   1
    After scriptable stripping: 1
    Processed in 0.00 seconds
  Pass "" (fp)
    Target graphics API: dx11
    Full variant space:         1
    After settings filtering:   1
    After built-in stripping:   1
    After scriptable stripping: 1
    Processed in 0.00 seconds
  Pass  (vp, dx11) finished in 0.00 seconds. Local cache hits 1 (0.00s CPU time), remote cache hits 0 (0.00s CPU time), compiled 0 variants (0.00s CPU time), skipped 0 variants.
    Prepared data for serialisation in 0.00s
  Pass  (fp, dx11) finished in 0.00 seconds. Local cache hits 1 (0.00s CPU time), remote cache hits 0 (0.00s CPU time), compiled 0 variants (0.00s CPU time), skipped 0 variants.
    Prepared data for serialisation in 0.00s
  Pass  (vp, dx11) finished in 0.00 seconds. Local cache hits 1 (0.00s CPU time), remote cache hits 0 (0.00s CPU time), compiled 0 variants (0.00s CPU time), skipped 0 variants.
    Prepared data for serialisation in 0.00s
  Pass  (fp, dx11) finished in 0.00 seconds. Local cache hits 1 (0.00s CPU time), remote cache hits 0 (0.00s CPU time), compiled 0 variants (0.00s CPU time), skipped 0 variants.
    Prepared data for serialisation in 0.00s
Serialized binary data for shader Hidden/Internal-GUITextureClip in 0.00s
    dx11 (total internal programs: 4, unique: 2)
Compiling shader "Hidden/Internal-GUITextureClipText"
  Pass "" (vp)
    Target graphics API: dx11
    Full variant space:         1
    After settings filtering:   1
    After built-in stripping:   1
    After scriptable stripping: 1
    Processed in 0.00 seconds
  Pass "" (fp)
    Target graphics API: dx11
    Full variant space:         1
    After settings filtering:   1
    After built-in stripping:   1
    After scriptable stripping: 1
    Processed in 0.00 seconds
  Pass "" (vp)
    Target graphics API: dx11
    Full variant space:         1
    After settings filtering:   1
    After built-in stripping:   1
    After scriptable stripping: 1
    Processed in 0.00 seconds
  Pass "" (fp)
    Target graphics API: dx11
    Full variant space:         1
    After settings filtering:   1
    After built-in stripping:   1
    After scriptable stripping: 1
    Processed in 0.00 seconds
  Pass  (vp, dx11) finished in 0.00 seconds. Local cache hits 1 (0.00s CPU time), remote cache hits 0 (0.00s CPU time), compiled 0 variants (0.00s CPU time), skipped 0 variants.
    Prepared data for serialisation in 0.00s
  Pass  (fp, dx11) finished in 0.00 seconds. Local cache hits 1 (0.00s CPU time), remote cache hits 0 (0.00s CPU time), compiled 0 variants (0.00s CPU time), skipped 0 variants.
    Prepared data for serialisation in 0.00s
  Pass  (vp, dx11) finished in 0.00 seconds. Local cache hits 1 (0.00s CPU time), remote cache hits 0 (0.00s CPU time), compiled 0 variants (0.00s CPU time), skipped 0 variants.
    Prepared data for serialisation in 0.00s
  Pass  (fp, dx11) finished in 0.00 seconds. Local cache hits 1 (0.00s CPU time), remote cache hits 0 (0.00s CPU time), compiled 0 variants (0.00s CPU time), skipped 0 variants.
    Prepared data for serialisation in 0.00s
Serialized binary data for shader Hidden/Internal-GUITextureClipText in 0.00s
    dx11 (total internal programs: 4, unique: 2)
Compiling shader "Hidden/Internal-GUITexture"
  Pass "" (vp)
    Target graphics API: dx11
    Full variant space:         1
    After settings filtering:   1
    After built-in stripping:   1
    After scriptable stripping: 1
    Processed in 0.00 seconds
  Pass "" (fp)
    Target graphics API: dx11
    Full variant space:         1
    After settings filtering:   1
    After built-in stripping:   1
    After scriptable stripping: 1
    Processed in 0.00 seconds
  Pass "" (vp)
    Target graphics API: dx11
    Full variant space:         1
    After settings filtering:   1
    After built-in stripping:   1
    After scriptable stripping: 1
    Processed in 0.00 seconds
  Pass "" (fp)
    Target graphics API: dx11
    Full variant space:         1
    After settings filtering:   1
    After built-in stripping:   1
    After scriptable stripping: 1
    Processed in 0.00 seconds
  Pass  (vp, dx11) finished in 0.00 seconds. Local cache hits 1 (0.00s CPU time), remote cache hits 0 (0.00s CPU time), compiled 0 variants (0.00s CPU time), skipped 0 variants.
    Prepared data for serialisation in 0.00s
  Pass  (fp, dx11) finished in 0.00 seconds. Local cache hits 1 (0.00s CPU time), remote cache hits 0 (0.00s CPU time), compiled 0 variants (0.00s CPU time), skipped 0 variants.
    Prepared data for serialisation in 0.00s
  Pass  (vp, dx11) finished in 0.00 seconds. Local cache hits 1 (0.00s CPU time), remote cache hits 0 (0.00s CPU time), compiled 0 variants (0.00s CPU time), skipped 0 variants.
    Prepared data for serialisation in 0.00s
  Pass  (fp, dx11) finished in 0.00 seconds. Local cache hits 1 (0.00s CPU time), remote cache hits 0 (0.00s CPU time), compiled 0 variants (0.00s CPU time), skipped 0 variants.
    Prepared data for serialisation in 0.00s
Serialized binary data for shader Hidden/Internal-GUITexture in 0.00s
    dx11 (total internal programs: 4, unique: 2)
Compiling shader "Hidden/Internal-GUITextureBlit"
  Pass "" (vp)
    Target graphics API: dx11
    Full variant space:         1
    After settings filtering:   1
    After built-in stripping:   1
    After scriptable stripping: 1
    Processed in 0.00 seconds
  Pass "" (fp)
    Target graphics API: dx11
    Full variant space:         1
    After settings filtering:   1
    After built-in stripping:   1
    After scriptable stripping: 1
    Processed in 0.00 seconds
  Pass "" (vp)
    Target graphics API: dx11
    Full variant space:         1
    After settings filtering:   1
    After built-in stripping:   1
    After scriptable stripping: 1
    Processed in 0.00 seconds
  Pass "" (fp)
    Target graphics API: dx11
    Full variant space:         1
    After settings filtering:   1
    After built-in stripping:   1
    After scriptable stripping: 1
    Processed in 0.00 seconds
  Pass  (vp, dx11) finished in 0.00 seconds. Local cache hits 1 (0.00s CPU time), remote cache hits 0 (0.00s CPU time), compiled 0 variants (0.00s CPU time), skipped 0 variants.
    Prepared data for serialisation in 0.00s
  Pass  (fp, dx11) finished in 0.00 seconds. Local cache hits 1 (0.00s CPU time), remote cache hits 0 (0.00s CPU time), compiled 0 variants (0.00s CPU time), skipped 0 variants.
    Prepared data for serialisation in 0.00s
  Pass  (vp, dx11) finished in 0.00 seconds. Local cache hits 1 (0.00s CPU time), remote cache hits 0 (0.00s CPU time), compiled 0 variants (0.00s CPU time), skipped 0 variants.
    Prepared data for serialisation in 0.00s
  Pass  (fp, dx11) finished in 0.00 seconds. Local cache hits 1 (0.00s CPU time), remote cache hits 0 (0.00s CPU time), compiled 0 variants (0.00s CPU time), skipped 0 variants.
    Prepared data for serialisation in 0.00s
Serialized binary data for shader Hidden/Internal-GUITextureBlit in 0.00s
    dx11 (total internal programs: 4, unique: 2)
Compiling shader "Hidden/Internal-GUIRoundedRect"
  Pass "" (vp)
    Target graphics API: dx11
    Full variant space:         1
    After settings filtering:   1
    After built-in stripping:   1
    After scriptable stripping: 1
    Processed in 0.00 seconds
  Pass "" (fp)
    Target graphics API: dx11
    Full variant space:         1
    After settings filtering:   1
    After built-in stripping:   1
    After scriptable stripping: 1
    Processed in 0.00 seconds
  Pass "" (vp)
    Target graphics API: dx11
    Full variant space:         1
    After settings filtering:   1
    After built-in stripping:   1
    After scriptable stripping: 1
    Processed in 0.00 seconds
  Pass "" (fp)
    Target graphics API: dx11
    Full variant space:         1
    After settings filtering:   1
    After built-in stripping:   1
    After scriptable stripping: 1
    Processed in 0.00 seconds
  Pass  (vp, dx11) finished in 0.00 seconds. Local cache hits 1 (0.00s CPU time), remote cache hits 0 (0.00s CPU time), compiled 0 variants (0.00s CPU time), skipped 0 variants.
    Prepared data for serialisation in 0.00s
  Pass  (fp, dx11) finished in 0.00 seconds. Local cache hits 1 (0.00s CPU time), remote cache hits 0 (0.00s CPU time), compiled 0 variants (0.00s CPU time), skipped 0 variants.
    Prepared data for serialisation in 0.00s
  Pass  (vp, dx11) finished in 0.00 seconds. Local cache hits 1 (0.00s CPU time), remote cache hits 0 (0.00s CPU time), compiled 0 variants (0.00s CPU time), skipped 0 variants.
    Prepared data for serialisation in 0.00s
  Pass  (fp, dx11) finished in 0.00 seconds. Local cache hits 1 (0.00s CPU time), remote cache hits 0 (0.00s CPU time), compiled 0 variants (0.00s CPU time), skipped 0 variants.
    Prepared data for serialisation in 0.00s
Serialized binary data for shader Hidden/Internal-GUIRoundedRect in 0.00s
    dx11 (total internal programs: 4, unique: 2)
Compiling shader "Hidden/Internal-GUIRoundedRectWithColorPerBorder"
  Pass "" (vp)
    Target graphics API: dx11
    Full variant space:         1
    After settings filtering:   1
    After built-in stripping:   1
    After scriptable stripping: 1
    Processed in 0.00 seconds
  Pass "" (fp)
    Target graphics API: dx11
    Full variant space:         1
    After settings filtering:   1
    After built-in stripping:   1
    After scriptable stripping: 1
    Processed in 0.00 seconds
  Pass "" (vp)
    Target graphics API: dx11
    Full variant space:         1
    After settings filtering:   1
    After built-in stripping:   1
    After scriptable stripping: 1
    Processed in 0.00 seconds
  Pass "" (fp)
    Target graphics API: dx11
    Full variant space:         1
    After settings filtering:   1
    After built-in stripping:   1
    After scriptable stripping: 1
    Processed in 0.00 seconds
  Pass  (vp, dx11) finished in 0.00 seconds. Local cache hits 1 (0.00s CPU time), remote cache hits 0 (0.00s CPU time), compiled 0 variants (0.00s CPU time), skipped 0 variants.
    Prepared data for serialisation in 0.00s
  Pass  (fp, dx11) finished in 0.00 seconds. Local cache hits 1 (0.00s CPU time), remote cache hits 0 (0.00s CPU time), compiled 0 variants (0.00s CPU time), skipped 0 variants.
    Prepared data for serialisation in 0.00s
  Pass  (vp, dx11) finished in 0.00 seconds. Local cache hits 1 (0.00s CPU time), remote cache hits 0 (0.00s CPU time), compiled 0 variants (0.00s CPU time), skipped 0 variants.
    Prepared data for serialisation in 0.00s
  Pass  (fp, dx11) finished in 0.00 seconds. Local cache hits 1 (0.00s CPU time), remote cache hits 0 (0.00s CPU time), compiled 0 variants (0.00s CPU time), skipped 0 variants.
    Prepared data for serialisation in 0.00s
Serialized binary data for shader Hidden/Internal-GUIRoundedRectWithColorPerBorder in 0.00s
    dx11 (total internal programs: 4, unique: 2)
Compiling shader "Hidden/Internal-UIRDefault"
  Pass "" (vp)
    Target graphics API: dx11
    Full variant space:         40
    After settings filtering:   40
    After built-in stripping:   40
    After scriptable stripping: 40
    Processed in 0.00 seconds
  Pass "" (fp)
    Target graphics API: dx11
    Full variant space:         40
    After settings filtering:   40
    After built-in stripping:   40
    After scriptable stripping: 40
    Processed in 0.00 seconds
  Pass  (vp, dx11) finished in 0.00 seconds. Local cache hits 40 (0.01s CPU time), remote cache hits 0 (0.00s CPU time), compiled 0 variants (0.00s CPU time), skipped 0 variants.
    Prepared data for serialisation in 0.00s
  Pass  (fp, dx11) finished in 0.00 seconds. Local cache hits 40 (0.01s CPU time), remote cache hits 0 (0.00s CPU time), compiled 0 variants (0.00s CPU time), skipped 0 variants.
    Prepared data for serialisation in 0.00s
Serialized binary data for shader Hidden/Internal-UIRDefault in 0.00s
    dx11 (total internal programs: 80, unique: 80)
Compiling shader "Hidden/Internal-UIRAtlasBlitCopy"
  Pass "" (vp)
    Target graphics API: dx11
    Full variant space:         1
    After settings filtering:   1
    After built-in stripping:   1
    After scriptable stripping: 1
    Processed in 0.00 seconds
  Pass "" (fp)
    Target graphics API: dx11
    Full variant space:         1
    After settings filtering:   1
    After built-in stripping:   1
    After scriptable stripping: 1
    Processed in 0.00 seconds
  Pass  (vp, dx11) finished in 0.00 seconds. Local cache hits 1 (0.00s CPU time), remote cache hits 0 (0.00s CPU time), compiled 0 variants (0.00s CPU time), skipped 0 variants.
    Prepared data for serialisation in 0.00s
  Pass  (fp, dx11) finished in 0.00 seconds. Local cache hits 1 (0.00s CPU time), remote cache hits 0 (0.00s CPU time), compiled 0 variants (0.00s CPU time), skipped 0 variants.
    Prepared data for serialisation in 0.00s
Serialized binary data for shader Hidden/Internal-UIRAtlasBlitCopy in 0.00s
    dx11 (total internal programs: 2, unique: 2)
Compiling shader "Sprites/Default"
  Pass "" (vp)
    Target graphics API: dx11
    Full variant space:         8
    After settings filtering:   8
    After built-in stripping:   4
    After scriptable stripping: 4
    Processed in 0.00 seconds
  Pass "" (fp)
    Target graphics API: dx11
    Full variant space:         8
    After settings filtering:   8
    After built-in stripping:   4
    After scriptable stripping: 4
    Processed in 0.00 seconds
  Pass  (vp, dx11) finished in 0.00 seconds. Local cache hits 4 (0.00s CPU time), remote cache hits 0 (0.00s CPU time), compiled 0 variants (0.00s CPU time), skipped 0 variants.
    Prepared data for serialisation in 0.00s
  Pass  (fp, dx11) finished in 0.00 seconds. Local cache hits 4 (0.00s CPU time), remote cache hits 0 (0.00s CPU time), compiled 0 variants (0.00s CPU time), skipped 0 variants.
    Prepared data for serialisation in 0.00s
Serialized binary data for shader Sprites/Default in 0.00s
    dx11 (total internal programs: 8, unique: 8)
Compiling shader "Sprites/Mask"
  Pass "" (vp)
    Target graphics API: dx11
    Full variant space:         4
    After settings filtering:   4
    After built-in stripping:   4
    After scriptable stripping: 4
    Processed in 0.00 seconds
  Pass "" (fp)
    Target graphics API: dx11
    Full variant space:         4
    After settings filtering:   4
    After built-in stripping:   4
    After scriptable stripping: 4
    Processed in 0.00 seconds
  Pass  (vp, dx11) finished in 0.00 seconds. Local cache hits 4 (0.00s CPU time), remote cache hits 0 (0.00s CPU time), compiled 0 variants (0.00s CPU time), skipped 0 variants.
    Prepared data for serialisation in 0.00s
  Pass  (fp, dx11) finished in 0.00 seconds. Local cache hits 4 (0.00s CPU time), remote cache hits 0 (0.00s CPU time), compiled 0 variants (0.00s CPU time), skipped 0 variants.
    Prepared data for serialisation in 0.00s
Serialized binary data for shader Sprites/Mask in 0.00s
    dx11 (total internal programs: 8, unique: 8)
Compiling shader "UI/Default"
  Pass "Default" (vp)
    Target graphics API: dx11
    Full variant space:         4
    After settings filtering:   4
    After built-in stripping:   4
    After scriptable stripping: 4
    Processed in 0.00 seconds
  Pass "Default" (fp)
    Target graphics API: dx11
    Full variant space:         4
    After settings filtering:   4
    After built-in stripping:   4
    After scriptable stripping: 4
    Processed in 0.00 seconds
  Pass "XRMotionVectors" (vp)
    Target graphics API: dx11
    Full variant space:         4
    After settings filtering:   4
    After built-in stripping:   4
    After scriptable stripping: 4
    Processed in 0.00 seconds
  Pass "XRMotionVectors" (fp)
    Target graphics API: dx11
    Full variant space:         4
    After settings filtering:   4
    After built-in stripping:   4
    After scriptable stripping: 4
    Processed in 0.00 seconds
  Pass Default (vp, dx11) finished in 0.00 seconds. Local cache hits 4 (0.00s CPU time), remote cache hits 0 (0.00s CPU time), compiled 0 variants (0.00s CPU time), skipped 0 variants.
    Prepared data for serialisation in 0.00s
  Pass Default (fp, dx11) finished in 0.00 seconds. Local cache hits 4 (0.00s CPU time), remote cache hits 0 (0.00s CPU time), compiled 0 variants (0.00s CPU time), skipped 0 variants.
    Prepared data for serialisation in 0.00s
  Pass XRMotionVectors (vp, dx11) finished in 0.00 seconds. Local cache hits 4 (0.00s CPU time), remote cache hits 0 (0.00s CPU time), compiled 0 variants (0.00s CPU time), skipped 0 variants.
    Prepared data for serialisation in 0.00s
  Pass XRMotionVectors (fp, dx11) finished in 0.00 seconds. Local cache hits 4 (0.00s CPU time), remote cache hits 0 (0.00s CPU time), compiled 0 variants (0.00s CPU time), skipped 0 variants.
    Prepared data for serialisation in 0.00s
Serialized binary data for shader UI/Default in 0.00s
    dx11 (total internal programs: 16, unique: 16)
Compiling shader "UI/DefaultETC1"
  Pass "Default" (vp)
    Target graphics API: dx11
    Full variant space:         4
    After settings filtering:   4
    After built-in stripping:   4
    After scriptable stripping: 4
    Processed in 0.00 seconds
  Pass "Default" (fp)
    Target graphics API: dx11
    Full variant space:         4
    After settings filtering:   4
    After built-in stripping:   4
    After scriptable stripping: 4
    Processed in 0.00 seconds
  Pass "XRMotionVectors" (vp)
    Target graphics API: dx11
    Full variant space:         4
    After settings filtering:   4
    After built-in stripping:   4
    After scriptable stripping: 4
    Processed in 0.00 seconds
  Pass "XRMotionVectors" (fp)
    Target graphics API: dx11
    Full variant space:         4
    After settings filtering:   4
    After built-in stripping:   4
    After scriptable stripping: 4
    Processed in 0.00 seconds
  Pass Default (vp, dx11) finished in 0.00 seconds. Local cache hits 4 (0.00s CPU time), remote cache hits 0 (0.00s CPU time), compiled 0 variants (0.00s CPU time), skipped 0 variants.
    Prepared data for serialisation in 0.00s
  Pass Default (fp, dx11) finished in 0.00 seconds. Local cache hits 4 (0.00s CPU time), remote cache hits 0 (0.00s CPU time), compiled 0 variants (0.00s CPU time), skipped 0 variants.
    Prepared data for serialisation in 0.00s
  Pass XRMotionVectors (vp, dx11) finished in 0.00 seconds. Local cache hits 4 (0.00s CPU time), remote cache hits 0 (0.00s CPU time), compiled 0 variants (0.00s CPU time), skipped 0 variants.
    Prepared data for serialisation in 0.00s
  Pass XRMotionVectors (fp, dx11) finished in 0.00 seconds. Local cache hits 4 (0.00s CPU time), remote cache hits 0 (0.00s CPU time), compiled 0 variants (0.00s CPU time), skipped 0 variants.
    Prepared data for serialisation in 0.00s
Serialized binary data for shader UI/DefaultETC1 in 0.00s
    dx11 (total internal programs: 16, unique: 16)
Compiling shader "Hidden/CubeBlur"
  Pass "" (vp)
    Target graphics API: dx11
    Full variant space:         1
    After settings filtering:   1
    After built-in stripping:   1
    After scriptable stripping: 1
    Processed in 0.00 seconds
  Pass "" (fp)
    Target graphics API: dx11
    Full variant space:         1
    After settings filtering:   1
    After built-in stripping:   1
    After scriptable stripping: 1
    Processed in 0.00 seconds
  Pass "" (vp)
    Target graphics API: dx11
    Full variant space:         1
    After settings filtering:   1
    After built-in stripping:   1
    After scriptable stripping: 1
    Processed in 0.00 seconds
  Pass "" (fp)
    Target graphics API: dx11
    Full variant space:         1
    After settings filtering:   1
    After built-in stripping:   1
    After scriptable stripping: 1
    Processed in 0.00 seconds
  Pass  (vp, dx11) finished in 0.00 seconds. Local cache hits 1 (0.00s CPU time), remote cache hits 0 (0.00s CPU time), compiled 0 variants (0.00s CPU time), skipped 0 variants.
    Prepared data for serialisation in 0.00s
  Pass  (fp, dx11) finished in 0.00 seconds. Local cache hits 1 (0.00s CPU time), remote cache hits 0 (0.00s CPU time), compiled 0 variants (0.00s CPU time), skipped 0 variants.
    Prepared data for serialisation in 0.00s
  Pass  (vp, dx11) finished in 0.00 seconds. Local cache hits 1 (0.00s CPU time), remote cache hits 0 (0.00s CPU time), compiled 0 variants (0.00s CPU time), skipped 0 variants.
    Prepared data for serialisation in 0.00s
  Pass  (fp, dx11) finished in 0.00 seconds. Local cache hits 1 (0.00s CPU time), remote cache hits 0 (0.00s CPU time), compiled 0 variants (0.00s CPU time), skipped 0 variants.
    Prepared data for serialisation in 0.00s
Serialized binary data for shader Hidden/CubeBlur in 0.00s
    dx11 (total internal programs: 4, unique: 3)
Compiling shader "Hidden/CubeCopy"
  Pass "" (vp)
    Target graphics API: dx11
    Full variant space:         1
    After settings filtering:   1
    After built-in stripping:   1
    After scriptable stripping: 1
    Processed in 0.00 seconds
  Pass "" (fp)
    Target graphics API: dx11
    Full variant space:         1
    After settings filtering:   1
    After built-in stripping:   1
    After scriptable stripping: 1
    Processed in 0.00 seconds
  Pass "" (vp)
    Target graphics API: dx11
    Full variant space:         1
    After settings filtering:   1
    After built-in stripping:   1
    After scriptable stripping: 1
    Processed in 0.00 seconds
  Pass "" (fp)
    Target graphics API: dx11
    Full variant space:         1
    After settings filtering:   1
    After built-in stripping:   1
    After scriptable stripping: 1
    Processed in 0.00 seconds
  Pass  (vp, dx11) finished in 0.00 seconds. Local cache hits 1 (0.00s CPU time), remote cache hits 0 (0.00s CPU time), compiled 0 variants (0.00s CPU time), skipped 0 variants.
    Prepared data for serialisation in 0.00s
  Pass  (fp, dx11) finished in 0.00 seconds. Local cache hits 1 (0.00s CPU time), remote cache hits 0 (0.00s CPU time), compiled 0 variants (0.00s CPU time), skipped 0 variants.
    Prepared data for serialisation in 0.00s
  Pass  (vp, dx11) finished in 0.00 seconds. Local cache hits 1 (0.00s CPU time), remote cache hits 0 (0.00s CPU time), compiled 0 variants (0.00s CPU time), skipped 0 variants.
    Prepared data for serialisation in 0.00s
  Pass  (fp, dx11) finished in 0.00 seconds. Local cache hits 1 (0.00s CPU time), remote cache hits 0 (0.00s CPU time), compiled 0 variants (0.00s CPU time), skipped 0 variants.
    Prepared data for serialisation in 0.00s
Serialized binary data for shader Hidden/CubeCopy in 0.00s
    dx11 (total internal programs: 4, unique: 2)
Compiling shader "Hidden/CubeBlend"
  Pass "" (vp)
    Target graphics API: dx11
    Full variant space:         1
    After settings filtering:   1
    After built-in stripping:   1
    After scriptable stripping: 1
    Processed in 0.00 seconds
  Pass "" (fp)
    Target graphics API: dx11
    Full variant space:         1
    After settings filtering:   1
    After built-in stripping:   1
    After scriptable stripping: 1
    Processed in 0.00 seconds
  Pass "" (vp)
    Target graphics API: dx11
    Full variant space:         1
    After settings filtering:   1
    After built-in stripping:   1
    After scriptable stripping: 1
    Processed in 0.00 seconds
  Pass "" (fp)
    Target graphics API: dx11
    Full variant space:         1
    After settings filtering:   1
    After built-in stripping:   1
    After scriptable stripping: 1
    Processed in 0.00 seconds
  Pass  (vp, dx11) finished in 0.00 seconds. Local cache hits 1 (0.00s CPU time), remote cache hits 0 (0.00s CPU time), compiled 0 variants (0.00s CPU time), skipped 0 variants.
    Prepared data for serialisation in 0.00s
  Pass  (fp, dx11) finished in 0.00 seconds. Local cache hits 1 (0.00s CPU time), remote cache hits 0 (0.00s CPU time), compiled 0 variants (0.00s CPU time), skipped 0 variants.
    Prepared data for serialisation in 0.00s
  Pass  (vp, dx11) finished in 0.00 seconds. Local cache hits 1 (0.00s CPU time), remote cache hits 0 (0.00s CPU time), compiled 0 variants (0.00s CPU time), skipped 0 variants.
    Prepared data for serialisation in 0.00s
  Pass  (fp, dx11) finished in 0.00 seconds. Local cache hits 1 (0.00s CPU time), remote cache hits 0 (0.00s CPU time), compiled 0 variants (0.00s CPU time), skipped 0 variants.
    Prepared data for serialisation in 0.00s
Serialized binary data for shader Hidden/CubeBlend in 0.00s
    dx11 (total internal programs: 4, unique: 2)
Compiling shader "Hidden/VR/BlitTexArraySlice"
  Pass "" (vp)
    Target graphics API: dx11
    Full variant space:         1
    After settings filtering:   1
    After built-in stripping:   1
    After scriptable stripping: 1
    Processed in 0.00 seconds
  Pass "" (fp)
    Target graphics API: dx11
    Full variant space:         1
    After settings filtering:   1
    After built-in stripping:   1
    After scriptable stripping: 1
    Processed in 0.00 seconds
  Pass  (vp, dx11) finished in 0.00 seconds. Local cache hits 1 (0.00s CPU time), remote cache hits 0 (0.00s CPU time), compiled 0 variants (0.00s CPU time), skipped 0 variants.
    Prepared data for serialisation in 0.00s
  Pass  (fp, dx11) finished in 0.00 seconds. Local cache hits 1 (0.00s CPU time), remote cache hits 0 (0.00s CPU time), compiled 0 variants (0.00s CPU time), skipped 0 variants.
    Prepared data for serialisation in 0.00s
Serialized binary data for shader Hidden/VR/BlitTexArraySlice in 0.00s
    dx11 (total internal programs: 2, unique: 2)
Compiling shader "Hidden/Internal-ODSWorldTexture"
  Pass "" (vp)
    Target graphics API: dx11
    Full variant space:         1
    After settings filtering:   1
    After built-in stripping:   1
    After scriptable stripping: 1
    Processed in 0.00 seconds
  Pass "" (fp)
    Target graphics API: dx11
    Full variant space:         1
    After settings filtering:   1
    After built-in stripping:   1
    After scriptable stripping: 1
    Processed in 0.00 seconds
  Pass "" (vp)
    Target graphics API: dx11
    Full variant space:         1
    After settings filtering:   1
    After built-in stripping:   1
    After scriptable stripping: 1
    Processed in 0.00 seconds
  Pass "" (fp)
    Target graphics API: dx11
    Full variant space:         1
    After settings filtering:   1
    After built-in stripping:   1
    After scriptable stripping: 1
    Processed in 0.00 seconds
  Pass "" (vp)
    Target graphics API: dx11
    Full variant space:         1
    After settings filtering:   1
    After built-in stripping:   1
    After scriptable stripping: 1
    Processed in 0.00 seconds
  Pass "" (fp)
    Target graphics API: dx11
    Full variant space:         1
    After settings filtering:   1
    After built-in stripping:   1
    After scriptable stripping: 1
    Processed in 0.00 seconds
  Pass "" (vp)
    Target graphics API: dx11
    Full variant space:         1
    After settings filtering:   1
    After built-in stripping:   1
    After scriptable stripping: 1
    Processed in 0.00 seconds
  Pass "" (fp)
    Target graphics API: dx11
    Full variant space:         1
    After settings filtering:   1
    After built-in stripping:   1
    After scriptable stripping: 1
    Processed in 0.00 seconds
  Pass "" (vp)
    Target graphics API: dx11
    Full variant space:         1
    After settings filtering:   1
    After built-in stripping:   1
    After scriptable stripping: 1
    Processed in 0.00 seconds
  Pass "" (fp)
    Target graphics API: dx11
    Full variant space:         1
    After settings filtering:   1
    After built-in stripping:   1
    After scriptable stripping: 1
    Processed in 0.00 seconds
  Pass "" (vp)
    Target graphics API: dx11
    Full variant space:         1
    After settings filtering:   1
    After built-in stripping:   1
    After scriptable stripping: 1
    Processed in 0.00 seconds
  Pass "" (fp)
    Target graphics API: dx11
    Full variant space:         1
    After settings filtering:   1
    After built-in stripping:   1
    After scriptable stripping: 1
    Processed in 0.00 seconds
  Pass "" (vp)
    Target graphics API: dx11
    Full variant space:         1
    After settings filtering:   1
    After built-in stripping:   1
    After scriptable stripping: 1
    Processed in 0.00 seconds
  Pass "" (fp)
    Target graphics API: dx11
    Full variant space:         1
    After settings filtering:   1
    After built-in stripping:   1
    After scriptable stripping: 1
    Processed in 0.00 seconds
  Pass "" (vp)
    Target graphics API: dx11
    Full variant space:         1
    After settings filtering:   1
    After built-in stripping:   1
    After scriptable stripping: 1
    Processed in 0.00 seconds
  Pass "" (fp)
    Target graphics API: dx11
    Full variant space:         1
    After settings filtering:   1
    After built-in stripping:   1
    After scriptable stripping: 1
    Processed in 0.00 seconds
  Pass "" (vp)
    Target graphics API: dx11
    Full variant space:         1
    After settings filtering:   1
    After built-in stripping:   1
    After scriptable stripping: 1
    Processed in 0.00 seconds
  Pass "" (fp)
    Target graphics API: dx11
    Full variant space:         1
    After settings filtering:   1
    After built-in stripping:   1
    After scriptable stripping: 1
    Processed in 0.00 seconds
  Pass "" (vp)
    Target graphics API: dx11
    Full variant space:         1
    After settings filtering:   1
    After built-in stripping:   1
    After scriptable stripping: 1
    Processed in 0.00 seconds
  Pass "" (fp)
    Target graphics API: dx11
    Full variant space:         1
    After settings filtering:   1
    After built-in stripping:   1
    After scriptable stripping: 1
    Processed in 0.00 seconds
  Pass  (vp, dx11) finished in 0.00 seconds. Local cache hits 1 (0.00s CPU time), remote cache hits 0 (0.00s CPU time), compiled 0 variants (0.00s CPU time), skipped 0 variants.
    Prepared data for serialisation in 0.00s
  Pass  (fp, dx11) finished in 0.00 seconds. Local cache hits 1 (0.00s CPU time), remote cache hits 0 (0.00s CPU time), compiled 0 variants (0.00s CPU time), skipped 0 variants.
    Prepared data for serialisation in 0.00s
  Pass  (vp, dx11) finished in 0.00 seconds. Local cache hits 1 (0.00s CPU time), remote cache hits 0 (0.00s CPU time), compiled 0 variants (0.00s CPU time), skipped 0 variants.
    Prepared data for serialisation in 0.00s
  Pass  (fp, dx11) finished in 0.00 seconds. Local cache hits 1 (0.00s CPU time), remote cache hits 0 (0.00s CPU time), compiled 0 variants (0.00s CPU time), skipped 0 variants.
    Prepared data for serialisation in 0.00s
  Pass  (vp, dx11) finished in 0.00 seconds. Local cache hits 1 (0.00s CPU time), remote cache hits 0 (0.00s CPU time), compiled 0 variants (0.00s CPU time), skipped 0 variants.
    Prepared data for serialisation in 0.00s
  Pass  (fp, dx11) finished in 0.00 seconds. Local cache hits 1 (0.00s CPU time), remote cache hits 0 (0.00s CPU time), compiled 0 variants (0.00s CPU time), skipped 0 variants.
    Prepared data for serialisation in 0.00s
  Pass  (vp, dx11) finished in 0.00 seconds. Local cache hits 1 (0.00s CPU time), remote cache hits 0 (0.00s CPU time), compiled 0 variants (0.00s CPU time), skipped 0 variants.
    Prepared data for serialisation in 0.00s
  Pass  (fp, dx11) finished in 0.00 seconds. Local cache hits 1 (0.00s CPU time), remote cache hits 0 (0.00s CPU time), compiled 0 variants (0.00s CPU time), skipped 0 variants.
    Prepared data for serialisation in 0.00s
  Pass  (vp, dx11) finished in 0.00 seconds. Local cache hits 1 (0.00s CPU time), remote cache hits 0 (0.00s CPU time), compiled 0 variants (0.00s CPU time), skipped 0 variants.
    Prepared data for serialisation in 0.00s
  Pass  (fp, dx11) finished in 0.00 seconds. Local cache hits 1 (0.00s CPU time), remote cache hits 0 (0.00s CPU time), compiled 0 variants (0.00s CPU time), skipped 0 variants.
    Prepared data for serialisation in 0.00s
  Pass  (vp, dx11) finished in 0.00 seconds. Local cache hits 1 (0.00s CPU time), remote cache hits 0 (0.00s CPU time), compiled 0 variants (0.00s CPU time), skipped 0 variants.
    Prepared data for serialisation in 0.00s
  Pass  (fp, dx11) finished in 0.00 seconds. Local cache hits 1 (0.00s CPU time), remote cache hits 0 (0.00s CPU time), compiled 0 variants (0.00s CPU time), skipped 0 variants.
    Prepared data for serialisation in 0.00s
  Pass  (vp, dx11) finished in 0.00 seconds. Local cache hits 1 (0.00s CPU time), remote cache hits 0 (0.00s CPU time), compiled 0 variants (0.00s CPU time), skipped 0 variants.
    Prepared data for serialisation in 0.00s
  Pass  (fp, dx11) finished in 0.00 seconds. Local cache hits 1 (0.00s CPU time), remote cache hits 0 (0.00s CPU time), compiled 0 variants (0.00s CPU time), skipped 0 variants.
    Prepared data for serialisation in 0.00s
  Pass  (vp, dx11) finished in 0.00 seconds. Local cache hits 1 (0.00s CPU time), remote cache hits 0 (0.00s CPU time), compiled 0 variants (0.00s CPU time), skipped 0 variants.
    Prepared data for serialisation in 0.00s
  Pass  (fp, dx11) finished in 0.00 seconds. Local cache hits 1 (0.00s CPU time), remote cache hits 0 (0.00s CPU time), compiled 0 variants (0.00s CPU time), skipped 0 variants.
    Prepared data for serialisation in 0.00s
  Pass  (vp, dx11) finished in 0.00 seconds. Local cache hits 1 (0.00s CPU time), remote cache hits 0 (0.00s CPU time), compiled 0 variants (0.00s CPU time), skipped 0 variants.
    Prepared data for serialisation in 0.00s
  Pass  (fp, dx11) finished in 0.00 seconds. Local cache hits 1 (0.00s CPU time), remote cache hits 0 (0.00s CPU time), compiled 0 variants (0.00s CPU time), skipped 0 variants.
    Prepared data for serialisation in 0.00s
  Pass  (vp, dx11) finished in 0.00 seconds. Local cache hits 1 (0.00s CPU time), remote cache hits 0 (0.00s CPU time), compiled 0 variants (0.00s CPU time), skipped 0 variants.
    Prepared data for serialisation in 0.00s
  Pass  (fp, dx11) finished in 0.00 seconds. Local cache hits 1 (0.00s CPU time), remote cache hits 0 (0.00s CPU time), compiled 0 variants (0.00s CPU time), skipped 0 variants.
    Prepared data for serialisation in 0.00s
Serialized binary data for shader Hidden/Internal-ODSWorldTexture in 0.00s
    dx11 (total internal programs: 20, unique: 15)
Compiling shader "Hidden/Internal-CubemapToEquirect"
  Pass "" (vp)
    Target graphics API: dx11
    Full variant space:         1
    After settings filtering:   1
    After built-in stripping:   1
    After scriptable stripping: 1
    Processed in 0.00 seconds
  Pass "" (fp)
    Target graphics API: dx11
    Full variant space:         1
    After settings filtering:   1
    After built-in stripping:   1
    After scriptable stripping: 1
    Processed in 0.00 seconds
  Pass  (vp, dx11) finished in 0.00 seconds. Local cache hits 1 (0.00s CPU time), remote cache hits 0 (0.00s CPU time), compiled 0 variants (0.00s CPU time), skipped 0 variants.
    Prepared data for serialisation in 0.00s
  Pass  (fp, dx11) finished in 0.00 seconds. Local cache hits 1 (0.00s CPU time), remote cache hits 0 (0.00s CPU time), compiled 0 variants (0.00s CPU time), skipped 0 variants.
    Prepared data for serialisation in 0.00s
Serialized binary data for shader Hidden/Internal-CubemapToEquirect in 0.00s
    dx11 (total internal programs: 2, unique: 2)
Compiling shader "Hidden/VR/BlitFromTex2DToTexArraySlice"
  Pass "" (vp)
    Target graphics API: dx11
    Full variant space:         1
    After settings filtering:   1
    After built-in stripping:   1
    After scriptable stripping: 1
    Processed in 0.00 seconds
  Pass "" (fp)
    Target graphics API: dx11
    Full variant space:         1
    After settings filtering:   1
    After built-in stripping:   1
    After scriptable stripping: 1
    Processed in 0.00 seconds
  Pass "" (vp)
    Target graphics API: dx11
    Full variant space:         1
    After settings filtering:   1
    After built-in stripping:   1
    After scriptable stripping: 1
    Processed in 0.00 seconds
  Pass "" (fp)
    Target graphics API: dx11
    Full variant space:         1
    After settings filtering:   1
    After built-in stripping:   1
    After scriptable stripping: 1
    Processed in 0.00 seconds
  Pass "" (gp)
    Target graphics API: dx11
    Full variant space:         1
    After settings filtering:   1
    After built-in stripping:   1
    After scriptable stripping: 1
    Processed in 0.00 seconds
  Pass  (vp, dx11) finished in 0.00 seconds. Local cache hits 1 (0.00s CPU time), remote cache hits 0 (0.00s CPU time), compiled 0 variants (0.00s CPU time), skipped 0 variants.
    Prepared data for serialisation in 0.00s
  Pass  (fp, dx11) finished in 0.00 seconds. Local cache hits 1 (0.00s CPU time), remote cache hits 0 (0.00s CPU time), compiled 0 variants (0.00s CPU time), skipped 0 variants.
    Prepared data for serialisation in 0.00s
  Pass  (vp, dx11) finished in 0.00 seconds. Local cache hits 1 (0.00s CPU time), remote cache hits 0 (0.00s CPU time), compiled 0 variants (0.00s CPU time), skipped 0 variants.
    Prepared data for serialisation in 0.00s
  Pass  (fp, dx11) finished in 0.00 seconds. Local cache hits 1 (0.00s CPU time), remote cache hits 0 (0.00s CPU time), compiled 0 variants (0.00s CPU time), skipped 0 variants.
    Prepared data for serialisation in 0.00s
  Pass  (gp, dx11) finished in 0.00 seconds. Local cache hits 1 (0.00s CPU time), remote cache hits 0 (0.00s CPU time), compiled 0 variants (0.00s CPU time), skipped 0 variants.
    Prepared data for serialisation in 0.00s
Serialized binary data for shader Hidden/VR/BlitFromTex2DToTexArraySlice in 0.00s
    dx11 (total internal programs: 5, unique: 5)
Compiling shader "Hidden/VideoComposite"
  Pass "Default" (vp)
    Target graphics API: dx11
    Full variant space:         1
    After settings filtering:   1
    After built-in stripping:   1
    After scriptable stripping: 1
    Processed in 0.00 seconds
  Pass "Default" (fp)
    Target graphics API: dx11
    Full variant space:         1
    After settings filtering:   1
    After built-in stripping:   1
    After scriptable stripping: 1
    Processed in 0.00 seconds
  Pass Default (vp, dx11) finished in 0.00 seconds. Local cache hits 1 (0.00s CPU time), remote cache hits 0 (0.00s CPU time), compiled 0 variants (0.00s CPU time), skipped 0 variants.
    Prepared data for serialisation in 0.00s
  Pass Default (fp, dx11) finished in 0.00 seconds. Local cache hits 1 (0.00s CPU time), remote cache hits 0 (0.00s CPU time), compiled 0 variants (0.00s CPU time), skipped 0 variants.
    Prepared data for serialisation in 0.00s
Serialized binary data for shader Hidden/VideoComposite in 0.00s
    dx11 (total internal programs: 2, unique: 2)
Compiling shader "Hidden/VideoDecode"
  Pass "YCbCr_To_RGB1" (vp)
    Target graphics API: dx11
    Full variant space:         2
    After settings filtering:   2
    After built-in stripping:   2
    After scriptable stripping: 2
    Processed in 0.00 seconds
  Pass "YCbCr_To_RGB1" (fp)
    Target graphics API: dx11
    Full variant space:         2
    After settings filtering:   2
    After built-in stripping:   2
    After scriptable stripping: 2
    Processed in 0.00 seconds
  Pass "YCbCrA_To_RGBAFull" (vp)
    Target graphics API: dx11
    Full variant space:         2
    After settings filtering:   2
    After built-in stripping:   2
    After scriptable stripping: 2
    Processed in 0.00 seconds
  Pass "YCbCrA_To_RGBAFull" (fp)
    Target graphics API: dx11
    Full variant space:         2
    After settings filtering:   2
    After built-in stripping:   2
    After scriptable stripping: 2
    Processed in 0.00 seconds
  Pass "YCbCrA_To_RGBA" (vp)
    Target graphics API: dx11
    Full variant space:         2
    After settings filtering:   2
    After built-in stripping:   2
    After scriptable stripping: 2
    Processed in 0.00 seconds
  Pass "YCbCrA_To_RGBA" (fp)
    Target graphics API: dx11
    Full variant space:         2
    After settings filtering:   2
    After built-in stripping:   2
    After scriptable stripping: 2
    Processed in 0.00 seconds
  Pass "Flip_RGBA_To_RGBA" (vp)
    Target graphics API: dx11
    Full variant space:         2
    After settings filtering:   2
    After built-in stripping:   2
    After scriptable stripping: 2
    Processed in 0.00 seconds
  Pass "Flip_RGBA_To_RGBA" (fp)
    Target graphics API: dx11
    Full variant space:         2
    After settings filtering:   2
    After built-in stripping:   2
    After scriptable stripping: 2
    Processed in 0.00 seconds
  Pass "Flip_RGBASplit_To_RGBA" (vp)
    Target graphics API: dx11
    Full variant space:         2
    After settings filtering:   2
    After built-in stripping:   2
    After scriptable stripping: 2
    Processed in 0.00 seconds
  Pass "Flip_RGBASplit_To_RGBA" (fp)
    Target graphics API: dx11
    Full variant space:         2
    After settings filtering:   2
    After built-in stripping:   2
    After scriptable stripping: 2
    Processed in 0.00 seconds
  Pass "Flip_NV12_To_RGB1" (vp)
    Target graphics API: dx11
    Full variant space:         2
    After settings filtering:   2
    After built-in stripping:   2
    After scriptable stripping: 2
    Processed in 0.00 seconds
  Pass "Flip_NV12_To_RGB1" (fp)
    Target graphics API: dx11
    Full variant space:         2
    After settings filtering:   2
    After built-in stripping:   2
    After scriptable stripping: 2
    Processed in 0.00 seconds
  Pass "Flip_NV12_To_RGBA" (vp)
    Target graphics API: dx11
    Full variant space:         2
    After settings filtering:   2
    After built-in stripping:   2
    After scriptable stripping: 2
    Processed in 0.00 seconds
  Pass "Flip_NV12_To_RGBA" (fp)
    Target graphics API: dx11
    Full variant space:         2
    After settings filtering:   2
    After built-in stripping:   2
    After scriptable stripping: 2
    Processed in 0.00 seconds
  Pass "Flip_P010_To_RGB1" (vp)
    Target graphics API: dx11
    Full variant space:         1
    After settings filtering:   1
    After built-in stripping:   1
    After scriptable stripping: 1
    Processed in 0.00 seconds
  Pass "Flip_P010_To_RGB1" (fp)
    Target graphics API: dx11
    Full variant space:         1
    After settings filtering:   1
    After built-in stripping:   1
    After scriptable stripping: 1
    Processed in 0.00 seconds
  Pass YCbCr_To_RGB1 (vp, dx11) finished in 0.00 seconds. Local cache hits 2 (0.00s CPU time), remote cache hits 0 (0.00s CPU time), compiled 0 variants (0.00s CPU time), skipped 0 variants.
    Prepared data for serialisation in 0.00s
  Pass YCbCr_To_RGB1 (fp, dx11) finished in 0.00 seconds. Local cache hits 2 (0.00s CPU time), remote cache hits 0 (0.00s CPU time), compiled 0 variants (0.00s CPU time), skipped 0 variants.
    Prepared data for serialisation in 0.00s
  Pass YCbCrA_To_RGBAFull (vp, dx11) finished in 0.00 seconds. Local cache hits 2 (0.00s CPU time), remote cache hits 0 (0.00s CPU time), compiled 0 variants (0.00s CPU time), skipped 0 variants.
    Prepared data for serialisation in 0.00s
  Pass YCbCrA_To_RGBAFull (fp, dx11) finished in 0.00 seconds. Local cache hits 2 (0.00s CPU time), remote cache hits 0 (0.00s CPU time), compiled 0 variants (0.00s CPU time), skipped 0 variants.
    Prepared data for serialisation in 0.00s
  Pass YCbCrA_To_RGBA (vp, dx11) finished in 0.00 seconds. Local cache hits 2 (0.00s CPU time), remote cache hits 0 (0.00s CPU time), compiled 0 variants (0.00s CPU time), skipped 0 variants.
    Prepared data for serialisation in 0.00s
  Pass YCbCrA_To_RGBA (fp, dx11) finished in 0.00 seconds. Local cache hits 2 (0.00s CPU time), remote cache hits 0 (0.00s CPU time), compiled 0 variants (0.00s CPU time), skipped 0 variants.
    Prepared data for serialisation in 0.00s
  Pass Flip_RGBA_To_RGBA (vp, dx11) finished in 0.00 seconds. Local cache hits 2 (0.00s CPU time), remote cache hits 0 (0.00s CPU time), compiled 0 variants (0.00s CPU time), skipped 0 variants.
    Prepared data for serialisation in 0.00s
  Pass Flip_RGBA_To_RGBA (fp, dx11) finished in 0.00 seconds. Local cache hits 2 (0.00s CPU time), remote cache hits 0 (0.00s CPU time), compiled 0 variants (0.00s CPU time), skipped 0 variants.
    Prepared data for serialisation in 0.00s
  Pass Flip_RGBASplit_To_RGBA (vp, dx11) finished in 0.00 seconds. Local cache hits 2 (0.00s CPU time), remote cache hits 0 (0.00s CPU time), compiled 0 variants (0.00s CPU time), skipped 0 variants.
    Prepared data for serialisation in 0.00s
  Pass Flip_RGBASplit_To_RGBA (fp, dx11) finished in 0.00 seconds. Local cache hits 2 (0.00s CPU time), remote cache hits 0 (0.00s CPU time), compiled 0 variants (0.00s CPU time), skipped 0 variants.
    Prepared data for serialisation in 0.00s
  Pass Flip_NV12_To_RGB1 (vp, dx11) finished in 0.00 seconds. Local cache hits 2 (0.00s CPU time), remote cache hits 0 (0.00s CPU time), compiled 0 variants (0.00s CPU time), skipped 0 variants.
    Prepared data for serialisation in 0.00s
  Pass Flip_NV12_To_RGB1 (fp, dx11) finished in 0.00 seconds. Local cache hits 2 (0.00s CPU time), remote cache hits 0 (0.00s CPU time), compiled 0 variants (0.00s CPU time), skipped 0 variants.
    Prepared data for serialisation in 0.00s
  Pass Flip_NV12_To_RGBA (vp, dx11) finished in 0.00 seconds. Local cache hits 2 (0.00s CPU time), remote cache hits 0 (0.00s CPU time), compiled 0 variants (0.00s CPU time), skipped 0 variants.
    Prepared data for serialisation in 0.00s
  Pass Flip_NV12_To_RGBA (fp, dx11) finished in 0.00 seconds. Local cache hits 2 (0.00s CPU time), remote cache hits 0 (0.00s CPU time), compiled 0 variants (0.00s CPU time), skipped 0 variants.
    Prepared data for serialisation in 0.00s
  Pass Flip_P010_To_RGB1 (vp, dx11) finished in 0.00 seconds. Local cache hits 1 (0.00s CPU time), remote cache hits 0 (0.00s CPU time), compiled 0 variants (0.00s CPU time), skipped 0 variants.
    Prepared data for serialisation in 0.00s
  Pass Flip_P010_To_RGB1 (fp, dx11) finished in 0.00 seconds. Local cache hits 1 (0.00s CPU time), remote cache hits 0 (0.00s CPU time), compiled 0 variants (0.00s CPU time), skipped 0 variants.
    Prepared data for serialisation in 0.00s
Serialized binary data for shader Hidden/VideoDecode in 0.00s
    dx11 (total internal programs: 30, unique: 19)
Compiling shader "Hidden/TextCore/Distance Field SSD"
  Pass "" (vp)
    Target graphics API: dx11
    Full variant space:         1
    After settings filtering:   1
    After built-in stripping:   1
    After scriptable stripping: 1
    Processed in 0.00 seconds
  Pass "" (fp)
    Target graphics API: dx11
    Full variant space:         1
    After settings filtering:   1
    After built-in stripping:   1
    After scriptable stripping: 1
    Processed in 0.00 seconds
  Pass  (vp, dx11) finished in 0.00 seconds. Local cache hits 1 (0.00s CPU time), remote cache hits 0 (0.00s CPU time), compiled 0 variants (0.00s CPU time), skipped 0 variants.
    Prepared data for serialisation in 0.00s
  Pass  (fp, dx11) finished in 0.00 seconds. Local cache hits 1 (0.00s CPU time), remote cache hits 0 (0.00s CPU time), compiled 0 variants (0.00s CPU time), skipped 0 variants.
    Prepared data for serialisation in 0.00s
Serialized binary data for shader Hidden/TextCore/Distance Field SSD in 0.00s
    dx11 (total internal programs: 2, unique: 2)
Compiling shader "Hidden/Physics2D/SDF_CircleGeometry"
  Pass "" (vp)
    Target graphics API: dx11
    Full variant space:         2
    After settings filtering:   2
    After built-in stripping:   1
    After scriptable stripping: 1
    Processed in 0.00 seconds
  Pass "" (fp)
    Target graphics API: dx11
    Full variant space:         2
    After settings filtering:   2
    After built-in stripping:   1
    After scriptable stripping: 1
    Processed in 0.00 seconds
  Pass  (vp, dx11) finished in 0.00 seconds. Local cache hits 1 (0.00s CPU time), remote cache hits 0 (0.00s CPU time), compiled 0 variants (0.00s CPU time), skipped 0 variants.
    Prepared data for serialisation in 0.00s
  Pass  (fp, dx11) finished in 0.00 seconds. Local cache hits 1 (0.00s CPU time), remote cache hits 0 (0.00s CPU time), compiled 0 variants (0.00s CPU time), skipped 0 variants.
    Prepared data for serialisation in 0.00s
Serialized binary data for shader Hidden/Physics2D/SDF_CircleGeometry in 0.00s
    dx11 (total internal programs: 2, unique: 2)
Compiling shader "Hidden/Physics2D/SDF_CapsuleGeometry"
  Pass "" (vp)
    Target graphics API: dx11
    Full variant space:         2
    After settings filtering:   2
    After built-in stripping:   1
    After scriptable stripping: 1
    Processed in 0.00 seconds
  Pass "" (fp)
    Target graphics API: dx11
    Full variant space:         2
    After settings filtering:   2
    After built-in stripping:   1
    After scriptable stripping: 1
    Processed in 0.00 seconds
  Pass  (vp, dx11) finished in 0.00 seconds. Local cache hits 1 (0.00s CPU time), remote cache hits 0 (0.00s CPU time), compiled 0 variants (0.00s CPU time), skipped 0 variants.
    Prepared data for serialisation in 0.00s
  Pass  (fp, dx11) finished in 0.00 seconds. Local cache hits 1 (0.00s CPU time), remote cache hits 0 (0.00s CPU time), compiled 0 variants (0.00s CPU time), skipped 0 variants.
    Prepared data for serialisation in 0.00s
Serialized binary data for shader Hidden/Physics2D/SDF_CapsuleGeometry in 0.00s
    dx11 (total internal programs: 2, unique: 2)
Compiling shader "Hidden/Physics2D/SDF_PolygonGeometry"
  Pass "" (vp)
    Target graphics API: dx11
    Full variant space:         2
    After settings filtering:   2
    After built-in stripping:   1
    After scriptable stripping: 1
    Processed in 0.00 seconds
  Pass "" (fp)
    Target graphics API: dx11
    Full variant space:         2
    After settings filtering:   2
    After built-in stripping:   1
    After scriptable stripping: 1
    Processed in 0.00 seconds
  Pass  (vp, dx11) finished in 0.00 seconds. Local cache hits 1 (0.00s CPU time), remote cache hits 0 (0.00s CPU time), compiled 0 variants (0.00s CPU time), skipped 0 variants.
    Prepared data for serialisation in 0.00s
  Pass  (fp, dx11) finished in 0.00 seconds. Local cache hits 1 (0.00s CPU time), remote cache hits 0 (0.00s CPU time), compiled 0 variants (0.00s CPU time), skipped 0 variants.
    Prepared data for serialisation in 0.00s
Serialized binary data for shader Hidden/Physics2D/SDF_PolygonGeometry in 0.00s
    dx11 (total internal programs: 2, unique: 2)
Compiling shader "Hidden/Physics2D/SDF_Line"
  Pass "" (vp)
    Target graphics API: dx11
    Full variant space:         2
    After settings filtering:   2
    After built-in stripping:   1
    After scriptable stripping: 1
    Processed in 0.00 seconds
  Pass "" (fp)
    Target graphics API: dx11
    Full variant space:         2
    After settings filtering:   2
    After built-in stripping:   1
    After scriptable stripping: 1
    Processed in 0.00 seconds
  Pass  (vp, dx11) finished in 0.00 seconds. Local cache hits 1 (0.00s CPU time), remote cache hits 0 (0.00s CPU time), compiled 0 variants (0.00s CPU time), skipped 0 variants.
    Prepared data for serialisation in 0.00s
  Pass  (fp, dx11) finished in 0.00 seconds. Local cache hits 1 (0.00s CPU time), remote cache hits 0 (0.00s CPU time), compiled 0 variants (0.00s CPU time), skipped 0 variants.
    Prepared data for serialisation in 0.00s
Serialized binary data for shader Hidden/Physics2D/SDF_Line in 0.00s
    dx11 (total internal programs: 2, unique: 2)
Compiling shader "Hidden/Physics2D/SDF_Point"
  Pass "" (vp)
    Target graphics API: dx11
    Full variant space:         2
    After settings filtering:   2
    After built-in stripping:   1
    After scriptable stripping: 1
    Processed in 0.00 seconds
  Pass "" (fp)
    Target graphics API: dx11
    Full variant space:         2
    After settings filtering:   2
    After built-in stripping:   1
    After scriptable stripping: 1
    Processed in 0.00 seconds
  Pass  (vp, dx11) finished in 0.00 seconds. Local cache hits 1 (0.00s CPU time), remote cache hits 0 (0.00s CPU time), compiled 0 variants (0.00s CPU time), skipped 0 variants.
    Prepared data for serialisation in 0.00s
  Pass  (fp, dx11) finished in 0.00 seconds. Local cache hits 1 (0.00s CPU time), remote cache hits 0 (0.00s CPU time), compiled 0 variants (0.00s CPU time), skipped 0 variants.
    Prepared data for serialisation in 0.00s
Serialized binary data for shader Hidden/Physics2D/SDF_Point in 0.00s
    dx11 (total internal programs: 2, unique: 2)
SpriteAtlasDatabase::Cleanup
[             ] Require frontend run.  Library/Bee/Playerf85ab3c0.dag couldn't be loaded
Starting: /home/mira/Unity/Hub/Editor/6000.6.3f1/Editor/Data/Tools/BuildPipeline/bee_backend --ipc --dagfile="Library/Bee/Playerf85ab3c0.dag" --profile="Library/Bee/backend1.traceevents" Player
WorkingDir: /home/mira/code/slopgame
Starting: /home/mira/Unity/Hub/Editor/6000.6.3f1/Editor/Data/DotNetSdk/dotnet "/home/mira/Unity/Hub/Editor/6000.6.3f1/Editor/Data/PlaybackEngines/WindowsStandaloneSupport/WinPlayerBuildProgram.exe" "/home/mira/Unity/Hub/Editor/6000.6.3f1/Editor/Data/PlaybackEngines/WindowsStandaloneSupport/Bee:/home/mira/Unity/Hub/Editor/6000.6.3f1/Editor/Data/Tools/BuildPipeline" "Library/Bee/Playerf85ab3c0.dag.json" "Library/Bee/Playerf85ab3c0-inputdata.json" "Library/Bee/buildprogram0.traceevents"
WorkingDir: /home/mira/code/slopgame
ExitCode: 4 Duration: 0s107ms
DisplayProgressbar: Incremental Player Build
Finished compiling graph: 503 nodes, 1306 flattened edges (1306 ToBuild, 0 ToUse), maximum node priority 309
[ 79/501    0s] WriteFile Library/Bee/artifacts/csharpactions/boot.config_tyr4.info
[155/501    0s] CopyFiles Builds/Windows/AshBelow-20261002-110832-077/AshBelow_Data/RuntimeInitializeOnLoads.json
[156/501    0s] CopyFiles Builds/Windows/AshBelow-20261002-110832-077/MonoBleedingEdge/etc/mono/config
[157/501    0s] CopyFiles Builds/Windows/AshBelow-20261002-110832-077/MonoBleedingEdge/etc/mono/4.0/Browsers/Compat.browser
[158/501    0s] CopyFiles Builds/Windows/AshBelow-20261002-110832-077/MonoBleedingEdge/etc/mono/4.0/settings.map
[159/501    0s] CopyFiles Builds/Windows/AshBelow-20261002-110832-077/MonoBleedingEdge/etc/mono/4.5/DefaultWsdlHelpGenerator.aspx
[160/501    0s] CopyFiles Builds/Windows/AshBelow-20261002-110832-077/MonoBleedingEdge/etc/mono/4.0/DefaultWsdlHelpGenerator.aspx
[161/501    0s] CopyFiles Builds/Windows/AshBelow-20261002-110832-077/MonoBleedingEdge/etc/mono/4.5/machine.config
[162/501    0s] CopyFiles Builds/Windows/AshBelow-20261002-110832-077/MonoBleedingEdge/etc/mono/2.0/web.config
[163/501    0s] CopyFiles Builds/Windows/AshBelow-20261002-110832-077/MonoBleedingEdge/etc/mono/4.5/Browsers/Compat.browser
[164/501    0s] CopyFiles Builds/Windows/AshBelow-20261002-110832-077/MonoBleedingEdge/etc/mono/4.0/machine.config
[165/501    0s] CopyFiles Builds/Windows/AshBelow-20261002-110832-077/MonoBleedingEdge/etc/mono/mconfig/config.xml
[166/501    0s] CopyFiles Builds/Windows/AshBelow-20261002-110832-077/AshBelow_Data/Resources/unity_builtin_extra
[167/501    0s] CopyFiles Builds/Windows/AshBelow-20261002-110832-077/AshBelow_Data/sharedassets0.assets
[168/501    0s] CopyFiles Builds/Windows/AshBelow-20261002-110832-077/MonoBleedingEdge/etc/mono/browscap.ini
[169/501    0s] CopyFiles Builds/Windows/AshBelow-20261002-110832-077/AshBelow_Data/resources.assets
[170/501    0s] CopyFiles Builds/Windows/AshBelow-20261002-110832-077/AshBelow_Data/level0
[171/501    0s] CopyFiles Builds/Windows/AshBelow-20261002-110832-077/AshBelow_Data/sharedassets0.assets.resS
[172/501    0s] CopyFiles Builds/Windows/AshBelow-20261002-110832-077/AshBelow_Data/StreamingAssets/UnityServicesProjectConfiguration.json
[173/501    0s] CopyFiles Builds/Windows/AshBelow-20261002-110832-077/AshBelow_Data/ScriptingAssemblies.json
[174/501    0s] CopyFiles Builds/Windows/AshBelow-20261002-110832-077/AshBelow_Data/globalgamemanagers
[175/501    0s] CopyFiles Builds/Windows/AshBelow-20261002-110832-077/AshBelow_Data/globalgamemanagers.assets
[176/501    0s] CopyFiles Builds/Windows/AshBelow-20261002-110832-077/AshBelow.exe
[177/501    0s] CopyFiles Builds/Windows/AshBelow-20261002-110832-077/dstorage.dll
[178/501    0s] CopyFiles Builds/Windows/AshBelow-20261002-110832-077/MonoBleedingEdge/etc/mono/4.5/settings.map
[179/501    0s] CopyFiles Builds/Windows/AshBelow-20261002-110832-077/MonoBleedingEdge/etc/mono/4.5/web.config
[180/501    0s] CopyFiles Builds/Windows/AshBelow-20261002-110832-077/MonoBleedingEdge/etc/mono/4.0/web.config
[181/501    0s] CopyFiles Builds/Windows/AshBelow-20261002-110832-077/MonoBleedingEdge/etc/mono/2.0/Browsers/Compat.browser
[182/501    0s] CopyFiles Builds/Windows/AshBelow-20261002-110832-077/MonoBleedingEdge/etc/mono/2.0/DefaultWsdlHelpGenerator.aspx
[183/501    0s] CopyFiles Builds/Windows/AshBelow-20261002-110832-077/MonoBleedingEdge/etc/mono/2.0/machine.config
[184/501    0s] CopyFiles Builds/Windows/AshBelow-20261002-110832-077/MonoBleedingEdge/etc/mono/2.0/settings.map
[185/501    0s] CopyFiles Builds/Windows/AshBelow-20261002-110832-077/MonoBleedingEdge/EmbedRuntime/MonoPosixHelper.dll
[186/501    0s] CopyFiles Builds/Windows/AshBelow-20261002-110832-077/AshBelow_Data/globalgamemanagers.assets.resS
[187/501    0s] CopyFiles Builds/Windows/AshBelow-20261002-110832-077/dstoragecore.dll
[188/501    0s] CopyFiles Builds/Windows/AshBelow-20261002-110832-077/AshBelow_Data/app.info
[189/501    0s] CopyFiles Builds/Windows/AshBelow-20261002-110832-077/UnityCrashHandler64.exe
[190/501    0s] CopyFiles ExitCode: 0 Duration: 0s367ms
Starting: /home/mira/Unity/Hub/Editor/6000.6.3f1/Editor/Data/Tools/BuildPipeline/bee_backend --ipc --dagfile="Library/Bee/Playerf85ab3c0.dag" --dagfilejson="Library/Bee/Playerf85ab3c0.dag.json" --profile="Library/Bee/backend2.traceevents" Player
WorkingDir: /home/mira/code/slopgame
Builds/Windows/AshBelow-20261002-110832-077/D3D12/D3D12Core.dll
[191/501    0s] CopyFiles Builds/Windows/AshBelow-20261002-110832-077/AshBelow_Data/Resources/unity default resources
[192/501    0s] CopyFiles Builds/Windows/AshBelow-20261002-110832-077/MonoBleedingEdge/EmbedRuntime/mono-2.0-bdwgc.dll
[193/501    0s] AddBootConfigGUID Library/Bee/artifacts/WinPlayerBuildProgram/boot.config
[194/501    0s] CopyFiles Builds/Windows/AshBelow-20261002-110832-077/AshBelow_Data/boot.config
[195/501    0s] CopyFiles Builds/Windows/AshBelow-20261002-110832-077/UnityPlayer.dll
[196/501    0s] UnityLinker /home/mira/code/slopgame/Library/Bee/artifacts/unitylinker_dwek.traceevents
/home/mira/Unity/Hub/Editor/6000.6.3f1/Editor/Data/il2cpp/build/deploy/UnityLinker --out=Library/Bee/artifacts/WinPlayerBuildProgram/ManagedStripped --include-link-xml=/home/mira/code/slopgame/Library/Bee/artifacts/UnityLinkerInputs/TypesInScenes.xml --include-link-xml=/home/mira/code/slopgame/Library/Bee/artifacts/UnityLinkerInputs/SerializedTypes.xml --include-link-xml=/home/mira/code/slopgame/Library/com.unity.services.core/link.xml --include-link-xml=/home/mira/code/slopgame/Library/InputSystem/StandaloneWindows64Link.xml --include-directory=/home/mira/Unity/Hub/Editor/6000.6.3f1/Editor/Data/PlaybackEngines/WindowsStandaloneSupport/Variations/mono/Managed --include-directory=/home/mira/code/slopgame/Library/Bee/PlayerScriptAssemblies --include-directory=/home/mira/code/slopgame/Library/PackageCache/com.unity.services.wire@af86088a4eac/Plugins --include-directory=/home/mira/code/slopgame/Library/PackageCache/com.unity.collections@431b1d558060/Unity.Collections.LowLevel.ILSupport --include-directory=/home/mira/code/slopgame/Library/PackageCache/com.unity.nuget.newtonsoft-json@4dfd81071c64/Runtime/AOT --include-directory=/home/mira/Unity/Hub/Editor/6000.6.3f1/Editor/Data/BCLExtensions/runtime/netstandard2.1 --include-directory=/home/mira/Unity/Hub/Editor/6000.6.3f1/Editor/Data/MonoBleedingEdge/lib/mono/unityjit-win32 --include-directory=/home/mira/Unity/Hub/Editor/6000.6.3f1/Editor/Data/MonoBleedingEdge/lib/mono/unityjit-win32/Facades --rule-set=Copy --profiler-report --profiler-output-file=/home/mira/code/slopgame/Library/Bee/artifacts/unitylinker_dwek.traceevents --dotnetprofile=unityjit --dotnetruntime=Mono --architecture=x64 --platform=WindowsDesktop --use-editor-options --engine-modules-asset-file=/home/mira/Unity/Hub/Editor/6000.6.3f1/Editor/Data/PlaybackEngines/WindowsStandaloneSupport/modules.asset --editor-data-file=/home/mira/code/slopgame/Library/Bee/artifacts/UnityLinkerInputs/EditorToUnityLinkerData.json --include-unity-root-assembly=/home/mira/Unity/Hub/Editor/6000.6.3f1/Editor/Data/PlaybackEngines/WindowsStandaloneSupport/Variations/mono/Managed/Unity.Scripting.dll --include-unity-root-assembly=/home/mira/Unity/Hub/Editor/6000.6.3f1/Editor/Data/PlaybackEngines/WindowsStandaloneSupport/Variations/mono/Managed/UnityEngine.AIModule.dll --include-unity-root-assembly=/home/mira/Unity/Hub/Editor/6000.6.3f1/Editor/Data/PlaybackEngines/WindowsStandaloneSupport/Variations/mono/Managed/UnityEngine.AMDModule.dll --include-unity-root-assembly=/home/mira/Unity/Hub/Editor/6000.6.3f1/Editor/Data/PlaybackEngines/WindowsStandaloneSupport/Variations/mono/Managed/UnityEngine.ARModule.dll --include-unity-root-assembly=/home/mira/Unity/Hub/Editor/6000.6.3f1/Editor/Data/PlaybackEngines/WindowsStandaloneSupport/Variations/mono/Managed/UnityEngine.AccessibilityModule.dll --include-unity-root-assembly=/home/mira/Unity/Hub/Editor/6000.6.3f1/Editor/Data/PlaybackEngines/WindowsStandaloneSupport/Variations/mono/Managed/UnityEngine.AdaptivePerformanceModule.dll --include-unity-root-assembly=/home/mira/Unity/Hub/Editor/6000.6.3f1/Editor/Data/PlaybackEngines/WindowsStandaloneSupport/Variations/mono/Managed/UnityEngine.AndroidJNIModule.dll --include-unity-root-assembly=/home/mira/Unity/Hub/Editor/6000.6.3f1/Editor/Data/PlaybackEngines/WindowsStandaloneSupport/Variations/mono/Managed/UnityEngine.AnimationModule.dll --include-unity-root-assembly=/home/mira/Unity/Hub/Editor/6000.6.3f1/Editor/Data/PlaybackEngines/WindowsStandaloneSupport/Variations/mono/Managed/UnityEngine.AssetBundleModule.dll --include-unity-root-assembly=/home/mira/Unity/Hub/Editor/6000.6.3f1/Editor/Data/PlaybackEngines/WindowsStandaloneSupport/Variations/mono/Managed/UnityEngine.AudioModule.dll --include-unity-root-assembly=/home/mira/Unity/Hub/Editor/6000.6.3f1/Editor/Data/PlaybackEngines/WindowsStandaloneSupport/Variations/mono/Managed/UnityEngine.BurstModule.dll --include-unity-root-assembly=/home/mira/Unity/Hub/Editor/6000.6.3f1/Editor/Data/PlaybackEngines/WindowsStandaloneSupport/Variations/mono/Managed/UnityEngine.ClothModule.dll --include-unity-root-assembly=/home/mira/Unity/Hub/Editor/6000.6.3f1/Editor/Data/PlaybackEngines/WindowsStandaloneSupport/Variations/mono/Managed/UnityEngine.ClusterInputModule.dll --include-unity-root-assembly=/home/mira/Unity/Hub/Editor/6000.6.3f1/Editor/Data/PlaybackEngines/WindowsStandaloneSupport/Variations/mono/Managed/UnityEngine.ClusterRendererModule.dll --include-unity-root-assembly=/home/mira/Unity/Hub/Editor/6000.6.3f1/Editor/Data/PlaybackEngines/WindowsStandaloneSupport/Variations/mono/Managed/UnityEngine.ContentLoadModule.dll --include-unity-root-assembly=/home/mira/Unity/Hub/Editor/6000.6.3f1/Editor/Data/PlaybackEngines/WindowsStandaloneSupport/Variations/mono/Managed/UnityEngine.CoreModule.dll --include-unity-root-assembly=/home/mira/Unity/Hub/Editor/6000.6.3f1/Editor/Data/PlaybackEngines/WindowsStandaloneSupport/Variations/mono/Managed/UnityEngine.CrashReportingModule.dll --include-unity-root-assembly=/home/mira/Unity/Hub/Editor/6000.6.3f1/Editor/Data/PlaybackEngines/WindowsStandaloneSupport/Variations/mono/Managed/UnityEngine.DSPGraphModule.dll --include-unity-root-assembly=/home/mira/Unity/Hub/Editor/6000.6.3f1/Editor/Data/PlaybackEngines/WindowsStandaloneSupport/Variations/mono/Managed/UnityEngine.DirectorModule.dll --include-unity-root-assembly=/home/mira/Unity/Hub/Editor/6000.6.3f1/Editor/Data/PlaybackEngines/WindowsStandaloneSupport/Variations/mono/Managed/UnityEngine.GIModule.dll --include-unity-root-assembly=/home/mira/Unity/Hub/Editor/6000.6.3f1/Editor/Data/PlaybackEngines/WindowsStandaloneSupport/Variations/mono/Managed/UnityEngine.GameCenterModule.dll --include-unity-root-assembly=/home/mira/Unity/Hub/Editor/6000.6.3f1/Editor/Data/PlaybackEngines/WindowsStandaloneSupport/Variations/mono/Managed/UnityEngine.GraphicsStateCollectionSerializerModule.dll --include-unity-root-assembly=/home/mira/Unity/Hub/Editor/6000.6.3f1/Editor/Data/PlaybackEngines/WindowsStandaloneSupport/Variations/mono/Managed/UnityEngine.GridModule.dll --include-unity-root-assembly=/home/mira/Unity/Hub/Editor/6000.6.3f1/Editor/Data/PlaybackEngines/WindowsStandaloneSupport/Variations/mono/Managed/UnityEngine.HierarchyCoreModule.dll --include-unity-root-assembly=/home/mira/Unity/Hub/Editor/6000.6.3f1/Editor/Data/PlaybackEngines/WindowsStandaloneSupport/Variations/mono/Managed/UnityEngine.HierarchyModule.dll --include-unity-root-assembly=/home/mira/Unity/Hub/Editor/6000.6.3f1/Editor/Data/PlaybackEngines/WindowsStandaloneSupport/Variations/mono/Managed/UnityEngine.HotReloadModule.dll --include-unity-root-assembly=/home/mira/Unity/Hub/Editor/6000.6.3f1/Editor/Data/PlaybackEngines/WindowsStandaloneSupport/Variations/mono/Managed/UnityEngine.IMGUIModule.dll --include-unity-root-assembly=/home/mira/Unity/Hub/Editor/6000.6.3f1/Editor/Data/PlaybackEngines/WindowsStandaloneSupport/Variations/mono/Managed/UnityEngine.IdentifiersModule.dll --include-unity-root-assembly=/home/mira/Unity/Hub/Editor/6000.6.3f1/Editor/Data/PlaybackEngines/WindowsStandaloneSupport/Variations/mono/Managed/UnityEngine.ImageConversionModule.dll --include-unity-root-assembly=/home/mira/Unity/Hub/Editor/6000.6.3f1/Editor/Data/PlaybackEngines/WindowsStandaloneSupport/Variations/mono/Managed/UnityEngine.InputForUIModule.dll --include-unity-root-assembly=/home/mira/Unity/Hub/Editor/6000.6.3f1/Editor/Data/PlaybackEngines/WindowsStandaloneSupport/Variations/mono/Managed/UnityEngine.InputLegacyModule.dll --include-unity-root-assembly=/home/mira/Unity/Hub/Editor/6000.6.3f1/Editor/Data/PlaybackEngines/WindowsStandaloneSupport/Variations/mono/Managed/UnityEngine.InputModule.dll --include-unity-root-assembly=/home/mira/Unity/Hub/Editor/6000.6.3f1/Editor/Data/PlaybackEngines/WindowsStandaloneSupport/Variations/mono/Managed/UnityEngine.InsightsModule.dll --include-unity-root-assembly=/home/mira/Unity/Hub/Editor/6000.6.3f1/Editor/Data/PlaybackEngines/WindowsStandaloneSupport/Variations/mono/Managed/UnityEngine.JSONSerializeModule.dll --include-unity-root-assembly=/home/mira/Unity/Hub/Editor/6000.6.3f1/Editor/Data/PlaybackEngines/WindowsStandaloneSupport/Variations/mono/Managed/UnityEngine.LocalizationModule.dll --include-unity-root-assembly=/home/mira/Unity/Hub/Editor/6000.6.3f1/Editor/Data/PlaybackEngines/WindowsStandaloneSupport/Variations/mono/Managed/UnityEngine.ManagedKernelModule.dll --include-unity-root-assembly=/home/mira/Unity/Hub/Editor/6000.6.3f1/Editor/Data/PlaybackEngines/WindowsStandaloneSupport/Variations/mono/Managed/UnityEngine.MarshallingModule.dll --include-unity-root-assembly=/home/mira/Unity/Hub/Editor/6000.6.3f1/Editor/Data/PlaybackEngines/WindowsStandaloneSupport/Variations/mono/Managed/UnityEngine.MathematicsModule.dll --include-unity-root-assembly=/home/mira/Unity/Hub/Editor/6000.6.3f1/Editor/Data/PlaybackEngines/WindowsStandaloneSupport/Variations/mono/Managed/UnityEngine.MultiplayerModule.dll --include-unity-root-assembly=/home/mira/Unity/Hub/Editor/6000.6.3f1/Editor/Data/PlaybackEngines/WindowsStandaloneSupport/Variations/mono/Managed/UnityEngine.NVIDIAModule.dll --include-unity-root-assembly=/home/mira/Unity/Hub/Editor/6000.6.3f1/Editor/Data/PlaybackEngines/WindowsStandaloneSupport/Variations/mono/Managed/UnityEngine.ParticleSystemModule.dll --include-unity-root-assembly=/home/mira/Unity/Hub/Editor/6000.6.3f1/Editor/Data/PlaybackEngines/WindowsStandaloneSupport/Variations/mono/Managed/UnityEngine.PerformanceReportingModule.dll --include-unity-root-assembly=/home/mira/Unity/Hub/Editor/6000.6.3f1/Editor/Data/PlaybackEngines/WindowsStandaloneSupport/Variations/mono/Managed/UnityEngine.Physics2DModule.dll --include-unity-root-assembly=/home/mira/Unity/Hub/Editor/6000.6.3f1/Editor/Data/PlaybackEngines/WindowsStandaloneSupport/Variations/mono/Managed/UnityEngine.PhysicsBackendPhysXModule.dll --include-unity-root-assembly=/home/mira/Unity/Hub/Editor/6000.6.3f1/Editor/Data/PlaybackEngines/WindowsStandaloneSupport/Variations/mono/Managed/UnityEngine.PhysicsCore2DModule.dll --include-unity-root-assembly=/home/mira/Unity/Hub/Editor/6000.6.3f1/Editor/Data/PlaybackEngines/WindowsStandaloneSupport/Variations/mono/Managed/UnityEngine.PhysicsModule.dll --include-unity-root-assembly=/home/mira/Unity/Hub/Editor/6000.6.3f1/Editor/Data/PlaybackEngines/WindowsStandaloneSupport/Variations/mono/Managed/UnityEngine.PropertiesModule.dll --include-unity-root-assembly=/home/mira/Unity/Hub/Editor/6000.6.3f1/Editor/Data/PlaybackEngines/WindowsStandaloneSupport/Variations/mono/Managed/UnityEngine.RenderAs2DModule.dll --include-unity-root-assembly=/home/mira/Unity/Hub/Editor/6000.6.3f1/Editor/Data/PlaybackEngines/WindowsStandaloneSupport/Variations/mono/Managed/UnityEngine.RuntimeInitializeOnLoadManagerInitializerModule.dll --include-unity-root-assembly=/home/mira/Unity/Hub/Editor/6000.6.3f1/Editor/Data/PlaybackEngines/WindowsStandaloneSupport/Variations/mono/Managed/UnityEngine.ScreenCaptureModule.dll --include-unity-root-assembly=/home/mira/Unity/Hub/Editor/6000.6.3f1/Editor/Data/PlaybackEngines/WindowsStandaloneSupport/Variations/mono/Managed/UnityEngine.ScriptingModule.dll --include-unity-root-assembly=/home/mira/Unity/Hub/Editor/6000.6.3f1/Editor/Data/PlaybackEngines/WindowsStandaloneSupport/Variations/mono/Managed/UnityEngine.ShaderVariantAnalyticsModule.dll --include-unity-root-assembly=/home/mira/Unity/Hub/Editor/6000.6.3f1/Editor/Data/PlaybackEngines/WindowsStandaloneSupport/Variations/mono/Managed/UnityEngine.SpriteMaskModule.dll --include-unity-root-assembly=/home/mira/Unity/Hub/Editor/6000.6.3f1/Editor/Data/PlaybackEngines/WindowsStandaloneSupport/Variations/mono/Managed/UnityEngine.SpriteShapeModule.dll --include-unity-root-assembly=/home/mira/Unity/Hub/Editor/6000.6.3f1/Editor/Data/PlaybackEngines/WindowsStandaloneSupport/Variations/mono/Managed/UnityEngine.StreamingModule.dll --include-unity-root-assembly=/home/mira/Unity/Hub/Editor/6000.6.3f1/Editor/Data/PlaybackEngines/WindowsStandaloneSupport/Variations/mono/Managed/UnityEngine.SubstanceModule.dll --include-unity-root-assembly=/home/mira/Unity/Hub/Editor/6000.6.3f1/Editor/Data/PlaybackEngines/WindowsStandaloneSupport/Variations/mono/Managed/UnityEngine.SubsystemsModule.dll --include-unity-root-assembly=/home/mira/Unity/Hub/Editor/6000.6.3f1/Editor/Data/PlaybackEngines/WindowsStandaloneSupport/Variations/mono/Managed/UnityEngine.TLSModule.dll --include-unity-root-assembly=/home/mira/Unity/Hub/Editor/6000.6.3f1/Editor/Data/PlaybackEngines/WindowsStandaloneSupport/Variations/mono/Managed/UnityEngine.TerrainModule.dll --include-unity-root-assembly=/home/mira/Unity/Hub/Editor/6000.6.3f1/Editor/Data/PlaybackEngines/WindowsStandaloneSupport/Variations/mono/Managed/UnityEngine.TerrainPhysicsModule.dll --include-unity-root-assembly=/home/mira/Unity/Hub/Editor/6000.6.3f1/Editor/Data/PlaybackEngines/WindowsStandaloneSupport/Variations/mono/Managed/UnityEngine.TetgenModule.dll --include-unity-root-assembly=/home/mira/Unity/Hub/Editor/6000.6.3f1/Editor/Data/PlaybackEngines/WindowsStandaloneSupport/Variations/mono/Managed/UnityEngine.TextCoreFontEngineModule.dll --include-unity-root-assembly=/home/mira/Unity/Hub/Editor/6000.6.3f1/Editor/Data/PlaybackEngines/WindowsStandaloneSupport/Variations/mono/Managed/UnityEngine.TextCoreTextEngineModule.dll --include-unity-root-assembly=/home/mira/Unity/Hub/Editor/6000.6.3f1/Editor/Data/PlaybackEngines/WindowsStandaloneSupport/Variations/mono/Managed/UnityEngine.TextRenderingModule.dll --include-unity-root-assembly=/home/mira/Unity/Hub/Editor/6000.6.3f1/Editor/Data/PlaybackEngines/WindowsStandaloneSupport/Variations/mono/Managed/UnityEngine.TilemapModule.dll --include-unity-root-assembly=/home/mira/Unity/Hub/Editor/6000.6.3f1/Editor/Data/PlaybackEngines/WindowsStandaloneSupport/Variations/mono/Managed/UnityEngine.TimelineFoundationModule.dll --include-unity-root-assembly=/home/mira/Unity/Hub/Editor/6000.6.3f1/Editor/Data/PlaybackEngines/WindowsStandaloneSupport/Variations/mono/Managed/UnityEngine.U2DRuntimeModule.dll --include-unity-root-assembly=/home/mira/Unity/Hub/Editor/6000.6.3f1/Editor/Data/PlaybackEngines/WindowsStandaloneSupport/Variations/mono/Managed/UnityEngine.UIElementsModule.dll --include-unity-root-assembly=/home/mira/Unity/Hub/Editor/6000.6.3f1/Editor/Data/PlaybackEngines/WindowsStandaloneSupport/Variations/mono/Managed/UnityEngine.UIModule.dll --include-unity-root-assembly=/home/mira/Unity/Hub/Editor/6000.6.3f1/Editor/Data/PlaybackEngines/WindowsStandaloneSupport/Variations/mono/Managed/UnityEngine.UmbraModule.dll --include-unity-root-assembly=/home/mira/Unity/Hub/Editor/6000.6.3f1/Editor/Data/PlaybackEngines/WindowsStandaloneSupport/Variations/mono/Managed/UnityEngine.UnityAnalyticsCommonModule.dll --include-unity-root-assembly=/home/mira/Unity/Hub/Editor/6000.6.3f1/Editor/Data/PlaybackEngines/WindowsStandaloneSupport/Variations/mono/Managed/UnityEngine.UnityAnalyticsModule.dll --include-unity-root-assembly=/home/mira/Unity/Hub/Editor/6000.6.3f1/Editor/Data/PlaybackEngines/WindowsStandaloneSupport/Variations/mono/Managed/UnityEngine.UnityConnectModule.dll --include-unity-root-assembly=/home/mira/Unity/Hub/Editor/6000.6.3f1/Editor/Data/PlaybackEngines/WindowsStandaloneSupport/Variations/mono/Managed/UnityEngine.UnityConsentModule.dll --include-unity-root-assembly=/home/mira/Unity/Hub/Editor/6000.6.3f1/Editor/Data/PlaybackEngines/WindowsStandaloneSupport/Variations/mono/Managed/UnityEngine.UnityCurlModule.dll --include-unity-root-assembly=/home/mira/Unity/Hub/Editor/6000.6.3f1/Editor/Data/PlaybackEngines/WindowsStandaloneSupport/Variations/mono/Managed/UnityEngine.UnityWebRequestAssetBundleModule.dll --include-unity-root-assembly=/home/mira/Unity/Hub/Editor/6000.6.3f1/Editor/Data/PlaybackEngines/WindowsStandaloneSupport/Variations/mono/Managed/UnityEngine.UnityWebRequestAudioModule.dll --include-unity-root-assembly=/home/mira/Unity/Hub/Editor/6000.6.3f1/Editor/Data/PlaybackEngines/WindowsStandaloneSupport/Variations/mono/Managed/UnityEngine.UnityWebRequestModule.dll --include-unity-root-assembly=/home/mira/Unity/Hub/Editor/6000.6.3f1/Editor/Data/PlaybackEngines/WindowsStandaloneSupport/Variations/mono/Managed/UnityEngine.UnityWebRequestTextureModule.dll --include-unity-root-assembly=/home/mira/Unity/Hub/Editor/6000.6.3f1/Editor/Data/PlaybackEngines/WindowsStandaloneSupport/Variations/mono/Managed/UnityEngine.UnityWebRequestWWWModule.dll --include-unity-root-assembly=/home/mira/Unity/Hub/Editor/6000.6.3f1/Editor/Data/PlaybackEngines/WindowsStandaloneSupport/Variations/mono/Managed/UnityEngine.VFXModule.dll --include-unity-root-assembly=/home/mira/Unity/Hub/Editor/6000.6.3f1/Editor/Data/PlaybackEngines/WindowsStandaloneSupport/Variations/mono/Managed/UnityEngine.VectorGraphicsModule.dll --include-unity-root-assembly=/home/mira/Unity/Hub/Editor/6000.6.3f1/Editor/Data/PlaybackEngines/WindowsStandaloneSupport/Variations/mono/Managed/UnityEngine.VehiclesModule.dll --include-unity-root-assembly=/home/mira/Unity/Hub/Editor/6000.6.3f1/Editor/Data/PlaybackEngines/WindowsStandaloneSupport/Variations/mono/Managed/UnityEngine.VideoModule.dll --include-unity-root-assembly=/home/mira/Unity/Hub/Editor/6000.6.3f1/Editor/Data/PlaybackEngines/WindowsStandaloneSupport/Variations/mono/Managed/UnityEngine.VirtualTexturingModule.dll --include-unity-root-assembly=/home/mira/Unity/Hub/Editor/6000.6.3f1/Editor/Data/PlaybackEngines/WindowsStandaloneSupport/Variations/mono/Managed/UnityEngine.WindModule.dll --include-unity-root-assembly=/home/mira/Unity/Hub/Editor/6000.6.3f1/Editor/Data/PlaybackEngines/WindowsStandaloneSupport/Variations/mono/Managed/UnityEngine.XRModule.dll --include-unity-root-assembly=/home/mira/Unity/Hub/Editor/6000.6.3f1/Editor/Data/PlaybackEngines/WindowsStandaloneSupport/Variations/mono/Managed/UnityEngine.dll --include-unity-root-assembly=/home/mira/code/slopgame/Library/Bee/PlayerScriptAssemblies/Assembly-CSharp.dll --include-unity-root-assembly=/home/mira/code/slopgame/Library/Bee/PlayerScriptAssemblies/unity-websocket-sharp.dll --include-unity-root-assembly=/home/mira/code/slopgame/Library/Bee/PlayerScriptAssemblies/Unity.Burst.dll --include-unity-root-assembly=/home/mira/code/slopgame/Library/Bee/PlayerScriptAssemblies/Unity.Collections.dll --include-unity-root-assembly=/home/mira/code/slopgame/Library/Bee/PlayerScriptAssemblies/Unity.Collections.Tests.CoreCLR.InternalJobNestedPrivate.dll --include-unity-root-assembly=/home/mira/code/slopgame/Library/Bee/PlayerScriptAssemblies/Unity.Collections.Tests.CoreCLR.PrivateJobNested.dll --include-unity-root-assembly=/home/mira/code/slopgame/Library/Bee/PlayerScriptAssemblies/Unity.Collections.Tests.CoreCLR.ProtectedJobNested.dll --include-unity-root-assembly=/home/mira/code/slopgame/Library/Bee/PlayerScriptAssemblies/Unity.Collections.Tests.CoreCLR.PublicJobPrivateGeneric.dll --include-unity-root-assembly=/home/mira/code/slopgame/Library/Bee/PlayerScriptAssemblies/Unity.InputSystem.dll --include-unity-root-assembly=/home/mira/code/slopgame/Library/Bee/PlayerScriptAssemblies/Unity.InputSystem.ForUI.dll --include-unity-root-assembly=/home/mira/code/slopgame/Library/Bee/PlayerScriptAssemblies/Unity.InternalAPIEngineBridge.004.dll --include-unity-root-assembly=/home/mira/code/slopgame/Library/Bee/PlayerScriptAssemblies/Unity.Mathematics.dll --include-unity-root-assembly=/home/mira/code/slopgame/Library/Bee/PlayerScriptAssemblies/Unity.Netcode.Runtime.dll --include-unity-root-assembly=/home/mira/code/slopgame/Library/Bee/PlayerScriptAssemblies/Unity.Networking.Transport.dll --include-unity-root-assembly=/home/mira/code/slopgame/Library/Bee/PlayerScriptAssemblies/Unity.Networking.Transport.NetcodeInterop.dll --include-unity-root-assembly=/home/mira/code/slopgame/Library/Bee/PlayerScriptAssemblies/Unity.Services.Authentication.dll --include-unity-root-assembly=/home/mira/code/slopgame/Library/Bee/PlayerScriptAssemblies/Unity.Services.Authentication.PlayerAccounts.dll --include-unity-root-assembly=/home/mira/code/slopgame/Library/Bee/PlayerScriptAssemblies/Unity.Services.Core.Analytics.dll --include-unity-root-assembly=/home/mira/code/slopgame/Library/Bee/PlayerScriptAssemblies/Unity.Services.Core.Components.dll --include-unity-root-assembly=/home/mira/code/slopgame/Library/Bee/PlayerScriptAssemblies/Unity.Services.Core.Configuration.dll --include-unity-root-assembly=/home/mira/code/slopgame/Library/Bee/PlayerScriptAssemblies/Unity.Services.Core.Device.dll --include-unity-root-assembly=/home/mira/code/slopgame/Library/Bee/PlayerScriptAssemblies/Unity.Services.Core.dll --include-unity-root-assembly=/home/mira/code/slopgame/Library/Bee/PlayerScriptAssemblies/Unity.Services.Core.Environments.dll --include-unity-root-assembly=/home/mira/code/slopgame/Library/Bee/PlayerScriptAssemblies/Unity.Services.Core.Environments.Internal.dll --include-unity-root-assembly=/home/mira/code/slopgame/Library/Bee/PlayerScriptAssemblies/Unity.Services.Core.Internal.dll --include-unity-root-assembly=/home/mira/code/slopgame/Library/Bee/PlayerScriptAssemblies/Unity.Services.Core.Networking.dll --include-unity-root-assembly=/home/mira/code/slopgame/Library/Bee/PlayerScriptAssemblies/Unity.Services.Core.Registration.dll --include-unity-root-assembly=/home/mira/code/slopgame/Library/Bee/PlayerScriptAssemblies/Unity.Services.Core.Scheduler.dll --include-unity-root-assembly=/home/mira/code/slopgame/Library/Bee/PlayerScriptAssemblies/Unity.Services.Core.Telemetry.dll --include-unity-root-assembly=/home/mira/code/slopgame/Library/Bee/PlayerScriptAssemblies/Unity.Services.Core.Threading.dll --include-unity-root-assembly=/home/mira/code/slopgame/Library/Bee/PlayerScriptAssemblies/Unity.Services.Multiplayer.dll --include-unity-root-assembly=/home/mira/code/slopgame/Library/Bee/PlayerScriptAssemblies/Unity.Services.QoS.dll --include-unity-root-assembly=/home/mira/code/slopgame/Library/Bee/PlayerScriptAssemblies/Unity.Services.Wire.Internal.dll --include-unity-root-assembly=/home/mira/code/slopgame/Library/Bee/PlayerScriptAssemblies/Unity.TextMeshPro.dll --include-unity-root-assembly=/home/mira/code/slopgame/Library/Bee/PlayerScriptAssemblies/UnityEngine.UI.dll --include-unity-root-assembly=/home/mira/code/slopgame/Library/PackageCache/com.unity.services.wire@af86088a4eac/Plugins/websocket-sharp.dll --include-unity-root-assembly=/home/mira/code/slopgame/Library/PackageCache/com.unity.collections@431b1d558060/Unity.Collections.LowLevel.ILSupport/Unity.Collections.LowLevel.ILSupport.dll --include-unity-root-assembly=/home/mira/code/slopgame/Library/PackageCache/com.unity.nuget.newtonsoft-json@4dfd81071c64/Runtime/AOT/Newtonsoft.Json.dll --print-command-line --enable-analytics --allowed-assembly=/home/mira/Unity/Hub/Editor/6000.6.3f1/Editor/Data/BCLExtensions/runtime/netstandard2.1/Microsoft.Bcl.AsyncInterfaces.dll --allowed-assembly=/home/mira/Unity/Hub/Editor/6000.6.3f1/Editor/Data/BCLExtensions/runtime/netstandard2.1/Microsoft.Extensions.DependencyInjection.Abstractions.dll --allowed-assembly=/home/mira/Unity/Hub/Editor/6000.6.3f1/Editor/Data/BCLExtensions/runtime/netstandard2.1/Microsoft.Extensions.Logging.Abstractions.dll --allowed-assembly=/home/mira/Unity/Hub/Editor/6000.6.3f1/Editor/Data/BCLExtensions/runtime/netstandard2.1/System.Collections.Immutable.dll --allowed-assembly=/home/mira/Unity/Hub/Editor/6000.6.3f1/Editor/Data/BCLExtensions/runtime/netstandard2.1/System.Diagnostics.DiagnosticSource.dll --allowed-assembly=/home/mira/Unity/Hub/Editor/6000.6.3f1/Editor/Data/BCLExtensions/runtime/netstandard2.1/System.IO.Hashing.dll --allowed-assembly=/home/mira/Unity/Hub/Editor/6000.6.3f1/Editor/Data/BCLExtensions/runtime/netstandard2.1/System.Reflection.Metadata.dll --allowed-assembly=/home/mira/Unity/Hub/Editor/6000.6.3f1/Editor/Data/BCLExtensions/runtime/netstandard2.1/System.Runtime.CompilerServices.Unsafe.dll --allowed-assembly=/home/mira/Unity/Hub/Editor/6000.6.3f1/Editor/Data/BCLExtensions/runtime/netstandard2.1/System.Text.Encodings.Web.dll --allowed-assembly=/home/mira/Unity/Hub/Editor/6000.6.3f1/Editor/Data/BCLExtensions/runtime/netstandard2.1/System.Text.Json.dll --allowed-assembly=/home/mira/Unity/Hub/Editor/6000.6.3f1/Editor/Data/MonoBleedingEdge/lib/mono/unityjit-win32/Accessibility.dll --allowed-assembly=/home/mira/Unity/Hub/Editor/6000.6.3f1/Editor/Data/MonoBleedingEdge/lib/mono/unityjit-win32/Commons.Xml.Relaxng.dll --allowed-assembly=/home/mira/Unity/Hub/Editor/6000.6.3f1/Editor/Data/MonoBleedingEdge/lib/mono/unityjit-win32/CustomMarshalers.dll --allowed-assembly=/home/mira/Unity/Hub/Editor/6000.6.3f1/Editor/Data/MonoBleedingEdge/lib/mono/unityjit-win32/I18N.CJK.dll --allowed-assembly=/home/mira/Unity/Hub/Editor/6000.6.3f1/Editor/Data/MonoBleedingEdge/lib/mono/unityjit-win32/I18N.MidEast.dll --allowed-assembly=/home/mira/Unity/Hub/Editor/6000.6.3f1/Editor/Data/MonoBleedingEdge/lib/mono/unityjit-win32/I18N.Other.dll --allowed-assembly=/home/mira/Unity/Hub/Editor/6000.6.3f1/Editor/Data/MonoBleedingEdge/lib/mono/unityjit-win32/I18N.Rare.dll --allowed-assembly=/home/mira/Unity/Hub/Editor/6000.6.3f1/Editor/Data/MonoBleedingEdge/lib/mono/unityjit-win32/I18N.West.dll --allowed-assembly=/home/mira/Unity/Hub/Editor/6000.6.3f1/Editor/Data/MonoBleedingEdge/lib/mono/unityjit-win32/I18N.dll --allowed-assembly=/home/mira/Unity/Hub/Editor/6000.6.3f1/Editor/Data/MonoBleedingEdge/lib/mono/unityjit-win32/IBM.Data.DB2.dll --allowed-assembly=/home/mira/Unity/Hub/Editor/6000.6.3f1/Editor/Data/MonoBleedingEdge/lib/mono/unityjit-win32/ICSharpCode.SharpZipLib.dll --allowed-assembly=/home/mira/Unity/Hub/Editor/6000.6.3f1/Editor/Data/MonoBleedingEdge/lib/mono/unityjit-win32/Microsoft.Build.Engine.dll --allowed-assembly=/home/mira/Unity/Hub/Editor/6000.6.3f1/Editor/Data/MonoBleedingEdge/lib/mono/unityjit-win32/Microsoft.Build.Framework.dll --allowed-assembly=/home/mira/Unity/Hub/Editor/6000.6.3f1/Editor/Data/MonoBleedingEdge/lib/mono/unityjit-win32/Microsoft.Build.Tasks.v4.0.dll --allowed-assembly=/home/mira/Unity/Hub/Editor/6000.6.3f1/Editor/Data/MonoBleedingEdge/lib/mono/unityjit-win32/Microsoft.Build.Utilities.v4.0.dll --allowed-assembly=/home/mira/Unity/Hub/Editor/6000.6.3f1/Editor/Data/MonoBleedingEdge/lib/mono/unityjit-win32/Microsoft.Build.dll --allowed-assembly=/home/mira/Unity/Hub/Editor/6000.6.3f1/Editor/Data/MonoBleedingEdge/lib/mono/unityjit-win32/Microsoft.CSharp.dll --allowed-assembly=/home/mira/Unity/Hub/Editor/6000.6.3f1/Editor/Data/MonoBleedingEdge/lib/mono/unityjit-win32/Microsoft.VisualC.dll --allowed-assembly=/home/mira/Unity/Hub/Editor/6000.6.3f1/Editor/Data/MonoBleedingEdge/lib/mono/unityjit-win32/Microsoft.Web.Infrastructure.dll --allowed-assembly=/home/mira/Unity/Hub/Editor/6000.6.3f1/Editor/Data/MonoBleedingEdge/lib/mono/unityjit-win32/Mono.Btls.Interface.dll --allowed-assembly=/home/mira/Unity/Hub/Editor/6000.6.3f1/Editor/Data/MonoBleedingEdge/lib/mono/unityjit-win32/Mono.C5.dll --allowed-assembly=/home/mira/Unity/Hub/Editor/6000.6.3f1/Editor/Data/MonoBleedingEdge/lib/mono/unityjit-win32/Mono.CSharp.dll --allowed-assembly=/home/mira/Unity/Hub/Editor/6000.6.3f1/Editor/Data/MonoBleedingEdge/lib/mono/unityjit-win32/Mono.Cairo.dll --allowed-assembly=/home/mira/Unity/Hub/Editor/6000.6.3f1/Editor/Data/MonoBleedingEdge/lib/mono/unityjit-win32/Mono.CompilerServices.SymbolWriter.dll --allowed-assembly=/home/mira/Unity/Hub/Editor/6000.6.3f1/Editor/Data/MonoBleedingEdge/lib/mono/unityjit-win32/Mono.Data.Sqlite.dll --allowed-assembly=/home/mira/Unity/Hub/Editor/6000.6.3f1/Editor/Data/MonoBleedingEdge/lib/mono/unityjit-win32/Mono.Data.Tds.dll --allowed-assembly=/home/mira/Unity/Hub/Editor/6000.6.3f1/Editor/Data/MonoBleedingEdge/lib/mono/unityjit-win32/Mono.Http.dll --allowed-assembly=/home/mira/Unity/Hub/Editor/6000.6.3f1/Editor/Data/MonoBleedingEdge/lib/mono/unityjit-win32/Mono.Management.dll --allowed-assembly=/home/mira/Unity/Hub/Editor/6000.6.3f1/Editor/Data/MonoBleedingEdge/lib/mono/unityjit-win32/Mono.Messaging.RabbitMQ.dll --allowed-assembly=/home/mira/Unity/Hub/Editor/6000.6.3f1/Editor/Data/MonoBleedingEdge/lib/mono/unityjit-win32/Mono.Messaging.dll --allowed-assembly=/home/mira/Unity/Hub/Editor/6000.6.3f1/Editor/Data/MonoBleedingEdge/lib/mono/unityjit-win32/Mono.Options.dll --allowed-assembly=/home/mira/Unity/Hub/Editor/6000.6.3f1/Editor/Data/MonoBleedingEdge/lib/mono/unityjit-win32/Mono.Parallel.dll --allowed-assembly=/home/mira/Unity/Hub/Editor/6000.6.3f1/Editor/Data/MonoBleedingEdge/lib/mono/unityjit-win32/Mono.Posix.dll --allowed-assembly=/home/mira/Unity/Hub/Editor/6000.6.3f1/Editor/Data/MonoBleedingEdge/lib/mono/unityjit-win32/Mono.Profiler.Log.dll --allowed-assembly=/home/mira/Unity/Hub/Editor/6000.6.3f1/Editor/Data/MonoBleedingEdge/lib/mono/unityjit-win32/Mono.Security.Win32.dll --allowed-assembly=/home/mira/Unity/Hub/Editor/6000.6.3f1/Editor/Data/MonoBleedingEdge/lib/mono/unityjit-win32/Mono.Security.dll --allowed-assembly=/home/mira/Unity/Hub/Editor/6000.6.3f1/Editor/Data/MonoBleedingEdge/lib/mono/unityjit-win32/Mono.Simd.dll --allowed-assembly=/home/mira/Unity/Hub/Editor/6000.6.3f1/Editor/Data/MonoBleedingEdge/lib/mono/unityjit-win32/Mono.Tasklets.dll --allowed-assembly=/home/mira/Unity/Hub/Editor/6000.6.3f1/Editor/Data/MonoBleedingEdge/lib/mono/unityjit-win32/Mono.WebBrowser.dll --allowed-assembly=/home/mira/Unity/Hub/Editor/6000.6.3f1/Editor/Data/MonoBleedingEdge/lib/mono/unityjit-win32/Mono.XBuild.Tasks.dll --allowed-assembly=/home/mira/Unity/Hub/Editor/6000.6.3f1/Editor/Data/MonoBleedingEdge/lib/mono/unityjit-win32/Novell.Directory.Ldap.dll --allowed-assembly=/home/mira/Unity/Hub/Editor/6000.6.3f1/Editor/Data/MonoBleedingEdge/lib/mono/unityjit-win32/PEAPI.dll --allowed-assembly=/home/mira/Unity/Hub/Editor/6000.6.3f1/Editor/Data/MonoBleedingEdge/lib/mono/unityjit-win32/RabbitMQ.Client.dll --allowed-assembly=/home/mira/Unity/Hub/Editor/6000.6.3f1/Editor/Data/MonoBleedingEdge/lib/mono/unityjit-win32/SMDiagnostics.dll --allowed-assembly=/home/mira/Unity/Hub/Editor/6000.6.3f1/Editor/Data/MonoBleedingEdge/lib/mono/unityjit-win32/System.ComponentModel.Composition.dll --allowed-assembly=/home/mira/Unity/Hub/Editor/6000.6.3f1/Editor/Data/MonoBleedingEdge/lib/mono/unityjit-win32/System.ComponentModel.DataAnnotations.dll --allowed-assembly=/home/mira/Unity/Hub/Editor/6000.6.3f1/Editor/Data/MonoBleedingEdge/lib/mono/unityjit-win32/System.Configuration.Install.dll --allowed-assembly=/home/mira/Unity/Hub/Editor/6000.6.3f1/Editor/Data/MonoBleedingEdge/lib/mono/unityjit-win32/System.Configuration.dll --allowed-assembly=/home/mira/Unity/Hub/Editor/6000.6.3f1/Editor/Data/MonoBleedingEdge/lib/mono/unityjit-win32/System.Core.dll --allowed-assembly=/home/mira/Unity/Hub/Editor/6000.6.3f1/Editor/Data/MonoBleedingEdge/lib/mono/unityjit-win32/System.Data.DataSetExtensions.dll --allowed-assembly=/home/mira/Unity/Hub/Editor/6000.6.3f1/Editor/Data/MonoBleedingEdge/lib/mono/unityjit-win32/System.Data.Entity.dll --allowed-assembly=/home/mira/Unity/Hub/Editor/6000.6.3f1/Editor/Data/MonoBleedingEdge/lib/mono/unityjit-win32/System.Data.Linq.dll --allowed-assembly=/home/mira/Unity/Hub/Editor/6000.6.3f1/Editor/Data/MonoBleedingEdge/lib/mono/unityjit-win32/System.Data.OracleClient.dll --allowed-assembly=/home/mira/Unity/Hub/Editor/6000.6.3f1/Editor/Data/MonoBleedingEdge/lib/mono/unityjit-win32/System.Data.Services.Client.dll --allowed-assembly=/home/mira/Unity/Hub/Editor/6000.6.3f1/Editor/Data/MonoBleedingEdge/lib/mono/unityjit-win32/System.Data.Services.dll --allowed-assembly=/home/mira/Unity/Hub/Editor/6000.6.3f1/Editor/Data/MonoBleedingEdge/lib/mono/unityjit-win32/System.Data.dll --allowed-assembly=/home/mira/Unity/Hub/Editor/6000.6.3f1/Editor/Data/MonoBleedingEdge/lib/mono/unityjit-win32/System.Deployment.dll --allowed-assembly=/home/mira/Unity/Hub/Editor/6000.6.3f1/Editor/Data/MonoBleedingEdge/lib/mono/unityjit-win32/System.Design.dll --allowed-assembly=/home/mira/Unity/Hub/Editor/6000.6.3f1/Editor/Data/MonoBleedingEdge/lib/mono/unityjit-win32/System.DirectoryServices.Protocols.dll --allowed-assembly=/home/mira/Unity/Hub/Editor/6000.6.3f1/Editor/Data/MonoBleedingEdge/lib/mono/unityjit-win32/System.DirectoryServices.dll --allowed-assembly=/home/mira/Unity/Hub/Editor/6000.6.3f1/Editor/Data/MonoBleedingEdge/lib/mono/unityjit-win32/System.Drawing.Design.dll --allowed-assembly=/home/mira/Unity/Hub/Editor/6000.6.3f1/Editor/Data/MonoBleedingEdge/lib/mono/unityjit-win32/System.Drawing.dll --allowed-assembly=/home/mira/Unity/Hub/Editor/6000.6.3f1/Editor/Data/MonoBleedingEdge/lib/mono/unityjit-win32/System.Dynamic.dll --allowed-assembly=/home/mira/Unity/Hub/Editor/6000.6.3f1/Editor/Data/MonoBleedingEdge/lib/mono/unityjit-win32/System.EnterpriseServices.dll --allowed-assembly=/home/mira/Unity/Hub/Editor/6000.6.3f1/Editor/Data/MonoBleedingEdge/lib/mono/unityjit-win32/System.IO.Compression.FileSystem.dll --allowed-assembly=/home/mira/Unity/Hub/Editor/6000.6.3f1/Editor/Data/MonoBleedingEdge/lib/mono/unityjit-win32/System.IO.Compression.dll --allowed-assembly=/home/mira/Unity/Hub/Editor/6000.6.3f1/Editor/Data/MonoBleedingEdge/lib/mono/unityjit-win32/System.IdentityModel.Selectors.dll --allowed-assembly=/home/mira/Unity/Hub/Editor/6000.6.3f1/Editor/Data/MonoBleedingEdge/lib/mono/unityjit-win32/System.IdentityModel.dll --allowed-assembly=/home/mira/Unity/Hub/Editor/6000.6.3f1/Editor/Data/MonoBleedingEdge/lib/mono/unityjit-win32/System.Json.Microsoft.dll --allowed-assembly=/home/mira/Unity/Hub/Editor/6000.6.3f1/Editor/Data/MonoBleedingEdge/lib/mono/unityjit-win32/System.Json.dll --allowed-assembly=/home/mira/Unity/Hub/Editor/6000.6.3f1/Editor/Data/MonoBleedingEdge/lib/mono/unityjit-win32/System.Management.dll --allowed-assembly=/home/mira/Unity/Hub/Editor/6000.6.3f1/Editor/Data/MonoBleedingEdge/lib/mono/unityjit-win32/System.Messaging.dll --allowed-assembly=/home/mira/Unity/Hub/Editor/6000.6.3f1/Editor/Data/MonoBleedingEdge/lib/mono/unityjit-win32/System.Net.Http.Formatting.dll --allowed-assembly=/home/mira/Unity/Hub/Editor/6000.6.3f1/Editor/Data/MonoBleedingEdge/lib/mono/unityjit-win32/System.Net.Http.WebRequest.dll --allowed-assembly=/home/mira/Unity/Hub/Editor/6000.6.3f1/Editor/Data/MonoBleedingEdge/lib/mono/unityjit-win32/System.Net.Http.dll --allowed-assembly=/home/mira/Unity/Hub/Editor/6000.6.3f1/Editor/Data/MonoBleedingEdge/lib/mono/unityjit-win32/System.Net.dll --allowed-assembly=/home/mira/Unity/Hub/Editor/6000.6.3f1/Editor/Data/MonoBleedingEdge/lib/mono/unityjit-win32/System.Numerics.Vectors.dll --allowed-assembly=/home/mira/Unity/Hub/Editor/6000.6.3f1/Editor/Data/MonoBleedingEdge/lib/mono/unityjit-win32/System.Numerics.dll --allowed-assembly=/home/mira/Unity/Hub/Editor/6000.6.3f1/Editor/Data/MonoBleedingEdge/lib/mono/unityjit-win32/System.Reactive.Core.dll --allowed-assembly=/home/mira/Unity/Hub/Editor/6000.6.3f1/Editor/Data/MonoBleedingEdge/lib/mono/unityjit-win32/System.Reactive.Debugger.dll --allowed-assembly=/home/mira/Unity/Hub/Editor/6000.6.3f1/Editor/Data/MonoBleedingEdge/lib/mono/unityjit-win32/System.Reactive.Experimental.dll --allowed-assembly=/home/mira/Unity/Hub/Editor/6000.6.3f1/Editor/Data/MonoBleedingEdge/lib/mono/unityjit-win32/System.Reactive.Interfaces.dll --allowed-assembly=/home/mira/Unity/Hub/Editor/6000.6.3f1/Editor/Data/MonoBleedingEdge/lib/mono/unityjit-win32/System.Reactive.Linq.dll --allowed-assembly=/home/mira/Unity/Hub/Editor/6000.6.3f1/Editor/Data/MonoBleedingEdge/lib/mono/unityjit-win32/System.Reactive.Observable.Aliases.dll --allowed-assembly=/home/mira/Unity/Hub/Editor/6000.6.3f1/Editor/Data/MonoBleedingEdge/lib/mono/unityjit-win32/System.Reactive.PlatformServices.dll --allowed-assembly=/home/mira/Unity/Hub/Editor/6000.6.3f1/Editor/Data/MonoBleedingEdge/lib/mono/unityjit-win32/System.Reactive.Providers.dll --allowed-assembly=/home/mira/Unity/Hub/Editor/6000.6.3f1/Editor/Data/MonoBleedingEdge/lib/mono/unityjit-win32/System.Reactive.Runtime.Remoting.dll --allowed-assembly=/home/mira/Unity/Hub/Editor/6000.6.3f1/Editor/Data/MonoBleedingEdge/lib/mono/unityjit-win32/System.Reactive.Windows.Forms.dll --allowed-assembly=/home/mira/Unity/Hub/Editor/6000.6.3f1/Editor/Data/MonoBleedingEdge/lib/mono/unityjit-win32/System.Reactive.Windows.Threading.dll --allowed-assembly=/home/mira/Unity/Hub/Editor/6000.6.3f1/Editor/Data/MonoBleedingEdge/lib/mono/unityjit-win32/System.Reflection.Context.dll --allowed-assembly=/home/mira/Unity/Hub/Editor/6000.6.3f1/Editor/Data/MonoBleedingEdge/lib/mono/unityjit-win32/System.Runtime.Caching.dll --allowed-assembly=/home/mira/Unity/Hub/Editor/6000.6.3f1/Editor/Data/MonoBleedingEdge/lib/mono/unityjit-win32/System.Runtime.DurableInstancing.dll --allowed-assembly=/home/mira/Unity/Hub/Editor/6000.6.3f1/Editor/Data/MonoBleedingEdge/lib/mono/unityjit-win32/System.Runtime.Remoting.dll --allowed-assembly=/home/mira/Unity/Hub/Editor/6000.6.3f1/Editor/Data/MonoBleedingEdge/lib/mono/unityjit-win32/System.Runtime.Serialization.Formatters.Soap.dll --allowed-assembly=/home/mira/Unity/Hub/Editor/6000.6.3f1/Editor/Data/MonoBleedingEdge/lib/mono/unityjit-win32/System.Runtime.Serialization.dll --allowed-assembly=/home/mira/Unity/Hub/Editor/6000.6.3f1/Editor/Data/MonoBleedingEdge/lib/mono/unityjit-win32/System.Security.dll --allowed-assembly=/home/mira/Unity/Hub/Editor/6000.6.3f1/Editor/Data/MonoBleedingEdge/lib/mono/unityjit-win32/System.ServiceModel.Activation.dll --allowed-assembly=/home/mira/Unity/Hub/Editor/6000.6.3f1/Editor/Data/MonoBleedingEdge/lib/mono/unityjit-win32/System.ServiceModel.Discovery.dll --allowed-assembly=/home/mira/Unity/Hub/Editor/6000.6.3f1/Editor/Data/MonoBleedingEdge/lib/mono/unityjit-win32/System.ServiceModel.Internals.dll --allowed-assembly=/home/mira/Unity/Hub/Editor/6000.6.3f1/Editor/Data/MonoBleedingEdge/lib/mono/unityjit-win32/System.ServiceModel.Routing.dll --allowed-assembly=/home/mira/Unity/Hub/Editor/6000.6.3f1/Editor/Data/MonoBleedingEdge/lib/mono/unityjit-win32/System.ServiceModel.Web.dll --allowed-assembly=/home/mira/Unity/Hub/Editor/6000.6.3f1/Editor/Data/MonoBleedingEdge/lib/mono/unityjit-win32/System.ServiceModel.dll --allowed-assembly=/home/mira/Unity/Hub/Editor/6000.6.3f1/Editor/Data/MonoBleedingEdge/lib/mono/unityjit-win32/System.ServiceProcess.dll --allowed-assembly=/home/mira/Unity/Hub/Editor/6000.6.3f1/Editor/Data/MonoBleedingEdge/lib/mono/unityjit-win32/System.Threading.Tasks.Dataflow.dll --allowed-assembly=/home/mira/Unity/Hub/Editor/6000.6.3f1/Editor/Data/MonoBleedingEdge/lib/mono/unityjit-win32/System.Transactions.dll --allowed-assembly=/home/mira/Unity/Hub/Editor/6000.6.3f1/Editor/Data/MonoBleedingEdge/lib/mono/unityjit-win32/System.Web.Abstractions.dll --allowed-assembly=/home/mira/Unity/Hub/Editor/6000.6.3f1/Editor/Data/MonoBleedingEdge/lib/mono/unityjit-win32/System.Web.ApplicationServices.dll --allowed-assembly=/home/mira/Unity/Hub/Editor/6000.6.3f1/Editor/Data/MonoBleedingEdge/lib/mono/unityjit-win32/System.Web.DynamicData.dll --allowed-assembly=/home/mira/Unity/Hub/Editor/6000.6.3f1/Editor/Data/MonoBleedingEdge/lib/mono/unityjit-win32/System.Web.Extensions.Design.dll --allowed-assembly=/home/mira/Unity/Hub/Editor/6000.6.3f1/Editor/Data/MonoBleedingEdge/lib/mono/unityjit-win32/System.Web.Extensions.dll --allowed-assembly=/home/mira/Unity/Hub/Editor/6000.6.3f1/Editor/Data/MonoBleedingEdge/lib/mono/unityjit-win32/System.Web.Http.SelfHost.dll --allowed-assembly=/home/mira/Unity/Hub/Editor/6000.6.3f1/Editor/Data/MonoBleedingEdge/lib/mono/unityjit-win32/System.Web.Http.WebHost.dll --allowed-assembly=/home/mira/Unity/Hub/Editor/6000.6.3f1/Editor/Data/MonoBleedingEdge/lib/mono/unityjit-win32/System.Web.Http.dll --allowed-assembly=/home/mira/Unity/Hub/Editor/6000.6.3f1/Editor/Data/MonoBleedingEdge/lib/mono/unityjit-win32/System.Web.Mobile.dll --allowed-assembly=/home/mira/Unity/Hub/Editor/6000.6.3f1/Editor/Data/MonoBleedingEdge/lib/mono/unityjit-win32/System.Web.Mvc.dll --allowed-assembly=/home/mira/Unity/Hub/Editor/6000.6.3f1/Editor/Data/MonoBleedingEdge/lib/mono/unityjit-win32/System.Web.Razor.dll --allowed-assembly=/home/mira/Unity/Hub/Editor/6000.6.3f1/Editor/Data/MonoBleedingEdge/lib/mono/unityjit-win32/System.Web.RegularExpressions.dll --allowed-assembly=/home/mira/Unity/Hub/Editor/6000.6.3f1/Editor/Data/MonoBleedingEdge/lib/mono/unityjit-win32/System.Web.Routing.dll --allowed-assembly=/home/mira/Unity/Hub/Editor/6000.6.3f1/Editor/Data/MonoBleedingEdge/lib/mono/unityjit-win32/System.Web.Services.dll --allowed-assembly=/home/mira/Unity/Hub/Editor/6000.6.3f1/Editor/Data/MonoBleedingEdge/lib/mono/unityjit-win32/System.Web.WebPages.Deployment.dll --allowed-assembly=/home/mira/Unity/Hub/Editor/6000.6.3f1/Editor/Data/MonoBleedingEdge/lib/mono/unityjit-win32/System.Web.WebPages.Razor.dll --allowed-assembly=/home/mira/Unity/Hub/Editor/6000.6.3f1/Editor/Data/MonoBleedingEdge/lib/mono/unityjit-win32/System.Web.WebPages.dll --allowed-assembly=/home/mira/Unity/Hub/Editor/6000.6.3f1/Editor/Data/MonoBleedingEdge/lib/mono/unityjit-win32/System.Web.dll --allowed-assembly=/home/mira/Unity/Hub/Editor/6000.6.3f1/Editor/Data/MonoBleedingEdge/lib/mono/unityjit-win32/System.Windows.Forms.DataVisualization.dll --allowed-assembly=/home/mira/Unity/Hub/Editor/6000.6.3f1/Editor/Data/MonoBleedingEdge/lib/mono/unityjit-win32/System.Windows.Forms.dll --allowed-assembly=/home/mira/Unity/Hub/Editor/6000.6.3f1/Editor/Data/MonoBleedingEdge/lib/mono/unityjit-win32/System.Windows.dll --allowed-assembly=/home/mira/Unity/Hub/Editor/6000.6.3f1/Editor/Data/MonoBleedingEdge/lib/mono/unityjit-win32/System.Workflow.Activities.dll --allowed-assembly=/home/mira/Unity/Hub/Editor/6000.6.3f1/Editor/Data/MonoBleedingEdge/lib/mono/unityjit-win32/System.Workflow.ComponentModel.dll --allowed-assembly=/home/mira/Unity/Hub/Editor/6000.6.3f1/Editor/Data/MonoBleedingEdge/lib/mono/unityjit-win32/System.Workflow.Runtime.dll --allowed-assembly=/home/mira/Unity/Hub/Editor/6000.6.3f1/Editor/Data/MonoBleedingEdge/lib/mono/unityjit-win32/System.Xaml.dll --allowed-assembly=/home/mira/Unity/Hub/Editor/6000.6.3f1/Editor/Data/MonoBleedingEdge/lib/mono/unityjit-win32/System.Xml.Linq.dll --allowed-assembly=/home/mira/Unity/Hub/Editor/6000.6.3f1/Editor/Data/MonoBleedingEdge/lib/mono/unityjit-win32/System.Xml.Serialization.dll --allowed-assembly=/home/mira/Unity/Hub/Editor/6000.6.3f1/Editor/Data/MonoBleedingEdge/lib/mono/unityjit-win32/System.Xml.dll --allowed-assembly=/home/mira/Unity/Hub/Editor/6000.6.3f1/Editor/Data/MonoBleedingEdge/lib/mono/unityjit-win32/System.dll --allowed-assembly=/home/mira/Unity/Hub/Editor/6000.6.3f1/Editor/Data/MonoBleedingEdge/lib/mono/unityjit-win32/SystemWebTestShim.dll --allowed-assembly=/home/mira/Unity/Hub/Editor/6000.6.3f1/Editor/Data/MonoBleedingEdge/lib/mono/unityjit-win32/WebMatrix.Data.dll --allowed-assembly=/home/mira/Unity/Hub/Editor/6000.6.3f1/Editor/Data/MonoBleedingEdge/lib/mono/unityjit-win32/WindowsBase.dll --allowed-assembly=/home/mira/Unity/Hub/Editor/6000.6.3f1/Editor/Data/MonoBleedingEdge/lib/mono/unityjit-win32/cscompmgd.dll --allowed-assembly=/home/mira/Unity/Hub/Editor/6000.6.3f1/Editor/Data/MonoBleedingEdge/lib/mono/unityjit-win32/monodoc.dll --allowed-assembly=/home/mira/Unity/Hub/Editor/6000.6.3f1/Editor/Data/MonoBleedingEdge/lib/mono/unityjit-win32/mscorlib.dll --allowed-assembly=/home/mira/Unity/Hub/Editor/6000.6.3f1/Editor/Data/MonoBleedingEdge/lib/mono/unityjit-win32/Facades/Microsoft.Win32.Primitives.dll --allowed-assembly=/home/mira/Unity/Hub/Editor/6000.6.3f1/Editor/Data/MonoBleedingEdge/lib/mono/unityjit-win32/Facades/Microsoft.Win32.Registry.AccessControl.dll --allowed-assembly=/home/mira/Unity/Hub/Editor/6000.6.3f1/Editor/Data/MonoBleedingEdge/lib/mono/unityjit-win32/Facades/Microsoft.Win32.Registry.dll --allowed-assembly=/home/mira/Unity/Hub/Editor/6000.6.3f1/Editor/Data/MonoBleedingEdge/lib/mono/unityjit-win32/Facades/System.AppContext.dll --allowed-assembly=/home/mira/Unity/Hub/Editor/6000.6.3f1/Editor/Data/MonoBleedingEdge/lib/mono/unityjit-win32/Facades/System.Buffers.dll --allowed-assembly=/home/mira/Unity/Hub/Editor/6000.6.3f1/Editor/Data/MonoBleedingEdge/lib/mono/unityjit-win32/Facades/System.Collections.Concurrent.dll --allowed-assembly=/home/mira/Unity/Hub/Editor/6000.6.3f1/Editor/Data/MonoBleedingEdge/lib/mono/unityjit-win32/Facades/System.Collections.NonGeneric.dll --allowed-assembly=/home/mira/Unity/Hub/Editor/6000.6.3f1/Editor/Data/MonoBleedingEdge/lib/mono/unityjit-win32/Facades/System.Collections.Specialized.dll --allowed-assembly=/home/mira/Unity/Hub/Editor/6000.6.3f1/Editor/Data/MonoBleedingEdge/lib/mono/unityjit-win32/Facades/System.Collections.dll --allowed-assembly=/home/mira/Unity/Hub/Editor/6000.6.3f1/Editor/Data/MonoBleedingEdge/lib/mono/unityjit-win32/Facades/System.ComponentModel.Annotations.dll --allowed-assembly=/home/mira/Unity/Hub/Editor/6000.6.3f1/Editor/Data/MonoBleedingEdge/lib/mono/unityjit-win32/Facades/System.ComponentModel.EventBasedAsync.dll --allowed-assembly=/home/mira/Unity/Hub/Editor/6000.6.3f1/Editor/Data/MonoBleedingEdge/lib/mono/unityjit-win32/Facades/System.ComponentModel.Primitives.dll --allowed-assembly=/home/mira/Unity/Hub/Editor/6000.6.3f1/Editor/Data/MonoBleedingEdge/lib/mono/unityjit-win32/Facades/System.ComponentModel.TypeConverter.dll --allowed-assembly=/home/mira/Unity/Hub/Editor/6000.6.3f1/Editor/Data/MonoBleedingEdge/lib/mono/unityjit-win32/Facades/System.ComponentModel.dll --allowed-assembly=/home/mira/Unity/Hub/Editor/6000.6.3f1/Editor/Data/MonoBleedingEdge/lib/mono/unityjit-win32/Facades/System.Console.dll --allowed-assembly=/home/mira/Unity/Hub/Editor/6000.6.3f1/Editor/Data/MonoBleedingEdge/lib/mono/unityjit-win32/Facades/System.Data.Common.dll --allowed-assembly=/home/mira/Unity/Hub/Editor/6000.6.3f1/Editor/Data/MonoBleedingEdge/lib/mono/unityjit-win32/Facades/System.Data.SqlClient.dll --allowed-assembly=/home/mira/Unity/Hub/Editor/6000.6.3f1/Editor/Data/MonoBleedingEdge/lib/mono/unityjit-win32/Facades/System.Diagnostics.Contracts.dll --allowed-assembly=/home/mira/Unity/Hub/Editor/6000.6.3f1/Editor/Data/MonoBleedingEdge/lib/mono/unityjit-win32/Facades/System.Diagnostics.Debug.dll --allowed-assembly=/home/mira/Unity/Hub/Editor/6000.6.3f1/Editor/Data/MonoBleedingEdge/lib/mono/unityjit-win32/Facades/System.Diagnostics.FileVersionInfo.dll --allowed-assembly=/home/mira/Unity/Hub/Editor/6000.6.3f1/Editor/Data/MonoBleedingEdge/lib/mono/unityjit-win32/Facades/System.Diagnostics.Process.dll --allowed-assembly=/home/mira/Unity/Hub/Editor/6000.6.3f1/Editor/Data/MonoBleedingEdge/lib/mono/unityjit-win32/Facades/System.Diagnostics.StackTrace.dll --allowed-assembly=/home/mira/Unity/Hub/Editor/6000.6.3f1/Editor/Data/MonoBleedingEdge/lib/mono/unityjit-win32/Facades/System.Diagnostics.TextWriterTraceListener.dll --allowed-assembly=/home/mira/Unity/Hub/Editor/6000.6.3f1/Editor/Data/MonoBleedingEdge/lib/mono/unityjit-win32/Facades/System.Diagnostics.Tools.dll --allowed-assembly=/home/mira/Unity/Hub/Editor/6000.6.3f1/Editor/Data/MonoBleedingEdge/lib/mono/unityjit-win32/Facades/System.Diagnostics.TraceEvent.dll --allowed-assembly=/home/mira/Unity/Hub/Editor/6000.6.3f1/Editor/Data/MonoBleedingEdge/lib/mono/unityjit-win32/Facades/System.Diagnostics.TraceSource.dll --allowed-assembly=/home/mira/Unity/Hub/Editor/6000.6.3f1/Editor/Data/MonoBleedingEdge/lib/mono/unityjit-win32/Facades/System.Diagnostics.Tracing.dll --allowed-assembly=/home/mira/Unity/Hub/Editor/6000.6.3f1/Editor/Data/MonoBleedingEdge/lib/mono/unityjit-win32/Facades/System.Drawing.Primitives.dll --allowed-assembly=/home/mira/Unity/Hub/Editor/6000.6.3f1/Editor/Data/MonoBleedingEdge/lib/mono/unityjit-win32/Facades/System.Dynamic.Runtime.dll --allowed-assembly=/home/mira/Unity/Hub/Editor/6000.6.3f1/Editor/Data/MonoBleedingEdge/lib/mono/unityjit-win32/Facades/System.Globalization.Calendars.dll --allowed-assembly=/home/mira/Unity/Hub/Editor/6000.6.3f1/Editor/Data/MonoBleedingEdge/lib/mono/unityjit-win32/Facades/System.Globalization.Extensions.dll --allowed-assembly=/home/mira/Unity/Hub/Editor/6000.6.3f1/Editor/Data/MonoBleedingEdge/lib/mono/unityjit-win32/Facades/System.Globalization.dll --allowed-assembly=/home/mira/Unity/Hub/Editor/6000.6.3f1/Editor/Data/MonoBleedingEdge/lib/mono/unityjit-win32/Facades/System.IO.Compression.ZipFile.dll --allowed-assembly=/home/mira/Unity/Hub/Editor/6000.6.3f1/Editor/Data/MonoBleedingEdge/lib/mono/unityjit-win32/Facades/System.IO.FileSystem.AccessControl.dll --allowed-assembly=/home/mira/Unity/Hub/Editor/6000.6.3f1/Editor/Data/MonoBleedingEdge/lib/mono/unityjit-win32/Facades/System.IO.FileSystem.DriveInfo.dll --allowed-assembly=/home/mira/Unity/Hub/Editor/6000.6.3f1/Editor/Data/MonoBleedingEdge/lib/mono/unityjit-win32/Facades/System.IO.FileSystem.Primitives.dll --allowed-assembly=/home/mira/Unity/Hub/Editor/6000.6.3f1/Editor/Data/MonoBleedingEdge/lib/mono/unityjit-win32/Facades/System.IO.FileSystem.Watcher.dll --allowed-assembly=/home/mira/Unity/Hub/Editor/6000.6.3f1/Editor/Data/MonoBleedingEdge/lib/mono/unityjit-win32/Facades/System.IO.FileSystem.dll --allowed-assembly=/home/mira/Unity/Hub/Editor/6000.6.3f1/Editor/Data/MonoBleedingEdge/lib/mono/unityjit-win32/Facades/System.IO.IsolatedStorage.dll --allowed-assembly=/home/mira/Unity/Hub/Editor/6000.6.3f1/Editor/Data/MonoBleedingEdge/lib/mono/unityjit-win32/Facades/System.IO.MemoryMappedFiles.dll --allowed-assembly=/home/mira/Unity/Hub/Editor/6000.6.3f1/Editor/Data/MonoBleedingEdge/lib/mono/unityjit-win32/Facades/System.IO.Pipes.dll --allowed-assembly=/home/mira/Unity/Hub/Editor/6000.6.3f1/Editor/Data/MonoBleedingEdge/lib/mono/unityjit-win32/Facades/System.IO.UnmanagedMemoryStream.dll --allowed-assembly=/home/mira/Unity/Hub/Editor/6000.6.3f1/Editor/Data/MonoBleedingEdge/lib/mono/unityjit-win32/Facades/System.IO.dll --allowed-assembly=/home/mira/Unity/Hub/Editor/6000.6.3f1/Editor/Data/MonoBleedingEdge/lib/mono/unityjit-win32/Facades/System.Linq.Expressions.dll --allowed-assembly=/home/mira/Unity/Hub/Editor/6000.6.3f1/Editor/Data/MonoBleedingEdge/lib/mono/unityjit-win32/Facades/System.Linq.Parallel.dll --allowed-assembly=/home/mira/Unity/Hub/Editor/6000.6.3f1/Editor/Data/MonoBleedingEdge/lib/mono/unityjit-win32/Facades/System.Linq.Queryable.dll --allowed-assembly=/home/mira/Unity/Hub/Editor/6000.6.3f1/Editor/Data/MonoBleedingEdge/lib/mono/unityjit-win32/Facades/System.Linq.dll --allowed-assembly=/home/mira/Unity/Hub/Editor/6000.6.3f1/Editor/Data/MonoBleedingEdge/lib/mono/unityjit-win32/Facades/System.Memory.dll --allowed-assembly=/home/mira/Unity/Hub/Editor/6000.6.3f1/Editor/Data/MonoBleedingEdge/lib/mono/unityjit-win32/Facades/System.Net.AuthenticationManager.dll --allowed-assembly=/home/mira/Unity/Hub/Editor/6000.6.3f1/Editor/Data/MonoBleedingEdge/lib/mono/unityjit-win32/Facades/System.Net.Cache.dll --allowed-assembly=/home/mira/Unity/Hub/Editor/6000.6.3f1/Editor/Data/MonoBleedingEdge/lib/mono/unityjit-win32/Facades/System.Net.Http.Rtc.dll --allowed-assembly=/home/mira/Unity/Hub/Editor/6000.6.3f1/Editor/Data/MonoBleedingEdge/lib/mono/unityjit-win32/Facades/System.Net.HttpListener.dll --allowed-assembly=/home/mira/Unity/Hub/Editor/6000.6.3f1/Editor/Data/MonoBleedingEdge/lib/mono/unityjit-win32/Facades/System.Net.Mail.dll --allowed-assembly=/home/mira/Unity/Hub/Editor/6000.6.3f1/Editor/Data/MonoBleedingEdge/lib/mono/unityjit-win32/Facades/System.Net.NameResolution.dll --allowed-assembly=/home/mira/Unity/Hub/Editor/6000.6.3f1/Editor/Data/MonoBleedingEdge/lib/mono/unityjit-win32/Facades/System.Net.NetworkInformation.dll --allowed-assembly=/home/mira/Unity/Hub/Editor/6000.6.3f1/Editor/Data/MonoBleedingEdge/lib/mono/unityjit-win32/Facades/System.Net.Ping.dll --allowed-assembly=/home/mira/Unity/Hub/Editor/6000.6.3f1/Editor/Data/MonoBleedingEdge/lib/mono/unityjit-win32/Facades/System.Net.Primitives.dll --allowed-assembly=/home/mira/Unity/Hub/Editor/6000.6.3f1/Editor/Data/MonoBleedingEdge/lib/mono/unityjit-win32/Facades/System.Net.Requests.dll --allowed-assembly=/home/mira/Unity/Hub/Editor/6000.6.3f1/Editor/Data/MonoBleedingEdge/lib/mono/unityjit-win32/Facades/System.Net.Security.dll --allowed-assembly=/home/mira/Unity/Hub/Editor/6000.6.3f1/Editor/Data/MonoBleedingEdge/lib/mono/unityjit-win32/Facades/System.Net.ServicePoint.dll --allowed-assembly=/home/mira/Unity/Hub/Editor/6000.6.3f1/Editor/Data/MonoBleedingEdge/lib/mono/unityjit-win32/Facades/System.Net.Sockets.dll --allowed-assembly=/home/mira/Unity/Hub/Editor/6000.6.3f1/Editor/Data/MonoBleedingEdge/lib/mono/unityjit-win32/Facades/System.Net.Utilities.dll --allowed-assembly=/home/mira/Unity/Hub/Editor/6000.6.3f1/Editor/Data/MonoBleedingEdge/lib/mono/unityjit-win32/Facades/System.Net.WebHeaderCollection.dll --allowed-assembly=/home/mira/Unity/Hub/Editor/6000.6.3f1/Editor/Data/MonoBleedingEdge/lib/mono/unityjit-win32/Facades/System.Net.WebSockets.Client.dll --allowed-assembly=/home/mira/Unity/Hub/Editor/6000.6.3f1/Editor/Data/MonoBleedingEdge/lib/mono/unityjit-win32/Facades/System.Net.WebSockets.dll --allowed-assembly=/home/mira/Unity/Hub/Editor/6000.6.3f1/Editor/Data/MonoBleedingEdge/lib/mono/unityjit-win32/Facades/System.ObjectModel.dll --allowed-assembly=/home/mira/Unity/Hub/Editor/6000.6.3f1/Editor/Data/MonoBleedingEdge/lib/mono/unityjit-win32/Facades/System.Reflection.DispatchProxy.dll --allowed-assembly=/home/mira/Unity/Hub/Editor/6000.6.3f1/Editor/Data/MonoBleedingEdge/lib/mono/unityjit-win32/Facades/System.Reflection.Emit.ILGeneration.dll --allowed-assembly=/home/mira/Unity/Hub/Editor/6000.6.3f1/Editor/Data/MonoBleedingEdge/lib/mono/unityjit-win32/Facades/System.Reflection.Emit.Lightweight.dll --allowed-assembly=/home/mira/Unity/Hub/Editor/6000.6.3f1/Editor/Data/MonoBleedingEdge/lib/mono/unityjit-win32/Facades/System.Reflection.Emit.dll --allowed-assembly=/home/mira/Unity/Hub/Editor/6000.6.3f1/Editor/Data/MonoBleedingEdge/lib/mono/unityjit-win32/Facades/System.Reflection.Extensions.dll --allowed-assembly=/home/mira/Unity/Hub/Editor/6000.6.3f1/Editor/Data/MonoBleedingEdge/lib/mono/unityjit-win32/Facades/System.Reflection.Primitives.dll --allowed-assembly=/home/mira/Unity/Hub/Editor/6000.6.3f1/Editor/Data/MonoBleedingEdge/lib/mono/unityjit-win32/Facades/System.Reflection.TypeExtensions.dll --allowed-assembly=/home/mira/Unity/Hub/Editor/6000.6.3f1/Editor/Data/MonoBleedingEdge/lib/mono/unityjit-win32/Facades/System.Reflection.dll --allowed-assembly=/home/mira/Unity/Hub/Editor/6000.6.3f1/Editor/Data/MonoBleedingEdge/lib/mono/unityjit-win32/Facades/System.Resources.Reader.dll --allowed-assembly=/home/mira/Unity/Hub/Editor/6000.6.3f1/Editor/Data/MonoBleedingEdge/lib/mono/unityjit-win32/Facades/System.Resources.ReaderWriter.dll --allowed-assembly=/home/mira/Unity/Hub/Editor/6000.6.3f1/Editor/Data/MonoBleedingEdge/lib/mono/unityjit-win32/Facades/System.Resources.ResourceManager.dll --allowed-assembly=/home/mira/Unity/Hub/Editor/6000.6.3f1/Editor/Data/MonoBleedingEdge/lib/mono/unityjit-win32/Facades/System.Resources.Writer.dll --allowed-assembly=/home/mira/Unity/Hub/Editor/6000.6.3f1/Editor/Data/MonoBleedingEdge/lib/mono/unityjit-win32/Facades/System.Runtime.CompilerServices.VisualC.dll --allowed-assembly=/home/mira/Unity/Hub/Editor/6000.6.3f1/Editor/Data/MonoBleedingEdge/lib/mono/unityjit-win32/Facades/System.Runtime.Extensions.dll --allowed-assembly=/home/mira/Unity/Hub/Editor/6000.6.3f1/Editor/Data/MonoBleedingEdge/lib/mono/unityjit-win32/Facades/System.Runtime.Handles.dll --allowed-assembly=/home/mira/Unity/Hub/Editor/6000.6.3f1/Editor/Data/MonoBleedingEdge/lib/mono/unityjit-win32/Facades/System.Runtime.InteropServices.RuntimeInformation.dll --allowed-assembly=/home/mira/Unity/Hub/Editor/6000.6.3f1/Editor/Data/MonoBleedingEdge/lib/mono/unityjit-win32/Facades/System.Runtime.InteropServices.WindowsRuntime.dll --allowed-assembly=/home/mira/Unity/Hub/Editor/6000.6.3f1/Editor/Data/MonoBleedingEdge/lib/mono/unityjit-win32/Facades/System.Runtime.InteropServices.dll --allowed-assembly=/home/mira/Unity/Hub/Editor/6000.6.3f1/Editor/Data/MonoBleedingEdge/lib/mono/unityjit-win32/Facades/System.Runtime.Loader.dll --allowed-assembly=/home/mira/Unity/Hub/Editor/6000.6.3f1/Editor/Data/MonoBleedingEdge/lib/mono/unityjit-win32/Facades/System.Runtime.Numerics.dll --allowed-assembly=/home/mira/Unity/Hub/Editor/6000.6.3f1/Editor/Data/MonoBleedingEdge/lib/mono/unityjit-win32/Facades/System.Runtime.Serialization.Formatters.dll --allowed-assembly=/home/mira/Unity/Hub/Editor/6000.6.3f1/Editor/Data/MonoBleedingEdge/lib/mono/unityjit-win32/Facades/System.Runtime.Serialization.Json.dll --allowed-assembly=/home/mira/Unity/Hub/Editor/6000.6.3f1/Editor/Data/MonoBleedingEdge/lib/mono/unityjit-win32/Facades/System.Runtime.Serialization.Primitives.dll --allowed-assembly=/home/mira/Unity/Hub/Editor/6000.6.3f1/Editor/Data/MonoBleedingEdge/lib/mono/unityjit-win32/Facades/System.Runtime.Serialization.Xml.dll --allowed-assembly=/home/mira/Unity/Hub/Editor/6000.6.3f1/Editor/Data/MonoBleedingEdge/lib/mono/unityjit-win32/Facades/System.Runtime.dll --allowed-assembly=/home/mira/Unity/Hub/Editor/6000.6.3f1/Editor/Data/MonoBleedingEdge/lib/mono/unityjit-win32/Facades/System.Security.AccessControl.dll --allowed-assembly=/home/mira/Unity/Hub/Editor/6000.6.3f1/Editor/Data/MonoBleedingEdge/lib/mono/unityjit-win32/Facades/System.Security.Claims.dll --allowed-assembly=/home/mira/Unity/Hub/Editor/6000.6.3f1/Editor/Data/MonoBleedingEdge/lib/mono/unityjit-win32/Facades/System.Security.Cryptography.Algorithms.dll --allowed-assembly=/home/mira/Unity/Hub/Editor/6000.6.3f1/Editor/Data/MonoBleedingEdge/lib/mono/unityjit-win32/Facades/System.Security.Cryptography.Cng.dll --allowed-assembly=/home/mira/Unity/Hub/Editor/6000.6.3f1/Editor/Data/MonoBleedingEdge/lib/mono/unityjit-win32/Facades/System.Security.Cryptography.Csp.dll --allowed-assembly=/home/mira/Unity/Hub/Editor/6000.6.3f1/Editor/Data/MonoBleedingEdge/lib/mono/unityjit-win32/Facades/System.Security.Cryptography.DeriveBytes.dll --allowed-assembly=/home/mira/Unity/Hub/Editor/6000.6.3f1/Editor/Data/MonoBleedingEdge/lib/mono/unityjit-win32/Facades/System.Security.Cryptography.Encoding.dll --allowed-assembly=/home/mira/Unity/Hub/Editor/6000.6.3f1/Editor/Data/MonoBleedingEdge/lib/mono/unityjit-win32/Facades/System.Security.Cryptography.Encryption.Aes.dll --allowed-assembly=/home/mira/Unity/Hub/Editor/6000.6.3f1/Editor/Data/MonoBleedingEdge/lib/mono/unityjit-win32/Facades/System.Security.Cryptography.Encryption.ECDiffieHellman.dll --allowed-assembly=/home/mira/Unity/Hub/Editor/6000.6.3f1/Editor/Data/MonoBleedingEdge/lib/mono/unityjit-win32/Facades/System.Security.Cryptography.Encryption.ECDsa.dll --allowed-assembly=/home/mira/Unity/Hub/Editor/6000.6.3f1/Editor/Data/MonoBleedingEdge/lib/mono/unityjit-win32/Facades/System.Security.Cryptography.Encryption.dll --allowed-assembly=/home/mira/Unity/Hub/Editor/6000.6.3f1/Editor/Data/MonoBleedingEdge/lib/mono/unityjit-win32/Facades/System.Security.Cryptography.Hashing.Algorithms.dll --allowed-assembly=/home/mira/Unity/Hub/Editor/6000.6.3f1/Editor/Data/MonoBleedingEdge/lib/mono/unityjit-win32/Facades/System.Security.Cryptography.Hashing.dll --allowed-assembly=/home/mira/Unity/Hub/Editor/6000.6.3f1/Editor/Data/MonoBleedingEdge/lib/mono/unityjit-win32/Facades/System.Security.Cryptography.OpenSsl.dll --allowed-assembly=/home/mira/Unity/Hub/Editor/6000.6.3f1/Editor/Data/MonoBleedingEdge/lib/mono/unityjit-win32/Facades/System.Security.Cryptography.Pkcs.dll --allowed-assembly=/home/mira/Unity/Hub/Editor/6000.6.3f1/Editor/Data/MonoBleedingEdge/lib/mono/unityjit-win32/Facades/System.Security.Cryptography.Primitives.dll --allowed-assembly=/home/mira/Unity/Hub/Editor/6000.6.3f1/Editor/Data/MonoBleedingEdge/lib/mono/unityjit-win32/Facades/System.Security.Cryptography.ProtectedData.dll --allowed-assembly=/home/mira/Unity/Hub/Editor/6000.6.3f1/Editor/Data/MonoBleedingEdge/lib/mono/unityjit-win32/Facades/System.Security.Cryptography.RSA.dll --allowed-assembly=/home/mira/Unity/Hub/Editor/6000.6.3f1/Editor/Data/MonoBleedingEdge/lib/mono/unityjit-win32/Facades/System.Security.Cryptography.RandomNumberGenerator.dll --allowed-assembly=/home/mira/Unity/Hub/Editor/6000.6.3f1/Editor/Data/MonoBleedingEdge/lib/mono/unityjit-win32/Facades/System.Security.Cryptography.X509Certificates.dll --allowed-assembly=/home/mira/Unity/Hub/Editor/6000.6.3f1/Editor/Data/MonoBleedingEdge/lib/mono/unityjit-win32/Facades/System.Security.Principal.Windows.dll --allowed-assembly=/home/mira/Unity/Hub/Editor/6000.6.3f1/Editor/Data/MonoBleedingEdge/lib/mono/unityjit-win32/Facades/System.Security.Principal.dll --allowed-assembly=/home/mira/Unity/Hub/Editor/6000.6.3f1/Editor/Data/MonoBleedingEdge/lib/mono/unityjit-win32/Facades/System.Security.SecureString.dll --allowed-assembly=/home/mira/Unity/Hub/Editor/6000.6.3f1/Editor/Data/MonoBleedingEdge/lib/mono/unityjit-win32/Facades/System.ServiceModel.Duplex.dll --allowed-assembly=/home/mira/Unity/Hub/Editor/6000.6.3f1/Editor/Data/MonoBleedingEdge/lib/mono/unityjit-win32/Facades/System.ServiceModel.Http.dll --allowed-assembly=/home/mira/Unity/Hub/Editor/6000.6.3f1/Editor/Data/MonoBleedingEdge/lib/mono/unityjit-win32/Facades/System.ServiceModel.NetTcp.dll --allowed-assembly=/home/mira/Unity/Hub/Editor/6000.6.3f1/Editor/Data/MonoBleedingEdge/lib/mono/unityjit-win32/Facades/System.ServiceModel.Primitives.dll --allowed-assembly=/home/mira/Unity/Hub/Editor/6000.6.3f1/Editor/Data/MonoBleedingEdge/lib/mono/unityjit-win32/Facades/System.ServiceModel.Security.dll --allowed-assembly=/home/mira/Unity/Hub/Editor/6000.6.3f1/Editor/Data/MonoBleedingEdge/lib/mono/unityjit-win32/Facades/System.ServiceProcess.ServiceController.dll --allowed-assembly=/home/mira/Unity/Hub/Editor/6000.6.3f1/Editor/Data/MonoBleedingEdge/lib/mono/unityjit-win32/Facades/System.Text.Encoding.CodePages.dll --allowed-assembly=/home/mira/Unity/Hub/Editor/6000.6.3f1/Editor/Data/MonoBleedingEdge/lib/mono/unityjit-win32/Facades/System.Text.Encoding.Extensions.dll --allowed-assembly=/home/mira/Unity/Hub/Editor/6000.6.3f1/Editor/Data/MonoBleedingEdge/lib/mono/unityjit-win32/Facades/System.Text.Encoding.dll --allowed-assembly=/home/mira/Unity/Hub/Editor/6000.6.3f1/Editor/Data/MonoBleedingEdge/lib/mono/unityjit-win32/Facades/System.Text.RegularExpressions.dll --allowed-assembly=/home/mira/Unity/Hub/Editor/6000.6.3f1/Editor/Data/MonoBleedingEdge/lib/mono/unityjit-win32/Facades/System.Threading.AccessControl.dll --allowed-assembly=/home/mira/Unity/Hub/Editor/6000.6.3f1/Editor/Data/MonoBleedingEdge/lib/mono/unityjit-win32/Facades/System.Threading.Overlapped.dll --allowed-assembly=/home/mira/Unity/Hub/Editor/6000.6.3f1/Editor/Data/MonoBleedingEdge/lib/mono/unityjit-win32/Facades/System.Threading.Tasks.Extensions.dll --allowed-assembly=/home/mira/Unity/Hub/Editor/6000.6.3f1/Editor/Data/MonoBleedingEdge/lib/mono/unityjit-win32/Facades/System.Threading.Tasks.Parallel.dll --allowed-assembly=/home/mira/Unity/Hub/Editor/6000.6.3f1/Editor/Data/MonoBleedingEdge/lib/mono/unityjit-win32/Facades/System.Threading.Tasks.dll --allowed-assembly=/home/mira/Unity/Hub/Editor/6000.6.3f1/Editor/Data/MonoBleedingEdge/lib/mono/unityjit-win32/Facades/System.Threading.Thread.dll --allowed-assembly=/home/mira/Unity/Hub/Editor/6000.6.3f1/Editor/Data/MonoBleedingEdge/lib/mono/unityjit-win32/Facades/System.Threading.ThreadPool.dll --allowed-assembly=/home/mira/Unity/Hub/Editor/6000.6.3f1/Editor/Data/MonoBleedingEdge/lib/mono/unityjit-win32/Facades/System.Threading.Timer.dll --allowed-assembly=/home/mira/Unity/Hub/Editor/6000.6.3f1/Editor/Data/MonoBleedingEdge/lib/mono/unityjit-win32/Facades/System.Threading.dll --allowed-assembly=/home/mira/Unity/Hub/Editor/6000.6.3f1/Editor/Data/MonoBleedingEdge/lib/mono/unityjit-win32/Facades/System.ValueTuple.dll --allowed-assembly=/home/mira/Unity/Hub/Editor/6000.6.3f1/Editor/Data/MonoBleedingEdge/lib/mono/unityjit-win32/Facades/System.Xml.ReaderWriter.dll --allowed-assembly=/home/mira/Unity/Hub/Editor/6000.6.3f1/Editor/Data/MonoBleedingEdge/lib/mono/unityjit-win32/Facades/System.Xml.XDocument.dll --allowed-assembly=/home/mira/Unity/Hub/Editor/6000.6.3f1/Editor/Data/MonoBleedingEdge/lib/mono/unityjit-win32/Facades/System.Xml.XPath.XDocument.dll --allowed-assembly=/home/mira/Unity/Hub/Editor/6000.6.3f1/Editor/Data/MonoBleedingEdge/lib/mono/unityjit-win32/Facades/System.Xml.XPath.XmlDocument.dll --allowed-assembly=/home/mira/Unity/Hub/Editor/6000.6.3f1/Editor/Data/MonoBleedingEdge/lib/mono/unityjit-win32/Facades/System.Xml.XPath.dll --allowed-assembly=/home/mira/Unity/Hub/Editor/6000.6.3f1/Editor/Data/MonoBleedingEdge/lib/mono/unityjit-win32/Facades/System.Xml.XmlDocument.dll --allowed-assembly=/home/mira/Unity/Hub/Editor/6000.6.3f1/Editor/Data/MonoBleedingEdge/lib/mono/unityjit-win32/Facades/System.Xml.XmlSerializer.dll --allowed-assembly=/home/mira/Unity/Hub/Editor/6000.6.3f1/Editor/Data/MonoBleedingEdge/lib/mono/unityjit-win32/Facades/System.Xml.Xsl.Primitives.dll --allowed-assembly=/home/mira/Unity/Hub/Editor/6000.6.3f1/Editor/Data/MonoBleedingEdge/lib/mono/unityjit-win32/Facades/netstandard.dll --allowed-assembly=/home/mira/Unity/Hub/Editor/6000.6.3f1/Editor/Data/PlaybackEngines/WindowsStandaloneSupport/Variations/mono/Managed/Unity.Scripting.dll --allowed-assembly=/home/mira/Unity/Hub/Editor/6000.6.3f1/Editor/Data/PlaybackEngines/WindowsStandaloneSupport/Variations/mono/Managed/UnityEngine.AIModule.dll --allowed-assembly=/home/mira/Unity/Hub/Editor/6000.6.3f1/Editor/Data/PlaybackEngines/WindowsStandaloneSupport/Variations/mono/Managed/UnityEngine.AMDModule.dll --allowed-assembly=/home/mira/Unity/Hub/Editor/6000.6.3f1/Editor/Data/PlaybackEngines/WindowsStandaloneSupport/Variations/mono/Managed/UnityEngine.ARModule.dll --allowed-assembly=/home/mira/Unity/Hub/Editor/6000.6.3f1/Editor/Data/PlaybackEngines/WindowsStandaloneSupport/Variations/mono/Managed/UnityEngine.AccessibilityModule.dll --allowed-assembly=/home/mira/Unity/Hub/Editor/6000.6.3f1/Editor/Data/PlaybackEngines/WindowsStandaloneSupport/Variations/mono/Managed/UnityEngine.AdaptivePerformanceModule.dll --allowed-assembly=/home/mira/Unity/Hub/Editor/6000.6.3f1/Editor/Data/PlaybackEngines/WindowsStandaloneSupport/Variations/mono/Managed/UnityEngine.AndroidJNIModule.dll --allowed-assembly=/home/mira/Unity/Hub/Editor/6000.6.3f1/Editor/Data/PlaybackEngines/WindowsStandaloneSupport/Variations/mono/Managed/UnityEngine.AnimationModule.dll --allowed-assembly=/home/mira/Unity/Hub/Editor/6000.6.3f1/Editor/Data/PlaybackEngines/WindowsStandaloneSupport/Variations/mono/Managed/UnityEngine.AssetBundleModule.dll --allowed-assembly=/home/mira/Unity/Hub/Editor/6000.6.3f1/Editor/Data/PlaybackEngines/WindowsStandaloneSupport/Variations/mono/Managed/UnityEngine.AudioModule.dll --allowed-assembly=/home/mira/Unity/Hub/Editor/6000.6.3f1/Editor/Data/PlaybackEngines/WindowsStandaloneSupport/Variations/mono/Managed/UnityEngine.BurstModule.dll --allowed-assembly=/home/mira/Unity/Hub/Editor/6000.6.3f1/Editor/Data/PlaybackEngines/WindowsStandaloneSupport/Variations/mono/Managed/UnityEngine.ClothModule.dll --allowed-assembly=/home/mira/Unity/Hub/Editor/6000.6.3f1/Editor/Data/PlaybackEngines/WindowsStandaloneSupport/Variations/mono/Managed/UnityEngine.ClusterInputModule.dll --allowed-assembly=/home/mira/Unity/Hub/Editor/6000.6.3f1/Editor/Data/PlaybackEngines/WindowsStandaloneSupport/Variations/mono/Managed/UnityEngine.ClusterRendererModule.dll --allowed-assembly=/home/mira/Unity/Hub/Editor/6000.6.3f1/Editor/Data/PlaybackEngines/WindowsStandaloneSupport/Variations/mono/Managed/UnityEngine.ContentLoadModule.dll --allowed-assembly=/home/mira/Unity/Hub/Editor/6000.6.3f1/Editor/Data/PlaybackEngines/WindowsStandaloneSupport/Variations/mono/Managed/UnityEngine.CoreModule.dll --allowed-assembly=/home/mira/Unity/Hub/Editor/6000.6.3f1/Editor/Data/PlaybackEngines/WindowsStandaloneSupport/Variations/mono/Managed/UnityEngine.CrashReportingModule.dll --allowed-assembly=/home/mira/Unity/Hub/Editor/6000.6.3f1/Editor/Data/PlaybackEngines/WindowsStandaloneSupport/Variations/mono/Managed/UnityEngine.DSPGraphModule.dll --allowed-assembly=/home/mira/Unity/Hub/Editor/6000.6.3f1/Editor/Data/PlaybackEngines/WindowsStandaloneSupport/Variations/mono/Managed/UnityEngine.DirectorModule.dll --allowed-assembly=/home/mira/Unity/Hub/Editor/6000.6.3f1/Editor/Data/PlaybackEngines/WindowsStandaloneSupport/Variations/mono/Managed/UnityEngine.GIModule.dll --allowed-assembly=/home/mira/Unity/Hub/Editor/6000.6.3f1/Editor/Data/PlaybackEngines/WindowsStandaloneSupport/Variations/mono/Managed/UnityEngine.GameCenterModule.dll --allowed-assembly=/home/mira/Unity/Hub/Editor/6000.6.3f1/Editor/Data/PlaybackEngines/WindowsStandaloneSupport/Variations/mono/Managed/UnityEngine.GraphicsStateCollectionSerializerModule.dll --allowed-assembly=/home/mira/Unity/Hub/Editor/6000.6.3f1/Editor/Data/PlaybackEngines/WindowsStandaloneSupport/Variations/mono/Managed/UnityEngine.GridModule.dll --allowed-assembly=/home/mira/Unity/Hub/Editor/6000.6.3f1/Editor/Data/PlaybackEngines/WindowsStandaloneSupport/Variations/mono/Managed/UnityEngine.HierarchyCoreModule.dll --allowed-assembly=/home/mira/Unity/Hub/Editor/6000.6.3f1/Editor/Data/PlaybackEngines/WindowsStandaloneSupport/Variations/mono/Managed/UnityEngine.HierarchyModule.dll --allowed-assembly=/home/mira/Unity/Hub/Editor/6000.6.3f1/Editor/Data/PlaybackEngines/WindowsStandaloneSupport/Variations/mono/Managed/UnityEngine.HotReloadModule.dll --allowed-assembly=/home/mira/Unity/Hub/Editor/6000.6.3f1/Editor/Data/PlaybackEngines/WindowsStandaloneSupport/Variations/mono/Managed/UnityEngine.IMGUIModule.dll --allowed-assembly=/home/mira/Unity/Hub/Editor/6000.6.3f1/Editor/Data/PlaybackEngines/WindowsStandaloneSupport/Variations/mono/Managed/UnityEngine.IdentifiersModule.dll --allowed-assembly=/home/mira/Unity/Hub/Editor/6000.6.3f1/Editor/Data/PlaybackEngines/WindowsStandaloneSupport/Variations/mono/Managed/UnityEngine.ImageConversionModule.dll --allowed-assembly=/home/mira/Unity/Hub/Editor/6000.6.3f1/Editor/Data/PlaybackEngines/WindowsStandaloneSupport/Variations/mono/Managed/UnityEngine.InputForUIModule.dll --allowed-assembly=/home/mira/Unity/Hub/Editor/6000.6.3f1/Editor/Data/PlaybackEngines/WindowsStandaloneSupport/Variations/mono/Managed/UnityEngine.InputLegacyModule.dll --allowed-assembly=/home/mira/Unity/Hub/Editor/6000.6.3f1/Editor/Data/PlaybackEngines/WindowsStandaloneSupport/Variations/mono/Managed/UnityEngine.InputModule.dll --allowed-assembly=/home/mira/Unity/Hub/Editor/6000.6.3f1/Editor/Data/PlaybackEngines/WindowsStandaloneSupport/Variations/mono/Managed/UnityEngine.InsightsModule.dll --allowed-assembly=/home/mira/Unity/Hub/Editor/6000.6.3f1/Editor/Data/PlaybackEngines/WindowsStandaloneSupport/Variations/mono/Managed/UnityEngine.JSONSerializeModule.dll --allowed-assembly=/home/mira/Unity/Hub/Editor/6000.6.3f1/Editor/Data/PlaybackEngines/WindowsStandaloneSupport/Variations/mono/Managed/UnityEngine.LocalizationModule.dll --allowed-assembly=/home/mira/Unity/Hub/Editor/6000.6.3f1/Editor/Data/PlaybackEngines/WindowsStandaloneSupport/Variations/mono/Managed/UnityEngine.ManagedKernelModule.dll --allowed-assembly=/home/mira/Unity/Hub/Editor/6000.6.3f1/Editor/Data/PlaybackEngines/WindowsStandaloneSupport/Variations/mono/Managed/UnityEngine.MarshallingModule.dll --allowed-assembly=/home/mira/Unity/Hub/Editor/6000.6.3f1/Editor/Data/PlaybackEngines/WindowsStandaloneSupport/Variations/mono/Managed/UnityEngine.MathematicsModule.dll --allowed-assembly=/home/mira/Unity/Hub/Editor/6000.6.3f1/Editor/Data/PlaybackEngines/WindowsStandaloneSupport/Variations/mono/Managed/UnityEngine.MultiplayerModule.dll --allowed-assembly=/home/mira/Unity/Hub/Editor/6000.6.3f1/Editor/Data/PlaybackEngines/WindowsStandaloneSupport/Variations/mono/Managed/UnityEngine.NVIDIAModule.dll --allowed-assembly=/home/mira/Unity/Hub/Editor/6000.6.3f1/Editor/Data/PlaybackEngines/WindowsStandaloneSupport/Variations/mono/Managed/UnityEngine.ParticleSystemModule.dll --allowed-assembly=/home/mira/Unity/Hub/Editor/6000.6.3f1/Editor/Data/PlaybackEngines/WindowsStandaloneSupport/Variations/mono/Managed/UnityEngine.PerformanceReportingModule.dll --allowed-assembly=/home/mira/Unity/Hub/Editor/6000.6.3f1/Editor/Data/PlaybackEngines/WindowsStandaloneSupport/Variations/mono/Managed/UnityEngine.Physics2DModule.dll --allowed-assembly=/home/mira/Unity/Hub/Editor/6000.6.3f1/Editor/Data/PlaybackEngines/WindowsStandaloneSupport/Variations/mono/Managed/UnityEngine.PhysicsBackendPhysXModule.dll --allowed-assembly=/home/mira/Unity/Hub/Editor/6000.6.3f1/Editor/Data/PlaybackEngines/WindowsStandaloneSupport/Variations/mono/Managed/UnityEngine.PhysicsCore2DModule.dll --allowed-assembly=/home/mira/Unity/Hub/Editor/6000.6.3f1/Editor/Data/PlaybackEngines/WindowsStandaloneSupport/Variations/mono/Managed/UnityEngine.PhysicsModule.dll --allowed-assembly=/home/mira/Unity/Hub/Editor/6000.6.3f1/Editor/Data/PlaybackEngines/WindowsStandaloneSupport/Variations/mono/Managed/UnityEngine.PropertiesModule.dll --allowed-assembly=/home/mira/Unity/Hub/Editor/6000.6.3f1/Editor/Data/PlaybackEngines/WindowsStandaloneSupport/Variations/mono/Managed/UnityEngine.RenderAs2DModule.dll --allowed-assembly=/home/mira/Unity/Hub/Editor/6000.6.3f1/Editor/Data/PlaybackEngines/WindowsStandaloneSupport/Variations/mono/Managed/UnityEngine.RuntimeInitializeOnLoadManagerInitializerModule.dll --allowed-assembly=/home/mira/Unity/Hub/Editor/6000.6.3f1/Editor/Data/PlaybackEngines/WindowsStandaloneSupport/Variations/mono/Managed/UnityEngine.ScreenCaptureModule.dll --allowed-assembly=/home/mira/Unity/Hub/Editor/6000.6.3f1/Editor/Data/PlaybackEngines/WindowsStandaloneSupport/Variations/mono/Managed/UnityEngine.ScriptingModule.dll --allowed-assembly=/home/mira/Unity/Hub/Editor/6000.6.3f1/Editor/Data/PlaybackEngines/WindowsStandaloneSupport/Variations/mono/Managed/UnityEngine.ShaderVariantAnalyticsModule.dll --allowed-assembly=/home/mira/Unity/Hub/Editor/6000.6.3f1/Editor/Data/PlaybackEngines/WindowsStandaloneSupport/Variations/mono/Managed/UnityEngine.SpriteMaskModule.dll --allowed-assembly=/home/mira/Unity/Hub/Editor/6000.6.3f1/Editor/Data/PlaybackEngines/WindowsStandaloneSupport/Variations/mono/Managed/UnityEngine.SpriteShapeModule.dll --allowed-assembly=/home/mira/Unity/Hub/Editor/6000.6.3f1/Editor/Data/PlaybackEngines/WindowsStandaloneSupport/Variations/mono/Managed/UnityEngine.StreamingModule.dll --allowed-assembly=/home/mira/Unity/Hub/Editor/6000.6.3f1/Editor/Data/PlaybackEngines/WindowsStandaloneSupport/Variations/mono/Managed/UnityEngine.SubstanceModule.dll --allowed-assembly=/home/mira/Unity/Hub/Editor/6000.6.3f1/Editor/Data/PlaybackEngines/WindowsStandaloneSupport/Variations/mono/Managed/UnityEngine.SubsystemsModule.dll --allowed-assembly=/home/mira/Unity/Hub/Editor/6000.6.3f1/Editor/Data/PlaybackEngines/WindowsStandaloneSupport/Variations/mono/Managed/UnityEngine.TLSModule.dll --allowed-assembly=/home/mira/Unity/Hub/Editor/6000.6.3f1/Editor/Data/PlaybackEngines/WindowsStandaloneSupport/Variations/mono/Managed/UnityEngine.TerrainModule.dll --allowed-assembly=/home/mira/Unity/Hub/Editor/6000.6.3f1/Editor/Data/PlaybackEngines/WindowsStandaloneSupport/Variations/mono/Managed/UnityEngine.TerrainPhysicsModule.dll --allowed-assembly=/home/mira/Unity/Hub/Editor/6000.6.3f1/Editor/Data/PlaybackEngines/WindowsStandaloneSupport/Variations/mono/Managed/UnityEngine.TetgenModule.dll --allowed-assembly=/home/mira/Unity/Hub/Editor/6000.6.3f1/Editor/Data/PlaybackEngines/WindowsStandaloneSupport/Variations/mono/Managed/UnityEngine.TextCoreFontEngineModule.dll --allowed-assembly=/home/mira/Unity/Hub/Editor/6000.6.3f1/Editor/Data/PlaybackEngines/WindowsStandaloneSupport/Variations/mono/Managed/UnityEngine.TextCoreTextEngineModule.dll --allowed-assembly=/home/mira/Unity/Hub/Editor/6000.6.3f1/Editor/Data/PlaybackEngines/WindowsStandaloneSupport/Variations/mono/Managed/UnityEngine.TextRenderingModule.dll --allowed-assembly=/home/mira/Unity/Hub/Editor/6000.6.3f1/Editor/Data/PlaybackEngines/WindowsStandaloneSupport/Variations/mono/Managed/UnityEngine.TilemapModule.dll --allowed-assembly=/home/mira/Unity/Hub/Editor/6000.6.3f1/Editor/Data/PlaybackEngines/WindowsStandaloneSupport/Variations/mono/Managed/UnityEngine.TimelineFoundationModule.dll --allowed-assembly=/home/mira/Unity/Hub/Editor/6000.6.3f1/Editor/Data/PlaybackEngines/WindowsStandaloneSupport/Variations/mono/Managed/UnityEngine.U2DRuntimeModule.dll --allowed-assembly=/home/mira/Unity/Hub/Editor/6000.6.3f1/Editor/Data/PlaybackEngines/WindowsStandaloneSupport/Variations/mono/Managed/UnityEngine.UIElementsModule.dll --allowed-assembly=/home/mira/Unity/Hub/Editor/6000.6.3f1/Editor/Data/PlaybackEngines/WindowsStandaloneSupport/Variations/mono/Managed/UnityEngine.UIModule.dll --allowed-assembly=/home/mira/Unity/Hub/Editor/6000.6.3f1/Editor/Data/PlaybackEngines/WindowsStandaloneSupport/Variations/mono/Managed/UnityEngine.UmbraModule.dll --allowed-assembly=/home/mira/Unity/Hub/Editor/6000.6.3f1/Editor/Data/PlaybackEngines/WindowsStandaloneSupport/Variations/mono/Managed/UnityEngine.UnityAnalyticsCommonModule.dll --allowed-assembly=/home/mira/Unity/Hub/Editor/6000.6.3f1/Editor/Data/PlaybackEngines/WindowsStandaloneSupport/Variations/mono/Managed/UnityEngine.UnityAnalyticsModule.dll --allowed-assembly=/home/mira/Unity/Hub/Editor/6000.6.3f1/Editor/Data/PlaybackEngines/WindowsStandaloneSupport/Variations/mono/Managed/UnityEngine.UnityConnectModule.dll --allowed-assembly=/home/mira/Unity/Hub/Editor/6000.6.3f1/Editor/Data/PlaybackEngines/WindowsStandaloneSupport/Variations/mono/Managed/UnityEngine.UnityConsentModule.dll --allowed-assembly=/home/mira/Unity/Hub/Editor/6000.6.3f1/Editor/Data/PlaybackEngines/WindowsStandaloneSupport/Variations/mono/Managed/UnityEngine.UnityCurlModule.dll --allowed-assembly=/home/mira/Unity/Hub/Editor/6000.6.3f1/Editor/Data/PlaybackEngines/WindowsStandaloneSupport/Variations/mono/Managed/UnityEngine.UnityWebRequestAssetBundleModule.dll --allowed-assembly=/home/mira/Unity/Hub/Editor/6000.6.3f1/Editor/Data/PlaybackEngines/WindowsStandaloneSupport/Variations/mono/Managed/UnityEngine.UnityWebRequestAudioModule.dll --allowed-assembly=/home/mira/Unity/Hub/Editor/6000.6.3f1/Editor/Data/PlaybackEngines/WindowsStandaloneSupport/Variations/mono/Managed/UnityEngine.UnityWebRequestModule.dll --allowed-assembly=/home/mira/Unity/Hub/Editor/6000.6.3f1/Editor/Data/PlaybackEngines/WindowsStandaloneSupport/Variations/mono/Managed/UnityEngine.UnityWebRequestTextureModule.dll --allowed-assembly=/home/mira/Unity/Hub/Editor/6000.6.3f1/Editor/Data/PlaybackEngines/WindowsStandaloneSupport/Variations/mono/Managed/UnityEngine.UnityWebRequestWWWModule.dll --allowed-assembly=/home/mira/Unity/Hub/Editor/6000.6.3f1/Editor/Data/PlaybackEngines/WindowsStandaloneSupport/Variations/mono/Managed/UnityEngine.VFXModule.dll --allowed-assembly=/home/mira/Unity/Hub/Editor/6000.6.3f1/Editor/Data/PlaybackEngines/WindowsStandaloneSupport/Variations/mono/Managed/UnityEngine.VectorGraphicsModule.dll --allowed-assembly=/home/mira/Unity/Hub/Editor/6000.6.3f1/Editor/Data/PlaybackEngines/WindowsStandaloneSupport/Variations/mono/Managed/UnityEngine.VehiclesModule.dll --allowed-assembly=/home/mira/Unity/Hub/Editor/6000.6.3f1/Editor/Data/PlaybackEngines/WindowsStandaloneSupport/Variations/mono/Managed/UnityEngine.VideoModule.dll --allowed-assembly=/home/mira/Unity/Hub/Editor/6000.6.3f1/Editor/Data/PlaybackEngines/WindowsStandaloneSupport/Variations/mono/Managed/UnityEngine.VirtualTexturingModule.dll --allowed-assembly=/home/mira/Unity/Hub/Editor/6000.6.3f1/Editor/Data/PlaybackEngines/WindowsStandaloneSupport/Variations/mono/Managed/UnityEngine.WindModule.dll --allowed-assembly=/home/mira/Unity/Hub/Editor/6000.6.3f1/Editor/Data/PlaybackEngines/WindowsStandaloneSupport/Variations/mono/Managed/UnityEngine.XRModule.dll --allowed-assembly=/home/mira/Unity/Hub/Editor/6000.6.3f1/Editor/Data/PlaybackEngines/WindowsStandaloneSupport/Variations/mono/Managed/UnityEngine.dll --allowed-assembly=/home/mira/code/slopgame/Library/Bee/PlayerScriptAssemblies/Assembly-CSharp.dll --allowed-assembly=/home/mira/code/slopgame/Library/Bee/PlayerScriptAssemblies/unity-websocket-sharp.dll --allowed-assembly=/home/mira/code/slopgame/Library/Bee/PlayerScriptAssemblies/Unity.Burst.dll --allowed-assembly=/home/mira/code/slopgame/Library/Bee/PlayerScriptAssemblies/Unity.Collections.dll --allowed-assembly=/home/mira/code/slopgame/Library/Bee/PlayerScriptAssemblies/Unity.Collections.Tests.CoreCLR.InternalJobNestedPrivate.dll --allowed-assembly=/home/mira/code/slopgame/Library/Bee/PlayerScriptAssemblies/Unity.Collections.Tests.CoreCLR.PrivateJobNested.dll --allowed-assembly=/home/mira/code/slopgame/Library/Bee/PlayerScriptAssemblies/Unity.Collections.Tests.CoreCLR.ProtectedJobNested.dll --allowed-assembly=/home/mira/code/slopgame/Library/Bee/PlayerScriptAssemblies/Unity.Collections.Tests.CoreCLR.PublicJobPrivateGeneric.dll --allowed-assembly=/home/mira/code/slopgame/Library/Bee/PlayerScriptAssemblies/Unity.InputSystem.dll --allowed-assembly=/home/mira/code/slopgame/Library/Bee/PlayerScriptAssemblies/Unity.InputSystem.ForUI.dll --allowed-assembly=/home/mira/code/slopgame/Library/Bee/PlayerScriptAssemblies/Unity.InternalAPIEngineBridge.004.dll --allowed-assembly=/home/mira/code/slopgame/Library/Bee/PlayerScriptAssemblies/Unity.Mathematics.dll --allowed-assembly=/home/mira/code/slopgame/Library/Bee/PlayerScriptAssemblies/Unity.Netcode.Runtime.dll --allowed-assembly=/home/mira/code/slopgame/Library/Bee/PlayerScriptAssemblies/Unity.Networking.Transport.dll --allowed-assembly=/home/mira/code/slopgame/Library/Bee/PlayerScriptAssemblies/Unity.Networking.Transport.NetcodeInterop.dll --allowed-assembly=/home/mira/code/slopgame/Library/Bee/PlayerScriptAssemblies/Unity.Services.Authentication.dll --allowed-assembly=/home/mira/code/slopgame/Library/Bee/PlayerScriptAssemblies/Unity.Services.Authentication.PlayerAccounts.dll --allowed-assembly=/home/mira/code/slopgame/Library/Bee/PlayerScriptAssemblies/Unity.Services.Core.Analytics.dll --allowed-assembly=/home/mira/code/slopgame/Library/Bee/PlayerScriptAssemblies/Unity.Services.Core.Components.dll --allowed-assembly=/home/mira/code/slopgame/Library/Bee/PlayerScriptAssemblies/Unity.Services.Core.Configuration.dll --allowed-assembly=/home/mira/code/slopgame/Library/Bee/PlayerScriptAssemblies/Unity.Services.Core.Device.dll --allowed-assembly=/home/mira/code/slopgame/Library/Bee/PlayerScriptAssemblies/Unity.Services.Core.dll --allowed-assembly=/home/mira/code/slopgame/Library/Bee/PlayerScriptAssemblies/Unity.Services.Core.Environments.dll --allowed-assembly=/home/mira/code/slopgame/Library/Bee/PlayerScriptAssemblies/Unity.Services.Core.Environments.Internal.dll --allowed-assembly=/home/mira/code/slopgame/Library/Bee/PlayerScriptAssemblies/Unity.Services.Core.Internal.dll --allowed-assembly=/home/mira/code/slopgame/Library/Bee/PlayerScriptAssemblies/Unity.Services.Core.Networking.dll --allowed-assembly=/home/mira/code/slopgame/Library/Bee/PlayerScriptAssemblies/Unity.Services.Core.Registration.dll --allowed-assembly=/home/mira/code/slopgame/Library/Bee/PlayerScriptAssemblies/Unity.Services.Core.Scheduler.dll --allowed-assembly=/home/mira/code/slopgame/Library/Bee/PlayerScriptAssemblies/Unity.Services.Core.Telemetry.dll --allowed-assembly=/home/mira/code/slopgame/Library/Bee/PlayerScriptAssemblies/Unity.Services.Core.Threading.dll --allowed-assembly=/home/mira/code/slopgame/Library/Bee/PlayerScriptAssemblies/Unity.Services.Multiplayer.dll --allowed-assembly=/home/mira/code/slopgame/Library/Bee/PlayerScriptAssemblies/Unity.Services.QoS.dll --allowed-assembly=/home/mira/code/slopgame/Library/Bee/PlayerScriptAssemblies/Unity.Services.Wire.Internal.dll --allowed-assembly=/home/mira/code/slopgame/Library/Bee/PlayerScriptAssemblies/Unity.TextMeshPro.dll --allowed-assembly=/home/mira/code/slopgame/Library/Bee/PlayerScriptAssemblies/UnityEngine.UI.dll --allowed-assembly=/home/mira/code/slopgame/Library/PackageCache/com.unity.services.wire@af86088a4eac/Plugins/websocket-sharp.dll --allowed-assembly=/home/mira/code/slopgame/Library/PackageCache/com.unity.collections@431b1d558060/Unity.Collections.LowLevel.ILSupport/Unity.Collections.LowLevel.ILSupport.dll --allowed-assembly=/home/mira/code/slopgame/Library/PackageCache/com.unity.nuget.newtonsoft-json@4dfd81071c64/Runtime/AOT/Newtonsoft.Json.dll
[199/501    0s] CopyFiles Builds/Windows/AshBelow-20261002-110832-077/AshBelow_Data/Managed/Unity.Services.Core.Networking.dll
[200/501    0s] CopyFiles Builds/Windows/AshBelow-20261002-110832-077/AshBelow_Data/Managed/UnityEngine.RuntimeInitializeOnLoadManagerInitializerModule.dll
[201/501    0s] CopyFiles Builds/Windows/AshBelow-20261002-110832-077/AshBelow_Data/Managed/UnityEngine.UnityWebRequestModule.dll
[202/501    0s] CopyFiles Builds/Windows/AshBelow-20261002-110832-077/AshBelow_Data/Managed/UnityEngine.TextCoreTextEngineModule.dll
[203/501    0s] CopyFiles Builds/Windows/AshBelow-20261002-110832-077/AshBelow_Data/Managed/UnityEngine.UnityWebRequestAudioModule.dll
[204/501    0s] CopyFiles Builds/Windows/AshBelow-20261002-110832-077/AshBelow_Data/Managed/UnityEngine.dll
[205/501    0s] CopyFiles Builds/Windows/AshBelow-20261002-110832-077/AshBelow_Data/Managed/UnityEngine.IdentifiersModule.dll
[206/501    0s] CopyFiles Builds/Windows/AshBelow-20261002-110832-077/AshBelow_Data/Managed/UnityEngine.HierarchyCoreModule.dll
[207/501    0s] CopyFiles Builds/Windows/AshBelow-20261002-110832-077/AshBelow_Data/Managed/System.ComponentModel.Composition.dll
[209/501    0s] CopyFiles Builds/Windows/AshBelow-20261002-110832-077/AshBelow_Data/Managed/Unity.Collections.Tests.CoreCLR.PublicJobPrivateGeneric.dll
[212/501    0s] CopyFiles Builds/Windows/AshBelow-20261002-110832-077/AshBelow_Data/Managed/UnityEngine.UnityWebRequestTextureModule.dll
[213/501    0s] CopyFiles Builds/Windows/AshBelow-20261002-110832-077/AshBelow_Data/Managed/UnityEngine.SpriteShapeModule.dll
[214/501    0s] CopyFiles Builds/Windows/AshBelow-20261002-110832-077/AshBelow_Data/Managed/Mono.Security.dll
[216/501    0s] CopyFiles Builds/Windows/AshBelow-20261002-110832-077/AshBelow_Data/Managed/UnityEngine.TimelineFoundationModule.dll
[217/501    0s] CopyFiles Builds/Windows/AshBelow-20261002-110832-077/AshBelow_Data/Managed/UnityEngine.HierarchyModule.dll
[218/501    0s] CopyFiles Builds/Windows/AshBelow-20261002-110832-077/AshBelow_Data/Managed/UnityEngine.AdaptivePerformanceModule.dll
[221/501    0s] CopyFiles Builds/Windows/AshBelow-20261002-110832-077/AshBelow_Data/Managed/Unity.Services.Authentication.PlayerAccounts.dll
[222/501    0s] CopyFiles Builds/Windows/AshBelow-20261002-110832-077/AshBelow_Data/Managed/UnityEngine.TetgenModule.dll
[223/501    0s] CopyFiles Builds/Windows/AshBelow-20261002-110832-077/AshBelow_Data/Managed/UnityEngine.UnityWebRequestWWWModule.dll
[224/501    0s] CopyFiles Builds/Windows/AshBelow-20261002-110832-077/AshBelow_Data/Managed/UnityEngine.ParticleSystemModule.dll
[230/501    0s] CopyFiles Builds/Windows/AshBelow-20261002-110832-077/AshBelow_Data/Managed/UnityEngine.UnityWebRequestAssetBundleModule.dll
[231/501    0s] CopyFiles Builds/Windows/AshBelow-20261002-110832-077/AshBelow_Data/Managed/Unity.Services.Authentication.dll
[232/501    0s] CopyFiles Builds/Windows/AshBelow-20261002-110832-077/AshBelow_Data/Managed/UnityEngine.PerformanceReportingModule.dll
[234/501    0s] CopyFiles Builds/Windows/AshBelow-20261002-110832-077/AshBelow_Data/Managed/Unity.Services.Core.Environments.Internal.dll
[235/501    0s] CopyFiles Builds/Windows/AshBelow-20261002-110832-077/AshBelow_Data/Managed/System.Security.dll
[236/501    0s] CopyFiles Builds/Windows/AshBelow-20261002-110832-077/AshBelow_Data/Managed/UnityEngine.PhysicsModule.dll
[238/501    0s] CopyFiles Builds/Windows/AshBelow-20261002-110832-077/AshBelow_Data/Managed/UnityEngine.RenderAs2DModule.dll
[240/501    0s] CopyFiles Builds/Windows/AshBelow-20261002-110832-077/AshBelow_Data/Managed/UnityEngine.InputModule.dll
[241/501    0s] CopyFiles Builds/Windows/AshBelow-20261002-110832-077/AshBelow_Data/Managed/UnityEngine.VectorGraphicsModule.dll
[243/501    0s] CopyFiles Builds/Windows/AshBelow-20261002-110832-077/AshBelow_Data/Managed/UnityEngine.ScriptingModule.dll
[244/501    0s] CopyFiles Builds/Windows/AshBelow-20261002-110832-077/AshBelow_Data/Managed/System.Configuration.dll
[246/501    0s] CopyFiles Builds/Windows/AshBelow-20261002-110832-077/AshBelow_Data/Managed/UnityEngine.InputLegacyModule.dll
[250/501    0s] CopyFiles Builds/Windows/AshBelow-20261002-110832-077/AshBelow_Data/Managed/Unity.InputSystem.ForUI.dll
[251/501    0s] CopyFiles Builds/Windows/AshBelow-20261002-110832-077/AshBelow_Data/Managed/Unity.Burst.dll
[253/501    0s] CopyFiles Builds/Windows/AshBelow-20261002-110832-077/AshBelow_Data/Managed/Unity.Services.Core.dll
[254/501    0s] CopyFiles Builds/Windows/AshBelow-20261002-110832-077/AshBelow_Data/Managed/UnityEngine.PropertiesModule.dll
[255/501    0s] CopyFiles Builds/Windows/AshBelow-20261002-110832-077/AshBelow_Data/Managed/Unity.Services.Core.Environments.dll
[257/501    0s] CopyFiles Builds/Windows/AshBelow-20261002-110832-077/AshBelow_Data/Managed/UnityEngine.GIModule.dll
[258/501    0s] CopyFiles Builds/Windows/AshBelow-20261002-110832-077/AshBelow_Data/Managed/UnityEngine.UnityCurlModule.dll
[259/501    0s] CopyFiles Builds/Windows/AshBelow-20261002-110832-077/AshBelow_Data/Managed/Unity.Collections.Tests.CoreCLR.InternalJobNestedPrivate.dll
[260/501    0s] CopyFiles Builds/Windows/AshBelow-20261002-110832-077/AshBelow_Data/Managed/UnityEngine.CrashReportingModule.dll
[261/501    0s] CopyFiles Builds/Windows/AshBelow-20261002-110832-077/AshBelow_Data/Managed/System.EnterpriseServices.dll
[262/501    0s] CopyFiles Builds/Windows/AshBelow-20261002-110832-077/AshBelow_Data/Managed/UnityEngine.UnityConnectModule.dll
[264/501    0s] CopyFiles Builds/Windows/AshBelow-20261002-110832-077/AshBelow_Data/Managed/UnityEngine.ClothModule.dll
[265/501    0s] CopyFiles Builds/Windows/AshBelow-20261002-110832-077/AshBelow_Data/Managed/Assembly-CSharp.dll
[266/501    0s] CopyFiles Builds/Windows/AshBelow-20261002-110832-077/AshBelow_Data/Managed/UnityEngine.ShaderVariantAnalyticsModule.dll
[267/501    0s] CopyFiles Builds/Windows/AshBelow-20261002-110832-077/AshBelow_Data/Managed/UnityEngine.VFXModule.dll
[268/501    0s] CopyFiles Builds/Windows/AshBelow-20261002-110832-077/AshBelow_Data/Managed/Unity.Networking.Transport.NetcodeInterop.dll
[270/501    0s] CopyFiles Builds/Windows/AshBelow-20261002-110832-077/AshBelow_Data/Managed/UnityEngine.InsightsModule.dll
[276/501    0s] CopyFiles Builds/Windows/AshBelow-20261002-110832-077/AshBelow_Data/Managed/Unity.Networking.Transport.dll
[278/501    0s] CopyFiles Builds/Windows/AshBelow-20261002-110832-077/AshBelow_Data/Managed/UnityEngine.AndroidJNIModule.dll
[284/501    0s] CopyFiles Builds/Windows/AshBelow-20261002-110832-077/AshBelow_Data/Managed/UnityEngine.DirectorModule.dll
[287/501    0s] CopyFiles Builds/Windows/AshBelow-20261002-110832-077/AshBelow_Data/Managed/Unity.Services.Core.Scheduler.dll
[296/501    0s] CopyFiles Builds/Windows/AshBelow-20261002-110832-077/AshBelow_Data/Managed/UnityEngine.AnimationModule.dll
[297/501    0s] CopyFiles Builds/Windows/AshBelow-20261002-110832-077/AshBelow_Data/Managed/System.Runtime.Serialization.dll
[298/501    0s] CopyFiles Builds/Windows/AshBelow-20261002-110832-077/AshBelow_Data/Managed/System.Net.Http.dll
[302/501    0s] CopyFiles Builds/Windows/AshBelow-20261002-110832-077/AshBelow_Data/Managed/UnityEngine.PhysicsBackendPhysXModule.dll
[303/501    0s] CopyFiles Builds/Windows/AshBelow-20261002-110832-077/AshBelow_Data/Managed/UnityEngine.UmbraModule.dll
[306/501    0s] CopyFiles Builds/Windows/AshBelow-20261002-110832-077/AshBelow_Data/Managed/UnityEngine.NVIDIAModule.dll
[308/501    0s] CopyFiles Builds/Windows/AshBelow-20261002-110832-077/AshBelow_Data/Managed/UnityEngine.AudioModule.dll
[310/501    0s] CopyFiles Builds/Windows/AshBelow-20261002-110832-077/AshBelow_Data/Managed/UnityEngine.CoreModule.dll
[314/501    0s] CopyFiles Builds/Windows/AshBelow-20261002-110832-077/AshBelow_Data/Managed/UnityEngine.GameCenterModule.dll
[315/501    0s] CopyFiles Builds/Windows/AshBelow-20261002-110832-077/AshBelow_Data/Managed/Unity.Services.Core.Threading.dll
[317/501    0s] CopyFiles Builds/Windows/AshBelow-20261002-110832-077/AshBelow_Data/Managed/UnityEngine.TilemapModule.dll
[319/501    0s] CopyFiles Builds/Windows/AshBelow-20261002-110832-077/AshBelow_Data/Managed/UnityEngine.DSPGraphModule.dll
[320/501    0s] CopyFiles Builds/Windows/AshBelow-20261002-110832-077/AshBelow_Data/Managed/UnityEngine.UnityConsentModule.dll
[321/501    0s] CopyFiles Builds/Windows/AshBelow-20261002-110832-077/AshBelow_Data/Managed/Unity.Services.Core.Internal.dll
[323/501    0s] CopyFiles Builds/Windows/AshBelow-20261002-110832-077/AshBelow_Data/Managed/Unity.Netcode.Runtime.dll
[324/501    0s] CopyFiles Builds/Windows/AshBelow-20261002-110832-077/AshBelow_Data/Managed/UnityEngine.ScreenCaptureModule.dll
[326/501    0s] CopyFiles Builds/Windows/AshBelow-20261002-110832-077/AshBelow_Data/Managed/UnityEngine.UnityAnalyticsModule.dll
[328/501    0s] CopyFiles Builds/Windows/AshBelow-20261002-110832-077/AshBelow_Data/Managed/netstandard.dll
[331/501    0s] CopyFiles Builds/Windows/AshBelow-20261002-110832-077/AshBelow_Data/Managed/Unity.Collections.Tests.CoreCLR.PrivateJobNested.dll
[333/501    0s] CopyFiles Builds/Windows/AshBelow-20261002-110832-077/AshBelow_Data/Managed/Newtonsoft.Json.dll
[334/501    0s] CopyFiles Builds/Windows/AshBelow-20261002-110832-077/AshBelow_Data/Managed/Unity.Services.Core.Telemetry.dll
[335/501    0s] CopyFiles Builds/Windows/AshBelow-20261002-110832-077/AshBelow_Data/Managed/UnityEngine.UnityAnalyticsCommonModule.dll
[336/501    0s] CopyFiles Builds/Windows/AshBelow-20261002-110832-077/AshBelow_Data/Managed/UnityEngine.U2DRuntimeModule.dll
[337/501    0s] CopyFiles Builds/Windows/AshBelow-20261002-110832-077/AshBelow_Data/Managed/UnityEngine.SubstanceModule.dll
[338/501    0s] CopyFiles Builds/Windows/AshBelow-20261002-110832-077/AshBelow_Data/Managed/UnityEngine.GridModule.dll
[340/501    0s] CopyFiles Builds/Windows/AshBelow-20261002-110832-077/AshBelow_Data/Managed/System.dll
[341/501    0s] CopyFiles Builds/Windows/AshBelow-20261002-110832-077/AshBelow_Data/Managed/Unity.Collections.dll
[343/501    0s] CopyFiles Builds/Windows/AshBelow-20261002-110832-077/AshBelow_Data/Managed/System.Xml.Linq.dll
[352/501    0s] CopyFiles Builds/Windows/AshBelow-20261002-110832-077/AshBelow_Data/Managed/UnityEngine.ContentLoadModule.dll
[353/501    0s] CopyFiles Builds/Windows/AshBelow-20261002-110832-077/AshBelow_Data/Managed/UnityEngine.ClusterInputModule.dll
[354/501    0s] CopyFiles Builds/Windows/AshBelow-20261002-110832-077/AshBelow_Data/Managed/System.IO.Compression.dll
[357/501    0s] CopyFiles Builds/Windows/AshBelow-20261002-110832-077/AshBelow_Data/Managed/Unity.InputSystem.dll
[358/501    0s] CopyFiles Builds/Windows/AshBelow-20261002-110832-077/AshBelow_Data/Managed/UnityEngine.BurstModule.dll
[368/501    0s] CopyFiles Builds/Windows/AshBelow-20261002-110832-077/AshBelow_Data/Managed/System.Xml.dll
[369/501    0s] CopyFiles Builds/Windows/AshBelow-20261002-110832-077/AshBelow_Data/Managed/UnityEngine.TerrainModule.dll
[370/501    0s] CopyFiles Builds/Windows/AshBelow-20261002-110832-077/AshBelow_Data/Managed/UnityEngine.UIElementsModule.dll
[374/501    0s] CopyFiles Builds/Windows/AshBelow-20261002-110832-077/AshBelow_Data/Managed/System.Memory.dll
[375/501    0s] CopyFiles Builds/Windows/AshBelow-20261002-110832-077/AshBelow_Data/Managed/UnityEngine.UIModule.dll
[379/501    0s] CopyFiles Builds/Windows/AshBelow-20261002-110832-077/AshBelow_Data/Managed/UnityEngine.MathematicsModule.dll
[380/501    0s] CopyFiles Builds/Windows/AshBelow-20261002-110832-077/AshBelow_Data/Managed/System.Drawing.dll
[381/501    0s] CopyFiles Builds/Windows/AshBelow-20261002-110832-077/AshBelow_Data/Managed/System.Numerics.dll
[385/501    0s] CopyFiles Builds/Windows/AshBelow-20261002-110832-077/AshBelow_Data/Managed/UnityEngine.TextRenderingModule.dll
[386/501    0s] CopyFiles Builds/Windows/AshBelow-20261002-110832-077/AshBelow_Data/Managed/UnityEngine.PhysicsCore2DModule.dll
[389/501    0s] CopyFiles Builds/Windows/AshBelow-20261002-110832-077/AshBelow_Data/Managed/UnityEngine.AccessibilityModule.dll
[395/501    0s] CopyFiles Builds/Windows/AshBelow-20261002-110832-077/AshBelow_Data/Managed/Unity.Services.Multiplayer.dll
[397/501    0s] CopyFiles Builds/Windows/AshBelow-20261002-110832-077/AshBelow_Data/Managed/UnityEngine.UI.dll
[399/501    0s] CopyFiles Builds/Windows/AshBelow-20261002-110832-077/AshBelow_Data/Managed/UnityEngine.WindModule.dll
[400/501    0s] CopyFiles Builds/Windows/AshBelow-20261002-110832-077/AshBelow_Data/Managed/UnityEngine.VirtualTexturingModule.dll
[401/501    0s] CopyFiles Builds/Windows/AshBelow-20261002-110832-077/AshBelow_Data/Managed/System.IO.Compression.FileSystem.dll
[405/501    0s] CopyFiles Builds/Windows/AshBelow-20261002-110832-077/AshBelow_Data/Managed/Unity.Collections.LowLevel.ILSupport.dll
[408/501    0s] CopyFiles Builds/Windows/AshBelow-20261002-110832-077/AshBelow_Data/Managed/UnityEngine.StreamingModule.dll
[411/501    0s] CopyFiles Builds/Windows/AshBelow-20261002-110832-077/AshBelow_Data/Managed/UnityEngine.TLSModule.dll
[413/501    0s] CopyFiles Builds/Windows/AshBelow-20261002-110832-077/AshBelow_Data/Managed/UnityEngine.TextCoreFontEngineModule.dll
[415/501    0s] CopyFiles Builds/Windows/AshBelow-20261002-110832-077/AshBelow_Data/Managed/UnityEngine.XRModule.dll
[416/501    0s] CopyFiles Builds/Windows/AshBelow-20261002-110832-077/AshBelow_Data/Managed/UnityEngine.ClusterRendererModule.dll
[420/501    0s] CopyFiles Builds/Windows/AshBelow-20261002-110832-077/AshBelow_Data/Managed/UnityEngine.InputForUIModule.dll
[422/501    0s] CopyFiles Builds/Windows/AshBelow-20261002-110832-077/AshBelow_Data/Managed/UnityEngine.MultiplayerModule.dll
[424/501    0s] CopyFiles Builds/Windows/AshBelow-20261002-110832-077/AshBelow_Data/Managed/Unity.Services.Core.Configuration.dll
[425/501    0s] CopyFiles Builds/Windows/AshBelow-20261002-110832-077/AshBelow_Data/Managed/Unity.Mathematics.dll
[426/501    0s] CopyFiles Builds/Windows/AshBelow-20261002-110832-077/AshBelow_Data/Managed/UnityEngine.GraphicsStateCollectionSerializerModule.dll
[428/501    0s] CopyFiles Builds/Windows/AshBelow-20261002-110832-077/AshBelow_Data/Managed/unity-websocket-sharp.dll
[431/501    0s] CopyFiles Builds/Windows/AshBelow-20261002-110832-077/AshBelow_Data/Managed/System.Buffers.dll
[437/501    0s] CopyFiles Builds/Windows/AshBelow-20261002-110832-077/AshBelow_Data/Managed/Unity.Services.Core.Components.dll
[438/501    0s] CopyFiles Builds/Windows/AshBelow-20261002-110832-077/AshBelow_Data/Managed/Unity.Services.Core.Analytics.dll
[446/501    0s] CopyFiles Builds/Windows/AshBelow-20261002-110832-077/AshBelow_Data/Managed/Unity.Services.Core.Device.dll
[447/501    0s] CopyFiles Builds/Windows/AshBelow-20261002-110832-077/AshBelow_Data/Managed/UnityEngine.MarshallingModule.dll
[448/501    0s] CopyFiles Builds/Windows/AshBelow-20261002-110832-077/AshBelow_Data/Managed/UnityEngine.JSONSerializeModule.dll
[451/501    0s] CopyFiles Builds/Windows/AshBelow-20261002-110832-077/AshBelow_Data/Managed/UnityEngine.IMGUIModule.dll
[452/501    0s] CopyFiles Builds/Windows/AshBelow-20261002-110832-077/AshBelow_Data/Managed/UnityEngine.HotReloadModule.dll
[453/501    0s] CopyFiles Builds/Windows/AshBelow-20261002-110832-077/AshBelow_Data/Managed/UnityEngine.ImageConversionModule.dll
[455/501    0s] CopyFiles Builds/Windows/AshBelow-20261002-110832-077/AshBelow_Data/Managed/UnityEngine.AssetBundleModule.dll
[458/501    0s] CopyFiles Builds/Windows/AshBelow-20261002-110832-077/AshBelow_Data/Managed/UnityEngine.SpriteMaskModule.dll
[459/501    0s] CopyFiles Builds/Windows/AshBelow-20261002-110832-077/AshBelow_Data/Managed/UnityEngine.AIModule.dll
[462/501    0s] CopyFiles Builds/Windows/AshBelow-20261002-110832-077/AshBelow_Data/Managed/System.Core.dll
[463/501    0s] CopyFiles Builds/Windows/AshBelow-20261002-110832-077/AshBelow_Data/Managed/UnityEngine.Physics2DModule.dll
[465/501    0s] CopyFiles Builds/Windows/AshBelow-20261002-110832-077/AshBelow_Data/Managed/UnityEngine.LocalizationModule.dll
[466/501    0s] CopyFiles Builds/Windows/AshBelow-20261002-110832-077/AshBelow_Data/Managed/System.Data.DataSetExtensions.dll
[467/501    0s] CopyFiles Builds/Windows/AshBelow-20261002-110832-077/AshBelow_Data/Managed/Unity.Services.Core.Registration.dll
[468/501    0s] CopyFiles Builds/Windows/AshBelow-20261002-110832-077/AshBelow_Data/Managed/mscorlib.dll
[469/501    0s] CopyFiles Builds/Windows/AshBelow-20261002-110832-077/AshBelow_Data/Managed/Unity.Collections.Tests.CoreCLR.ProtectedJobNested.dll
[471/501    0s] CopyFiles Builds/Windows/AshBelow-20261002-110832-077/AshBelow_Data/Managed/System.ServiceModel.Internals.dll
[472/501    0s] CopyFiles Builds/Windows/AshBelow-20261002-110832-077/AshBelow_Data/Managed/UnityEngine.VehiclesModule.dll
[474/501    0s] CopyFiles Builds/Windows/AshBelow-20261002-110832-077/AshBelow_Data/Managed/Unity.Services.QoS.dll
[475/501    0s] CopyFiles Builds/Windows/AshBelow-20261002-110832-077/AshBelow_Data/Managed/Unity.Scripting.dll
[477/501    0s] CopyFiles Builds/Windows/AshBelow-20261002-110832-077/AshBelow_Data/Managed/UnityEngine.ManagedKernelModule.dll
[478/501    0s] CopyFiles Builds/Windows/AshBelow-20261002-110832-077/AshBelow_Data/Managed/UnityEngine.TerrainPhysicsModule.dll
[479/501    0s] CopyFiles Builds/Windows/AshBelow-20261002-110832-077/AshBelow_Data/Managed/Unity.InternalAPIEngineBridge.004.dll
[480/501    0s] CopyFiles Builds/Windows/AshBelow-20261002-110832-077/AshBelow_Data/Managed/UnityEngine.AMDModule.dll
[481/501    0s] CopyFiles Builds/Windows/AshBelow-20261002-110832-077/AshBelow_Data/Managed/System.Transactions.dll
[483/501    0s] CopyFiles Builds/Windows/AshBelow-20261002-110832-077/AshBelow_Data/Managed/UnityEngine.ARModule.dll
[484/501    0s] CopyFiles Builds/Windows/AshBelow-20261002-110832-077/AshBelow_Data/Managed/System.Data.dll
[485/501    0s] CopyFiles Builds/Windows/AshBelow-20261002-110832-077/AshBelow_Data/Managed/Unity.Services.Wire.Internal.dll
[488/501    0s] CopyFiles Builds/Windows/AshBelow-20261002-110832-077/AshBelow_Data/Managed/UnityEngine.SubsystemsModule.dll
[489/501    0s] CopyFiles Builds/Windows/AshBelow-20261002-110832-077/AshBelow_Data/Managed/UnityEngine.VideoModule.dll
[495/501    0s] CopyFiles Builds/Windows/AshBelow-20261002-110832-077/AshBelow_Data/Managed/Unity.TextMeshPro.dll
[496/501    0s] CopyFiles Builds/Windows/AshBelow-20261002-110832-077/AshBelow_Data/Managed/websocket-sharp.dll
[497/501    0s] CopyFiles Builds/Windows/AshBelow-20261002-110832-077/AshBelow_Data/Managed/System.Runtime.CompilerServices.Unsafe.dll
[498/501    0s] CopyFiles Builds/Windows/AshBelow-20261002-110832-077/AshBelow_Data/Managed/System.Reflection.Metadata.dll
[499/501    0s] CopyFiles Builds/Windows/AshBelow-20261002-110832-077/AshBelow_Data/Managed/System.Collections.Immutable.dll
[500/501    0s] ExtractUsedFeatures Library/Bee/artifacts/WinPlayerBuildProgram/Features/Assembly-CSharp-FeaturesChecked.txt
*** Tundra requires additional run (0.58 seconds), 196 items updated, 501 evaluated
*** Additional run caused by: timestamp change of Library/Bee/artifacts/WinPlayerBuildProgram/Features/Assembly-CSharp-FeaturesChecked.txt
Starting: /home/mira/Unity/Hub/Editor/6000.6.3f1/Editor/Data/DotNetSdk/dotnet "/home/mira/Unity/Hub/Editor/6000.6.3f1/Editor/Data/PlaybackEngines/WindowsStandaloneSupport/WinPlayerBuildProgram.exe" "/home/mira/Unity/Hub/Editor/6000.6.3f1/Editor/Data/PlaybackEngines/WindowsStandaloneSupport/Bee:/home/mira/Unity/Hub/Editor/6000.6.3f1/Editor/Data/Tools/BuildPipeline" "Library/Bee/Playerf85ab3c0.dag.json" "Library/Bee/Playerf85ab3c0-inputdata.json" "Library/Bee/buildprogram1.traceevents"
WorkingDir: /home/mira/code/slopgame
ExitCode: 4 Duration: 0s607ms
Finished compiling graph: 503 nodes, 1306 flattened edges (1306 ToBuild, 0 ToUse), maximum node priority 309
*** Tundra build success (0.04 seconds), 0 items updated, 501 evaluated
ExitCode: 0 Duration: 0s348ms
Starting: /home/mira/Unity/Hub/Editor/6000.6.3f1/Editor/Data/Tools/BuildPipeline/bee_backend --ipc --dagfile="Library/Bee/Playerf85ab3c0.dag" --dagfilejson="Library/Bee/Playerf85ab3c0.dag.json" --profile="Library/Bee/backend3.traceevents" Player
WorkingDir: /home/mira/code/slopgame
ExitCode: 0 Duration: 0s56ms

-------------------------------------------------------------------------------
Build Report
Uncompressed usage by category (Percentages based on user generated assets only):
Textures               3.2 mb	 91.6% 
Meshes                 0.0 kb	 0.0% 
Animations             0.0 kb	 0.0% 
Sounds                 0.0 kb	 0.0% 
Shaders                6.8 kb	 0.2% 
Other Assets           7.5 kb	 0.2% 
Levels                 1.1 kb	 0.0% 
File headers           58.2 kb	 1.6% 
Total User Assets      3.5 mb	 100.0% 
Complete build size    97.9 mb
Used Assets and files from the Resources folder, sorted by uncompressed size:
 2.7 mb	 2.7% Built-in Texture2D: Splash Screen Unity Logo
 519.6 kb	 0.5% Resources/unity_builtin_extra
 3.0 kb	 0.0% Assets/Resources/PerformanceTestRunInfo.json
 0.6 kb	 0.0% Assets/Scenes/Dungeon.unity
 0.4 kb	 0.0% Built-in Sprite: 
 0.2 kb	 0.0% Assets/Resources/Characters/Gambler.asset
 0.2 kb	 0.0% Assets/Resources/Characters/Specimen.asset
 0.2 kb	 0.0% Assets/Resources/Characters/Samurai.asset
 0.2 kb	 0.0% Assets/Resources/Characters/Paladin.asset
 0.2 kb	 0.0% Assets/Resources/Characters/Demoness.asset
 0.2 kb	 0.0% Assets/Resources/Characters/Brawler.asset
 0.2 kb	 0.0% Assets/Resources/Characters/Wizard.asset
 0.2 kb	 0.0% Assets/Resources/Characters/Reaper.asset
 0.2 kb	 0.0% Assets/Resources/Characters/Augment.asset
 0.2 kb	 0.0% Packages/com.unity.collections/Unity.Collections.Tests/Jobs/CoreCLRTestAssemblies/PublicJobPrivateGeneric/PublicJobPrivateGenericTestJob.cs
 0.2 kb	 0.0% Assets/Resources/Characters/Knight.asset
 0.2 kb	 0.0% Assets/Resources/Characters/Assassin.asset
 0.2 kb	 0.0% Packages/com.unity.collections/Unity.Collections.Tests/Jobs/CoreCLRTestAssemblies/ProtectedJobNested/NestedProtectedJobTestJob.cs
 0.2 kb	 0.0% Packages/com.unity.collections/Unity.Collections.Tests/Jobs/CoreCLRTestAssemblies/InternalJobNestedPrivate/InternalJobNestedPrivate.cs
 0.2 kb	 0.0% Packages/com.unity.services.authentication/Player Accounts/Runtime/PlayerAccountsPackageInitializer.cs
 0.2 kb	 0.0% Packages/com.unity.services.authentication/Player Accounts/Runtime/Exceptions/PlayerAccountsExceptionHandler.cs
 0.2 kb	 0.0% Assets/Resources/Characters/Archer.asset
 0.2 kb	 0.0% Packages/com.unity.services.multiplayer/Runtime/DistributedAuthority/SDK/IDistributedAuthoritySDKConfiguration.cs
 0.2 kb	 0.0% Packages/com.unity.services.multiplayer/Runtime/DistributedAuthority/SDK/Exceptions/DistributedAuthorityServiceException.cs
 0.2 kb	 0.0% Packages/com.unity.services.multiplayer/Runtime/DistributedAuthority/Apis/DistributedAuthorityApi.cs
 0.2 kb	 0.0% Packages/com.unity.collections/Unity.Collections.Tests/Jobs/CoreCLRTestAssemblies/PrivateJobNested/NestedPrivateJobTestJob.cs
 0.2 kb	 0.0% Packages/com.unity.transport/NetcodeInterop/NetworkTransportInterface.cs
 0.2 kb	 0.0% Packages/com.unity.services.core/Runtime/Configuration/StreamingAssetsConfigurationLoader.cs
 0.2 kb	 0.0% Packages/com.unity.services.authentication/Runtime/AuthenticationServiceInternal.UsernamePassword.cs
 0.2 kb	 0.0% Packages/com.unity.services.authentication/Runtime/AuthenticationServiceInternal.RestrictedToken.cs
 0.2 kb	 0.0% Packages/com.unity.services.authentication/Player Accounts/Runtime/UnityPlayerAccountSettings.cs
 0.2 kb	 0.0% Packages/com.unity.services.authentication/Player Accounts/Runtime/PlayerAccountServiceInternal.cs
 0.2 kb	 0.0% Packages/com.unity.services.authentication/Player Accounts/Runtime/Models/PlayerAccountsErrorResponse.cs
 0.2 kb	 0.0% Packages/com.unity.netcode.gameobjects/Runtime/Messaging/GenerateSerializationForGenericParameterAttribute.cs
 0.2 kb	 0.0% Packages/com.unity.services.authentication/Runtime/AuthenticationServiceInternal.PlayerNames.cs
 0.2 kb	 0.0% Packages/com.unity.services.authentication/Runtime/AuthenticationServiceInternal.Notification.cs
 0.2 kb	 0.0% Packages/com.unity.services.multiplayer/Runtime/DistributedAuthority/SDK/WrappedDistributedAuthorityService.cs
 0.2 kb	 0.0% Packages/com.unity.services.multiplayer/Runtime/DistributedAuthority/Apis/DistributedAuthorityApiRequests.cs
 0.2 kb	 0.0% Packages/com.unity.services.core/Runtime/Configuration/SerializableProjectConfiguration.cs
 0.2 kb	 0.0% Packages/com.unity.services.core/Runtime/Configuration/ConfigurationCollectionHelper.cs
 0.2 kb	 0.0% Packages/com.unity.services.authentication/Runtime/Models/RestrictedTokenOptionsExtensions.cs
 0.2 kb	 0.0% Packages/com.unity.services.authentication/Runtime/AuthenticationServiceInternal.External.cs
 0.2 kb	 0.0% Packages/com.unity.services.authentication/Runtime/AuthenticationServiceInternal.CodeLink.cs
 0.2 kb	 0.0% Packages/com.unity.services.authentication/Player Accounts/Runtime/Utilities/Network/INetworkConfiguration.cs
 0.2 kb	 0.0% Packages/com.unity.services.authentication/Player Accounts/Runtime/Utilities/CodeChallengeGenerator.cs
 0.2 kb	 0.0% Packages/com.unity.services.authentication/Player Accounts/Runtime/Utilities/Browser/StandaloneBrowserUtils.cs
 0.2 kb	 0.0% Packages/com.unity.services.authentication/Player Accounts/Runtime/IPlayerAccountService.cs
 0.2 kb	 0.0% Packages/com.unity.services.authentication/Player Accounts/Runtime/Exceptions/PlayerAccountsException.cs
 0.2 kb	 0.0% Packages/com.unity.services.authentication/Player Accounts/Runtime/Exceptions/PlayerAccountsErrorCodes.cs
 0.2 kb	 0.0% Packages/com.unity.services.multiplayer/Runtime/Lobbies/SDK/LobbyMigrationData/LobbyDownloadMigrationDataOptions.cs
 0.2 kb	 0.0% Packages/com.unity.services.multiplayer/Runtime/DistributedAuthority/Http/ResponseDeserializationException.cs
 0.2 kb	 0.0% Packages/com.unity.services.core/Runtime/Core.Internal/Components/Telemetry/IDiagnosticsComponentProvider.cs
 0.2 kb	 0.0% Packages/com.unity.services.core/Runtime/Core.Internal/Components/Analytics/IAnalyticsStandardEventComponent.cs
 0.2 kb	 0.0% Packages/com.unity.services.authentication/Runtime/AuthenticationServiceInternal.BYOI.cs
 0.2 kb	 0.0% Packages/com.unity.services.wire/Runtime/Centrifuge/ConcurrentDictSubscriptionRepository.cs
 0.2 kb	 0.0% Packages/com.unity.services.multiplayer/Runtime/DistributedAuthority/SDK/LobbyServiceExceptionExtensions.cs
 0.2 kb	 0.0% Packages/com.unity.services.multiplayer/Runtime/DistributedAuthority/SDK/DistributedAuthorityTransport.cs
 0.2 kb	 0.0% Packages/com.unity.services.multiplayer/Runtime/DistributedAuthority/ErrorMitigation/StatusCodePolicyConfig.cs
 0.2 kb	 0.0% Packages/com.unity.services.core/Runtime/Telemetry/Diagnotstics/DisabledDiagnosticsFactory.cs
 0.2 kb	 0.0% Packages/com.unity.services.core/Runtime/Scheduler/ScheduledInvocationComparer.cs
 0.2 kb	 0.0% Packages/com.unity.services.core/Runtime/Environments/EnvironmentsOptionsExtensions.cs
 0.2 kb	 0.0% Packages/com.unity.services.core/Runtime/Core.Internal/Registry/DependencyTreeInitializeOrderSorter.cs
 0.2 kb	 0.0% Packages/com.unity.services.core/Runtime/Configuration/MemoryConfigurationLoader.cs
 0.2 kb	 0.0% Packages/com.unity.services.authentication/Runtime/Network/AuthenticationWebRequestUtils.cs
 0.2 kb	 0.0% Packages/com.unity.services.authentication/Runtime/Models/Requests/SignInWithExternalTokenRequest.cs
 0.2 kb	 0.0% Packages/com.unity.services.authentication/Runtime/Models/Requests/GameCenter/SignInWithAppleGameCenterRequest.cs
 0.2 kb	 0.0% Packages/com.unity.services.authentication/Runtime/Models/Requests/GameCenter/LinkWithAppleGameCenterRequest.cs
 0.2 kb	 0.0% Packages/com.unity.services.authentication/Runtime/Exceptions/IAuthenticationExceptionHandler.cs
 0.2 kb	 0.0% Packages/com.unity.services.authentication/Runtime/Exceptions/AuthenticationExceptionHandler.cs
 0.2 kb	 0.0% Packages/com.unity.services.authentication/Runtime/Core/AuthenticationPackageInitializer.cs
 0.2 kb	 0.0% Packages/com.unity.services.authentication/Runtime/Components/PlayerAuthenticationEvents.cs
 0.2 kb	 0.0% Packages/com.unity.services.authentication/Runtime/AuthenticationServiceInternal.cs
 0.2 kb	 0.0% Packages/com.unity.services.authentication/Player Accounts/Runtime/Utilities/Network/WebRequestException.cs
 0.2 kb	 0.0% Packages/com.unity.services.authentication/Player Accounts/Runtime/Utilities/Network/NetworkConfiguration.cs
 0.2 kb	 0.0% Packages/com.unity.services.authentication/Player Accounts/Runtime/PlayerAccountService.cs
 0.2 kb	 0.0% Packages/com.unity.collections/Unity.Collections/GenerateTestsForBurstCompatibilityAttribute.cs
 0.2 kb	 0.0% Packages/com.unity.services.multiplayer/Runtime/Multiplayer/Components/SessionConnectorBehaviour.cs
 0.2 kb	 0.0% Packages/com.unity.services.multiplayer/Runtime/Matchmaker/Http/ResponseDeserializationException.cs
 0.2 kb	 0.0% Packages/com.unity.services.multiplayer/Runtime/Lobbies/SDK/LobbyMigrationData/LobbyUploadMigrationDataResults.cs
 0.2 kb	 0.0% Packages/com.unity.services.multiplayer/Runtime/Lobbies/SDK/LobbyMigrationData/LobbyUploadMigrationDataOptions.cs
 0.2 kb	 0.0% Packages/com.unity.inputsystem/InputSystem/Runtime/Devices/Commands/QueryEditorWindowCoordinatesCommand.cs
 0.2 kb	 0.0% Packages/com.unity.inputsystem/InputSystem/Runtime/Devices/Commands/InitiateUserAccountPairingCommand.cs
 0.2 kb	 0.0% Packages/com.unity.inputsystem/InputSystem/Editor/UITKAssetEditor/Views/CompositePartBindingPropertiesView.cs
 0.2 kb	 0.0% Packages/com.unity.inputsystem/InputSystem/Editor/UITKAssetEditor/Views/CollectionViewSelectionChangeFilter.cs
 0.2 kb	 0.0% Packages/com.unity.inputsystem/InputSystem/Editor/UITKAssetEditor/InputActionsEditorSettingsProvider.cs
 0.2 kb	 0.0% Packages/com.unity.inputsystem/InputSystem/Editor/PropertyDrawers/InputActionReferenceSearchProviders.cs
 0.2 kb	 0.0% Packages/com.unity.inputsystem/InputSystem/Editor/PropertyDrawers/InputActionReferencePropertyDrawer.cs
 0.2 kb	 0.0% Packages/com.unity.inputsystem/InputSystem/Editor/Devices/Remote/RemoteInputPlayerConnectionEditor.cs
 0.2 kb	 0.0% Packages/com.unity.inputsystem/InputSystem/Editor/Analytics/InputActionsEditorSessionAnalytic.cs
 0.2 kb	 0.0% Packages/com.unity.inputsystem/InputSystem/Editor/Actions/InputControlSchemeEditorExtensions.cs
 0.2 kb	 0.0% Packages/com.unity.transport/Runtime/Utilities/UnsafeAtomicFreeList.cs
 0.2 kb	 0.0% Packages/com.unity.transport/Runtime/Pipelines/UnreliableSequencedPipelineStage.cs
 0.2 kb	 0.0% Packages/com.unity.transport/Runtime/Pipelines/ReliableSequencedPipelineStage.cs
 0.2 kb	 0.0% Packages/com.unity.services.multiplayer/Runtime/Relay/Http/ResponseDeserializationException.cs
 0.2 kb	 0.0% Packages/com.unity.services.multiplayer/Runtime/Relay/Apis/RelayAllocationsApi.cs
 0.2 kb	 0.0% Packages/com.unity.services.multiplayer/Runtime/Multiplayer/Modules/Network/Handlers/NetworkHandler/GameObjectsNetcodeNetworkHandler.cs
 0.2 kb	 0.0% Packages/com.unity.services.multiplayer/Runtime/Matchmaker/ErrorMitigation/StatusCodePolicyConfig.cs
 0.2 kb	 0.0% Packages/com.unity.services.multiplayer/Runtime/Lobbies/Http/ResponseDeserializationException.cs
 0.2 kb	 0.0% Packages/com.unity.services.multiplayer/Runtime/DistributedAuthority/SDK/DistributedAuthorityService.cs
 0.2 kb	 0.0% Packages/com.unity.services.multiplayer/Runtime/DistributedAuthority/ErrorMitigation/RetryPolicyConfig.cs
 0.2 kb	 0.0% Packages/com.unity.services.core/Runtime/Threading/UnityThreadUtilsInternal.cs
 0.2 kb	 0.0% Packages/com.unity.services.core/Runtime/Telemetry/Metrics/DisabledMetricsFactory.cs
 0.2 kb	 0.0% Packages/com.unity.services.core/Runtime/Core.Internal/Components/Configuration/IProjectConfiguration.cs
 0.2 kb	 0.0% Packages/com.unity.services.core/Runtime/Configuration/ConfigurationResetter.cs
 0.2 kb	 0.0% Packages/com.unity.services.core/Runtime/Components/ServicesInitializationEvents.cs
 0.2 kb	 0.0% Packages/com.unity.services.core/Runtime/Analytics/AnalyticsOptionsExtensions.cs
 0.2 kb	 0.0% Packages/com.unity.services.authentication/Runtime/Network/IAuthenticationNetworkClient.cs
 0.2 kb	 0.0% Packages/com.unity.services.authentication/Runtime/Network/AuthenticationNetworkClient.cs
 0.2 kb	 0.0% Packages/com.unity.services.authentication/Runtime/Models/Responses/AuthenticationErrorResponse.cs
 0.2 kb	 0.0% Packages/com.unity.services.authentication/Runtime/Models/Requests/LinkWithExternalTokenRequest.cs
 0.2 kb	 0.0% Packages/com.unity.services.authentication/Runtime/Models/Requests/Code Linking/GenerateSignInCodeRequest.cs
 0.2 kb	 0.0% Packages/com.unity.services.authentication/Player Accounts/Runtime/Utilities/Network/NetworkHandler.cs
 0.2 kb	 0.0% Packages/com.unity.services.authentication/Player Accounts/Runtime/Utilities/Network/INetworkHandler.cs
 0.2 kb	 0.0% Packages/com.unity.services.authentication/Player Accounts/Runtime/Utilities/Network/HttpUtilities.cs
 0.2 kb	 0.0% Packages/com.unity.services.authentication/Player Accounts/Runtime/Utilities/DateTimeWrapper.cs
 0.2 kb	 0.0% Packages/com.unity.services.authentication/Player Accounts/Runtime/Utilities/Browser/IBrowserUtils.cs
 0.2 kb	 0.0% Packages/com.unity.services.authentication/Player Accounts/Runtime/Models/SignInResponse.cs
 0.2 kb	 0.0% Packages/com.unity.services.authentication/Player Accounts/Runtime/ICoreRegistry.cs
 0.2 kb	 0.0% Packages/com.unity.netcode.gameobjects/Runtime/Messaging/GenerateSerializationForTypeAttribute.cs
 0.2 kb	 0.0% Packages/com.unity.inputsystem/InputSystem/Editor/Plugins/UI/StandaloneInputModuleEditor.cs
 0.2 kb	 0.0% Packages/com.unity.inputsystem/InputSystem/Editor/Plugins/UI/InputSystemUIInputModuleEditor.cs
 0.1 kb	 0.0% Packages/com.unity.transport/Runtime/Relay/NetworkDriverRelayExtensions.cs
 0.1 kb	 0.0% Packages/com.unity.transport/Runtime/Relay/Messages/RelayMessageConnectRequest.cs
 0.1 kb	 0.0% Packages/com.unity.services.wire/Runtime/websocket-sharp/Net/WebSockets/TcpListenerWebSocketContext.cs
 0.1 kb	 0.0% Packages/com.unity.services.wire/Runtime/websocket-sharp/Net/WebSockets/HttpListenerWebSocketContext.cs
 0.1 kb	 0.0% Packages/com.unity.services.multiplayer/Runtime/Relay/Apis/RelayAllocationsApiRequests.cs
 0.1 kb	 0.0% Packages/com.unity.services.multiplayer/Runtime/MultiplayerInitializer.Matchmaker.cs
 0.1 kb	 0.0% Packages/com.unity.services.multiplayer/Runtime/Multiplayer/Components/SessionObserverEvents.cs
 0.1 kb	 0.0% Packages/com.unity.services.multiplayer/Runtime/Multiplayer/Components/SessionNetworkSettings.cs
 0.1 kb	 0.0% Packages/com.unity.services.multiplayer/Runtime/Multiplayer/Components/SessionConnectorEvents.cs
 0.1 kb	 0.0% Packages/com.unity.services.multiplayer/Runtime/Matchmaker/Models/TicketStatusResponseOneOf.cs
 0.1 kb	 0.0% Packages/com.unity.services.multiplayer/Runtime/Matchmaker/Models/MultiplayConnectionDetails.cs
 0.1 kb	 0.0% Packages/com.unity.services.multiplayer/Runtime/Matchmaker/Models/CreateBackfillTicketResponse.cs
 0.1 kb	 0.0% Packages/com.unity.services.multiplayer/Runtime/Matchmaker/Models/CreateBackfillTicketRequest.cs
 0.1 kb	 0.0% Packages/com.unity.services.multiplayer/Runtime/Lobbies/SDK/ILobbyServiceSDKConfiguration.cs
 0.1 kb	 0.0% Packages/com.unity.services.multiplayer/Runtime/Lobbies/ErrorMitigation/StatusCodePolicyConfig.cs
 0.1 kb	 0.0% Packages/com.unity.services.multiplayer/Runtime/DistributedAuthority/Scheduler/EngineStateHelper.cs
 0.1 kb	 0.0% Packages/com.unity.services.multiplayer/Runtime/DistributedAuthority/Http/UnityWebRequestHelpers.cs
 0.1 kb	 0.0% Packages/com.unity.services.multiplayer/Runtime/DistributedAuthority/Http/DeserializationSettings.cs
 0.1 kb	 0.0% Packages/com.unity.services.multiplayer/Runtime/DistributedAuthority/Http/DeserializationException.cs
 0.1 kb	 0.0% Packages/com.unity.services.core/Runtime/Core.Internal/Registry/DependencyTreeExceptions.cs
 0.1 kb	 0.0% Packages/com.unity.services.core/Runtime/Core.Internal/Components/Vivox/IVivoxTokenProviderInternal.cs
 0.1 kb	 0.0% Packages/com.unity.services.core/Runtime/Core.Internal/Components/Networking/HttpRequestExtensions.cs
 0.1 kb	 0.0% Packages/com.unity.services.core/Runtime/Core.Internal/Components/Authentication/IServerEnvironmentId.cs
 0.1 kb	 0.0% Packages/com.unity.services.core/Runtime/Core.Internal/Components/Authentication/IServerAccessToken.cs
 0.1 kb	 0.0% Packages/com.unity.services.authentication/Runtime/Generated/Shared/ApiRequestPathBuilder.cs
 0.1 kb	 0.0% Packages/com.unity.services.authentication/Runtime/Generated/Shared/AbstractOpenAPISchema.cs
 0.1 kb	 0.0% Packages/com.unity.netcode.gameobjects/Runtime/Transports/UTP/INetworkStreamDriverConstructor.cs
 0.1 kb	 0.0% Packages/com.unity.inputsystem/InputSystem/Runtime/Devices/Commands/QuerySamplingFrequencyCommand.cs
 0.1 kb	 0.0% Packages/com.unity.inputsystem/InputSystem/Runtime/Devices/Commands/QueryPairedUserAccountCommand.cs
 0.1 kb	 0.0% Packages/com.unity.inputsystem/InputSystem/Editor/UITKAssetEditor/Views/CompositeBindingPropertiesView.cs
 0.1 kb	 0.0% Packages/com.unity.inputsystem/InputSystem/Editor/UITKAssetEditor/InputActionsEditorWindowUtils.cs
 0.1 kb	 0.0% Packages/com.unity.inputsystem/InputSystem/Editor/PropertyDrawers/InputActionAssetSearchProvider.cs
 0.1 kb	 0.0% Packages/com.unity.inputsystem/InputSystem/Editor/ProjectWideActions/ProjectWideActionsBuildProvider.cs
 0.1 kb	 0.0% Packages/com.unity.inputsystem/InputSystem/Editor/Plugins/OnScreen/UGUIOnScreenControlEditorUtils.cs
 0.1 kb	 0.0% Packages/com.unity.inputsystem/InputSystem/Editor/Internal/SerializedPropertyLinqExtensions.cs
 0.1 kb	 0.0% Packages/com.unity.inputsystem/InputSystem/Editor/Internal/InputActionSerializationHelpers.cs
 0.1 kb	 0.0% Packages/com.unity.inputsystem/InputSystem/Editor/EditorInputControlLayoutCache.cs
 0.1 kb	 0.0% Packages/com.unity.inputsystem/InputSystem/Editor/ControlPicker/Layouts/TouchscreenControlPickerLayout.cs
 0.1 kb	 0.0% Packages/com.unity.inputsystem/InputSystem/Editor/ControlPicker/Layouts/DefaultInputControlPickerLayout.cs
 0.1 kb	 0.0% Packages/com.unity.inputsystem/InputSystem/Editor/Analytics/VirtualMouseInputEditorAnalytic.cs
 0.1 kb	 0.0% Packages/com.unity.inputsystem/InputSystem/Editor/Analytics/PlayerInputManagerEditorAnalytic.cs
 0.1 kb	 0.0% Packages/com.unity.transport/Runtime/WebSocketNetworkInterface.cs
 0.1 kb	 0.0% Packages/com.unity.transport/Runtime/Pipelines/FragmentationPipelineStage.cs
 0.1 kb	 0.0% Packages/com.unity.services.qos/Runtime/v2/Http/ResponseDeserializationException.cs
 0.1 kb	 0.0% Packages/com.unity.services.qos/Runtime/Models/QosServiceServersResponseBody.cs
 0.1 kb	 0.0% Packages/com.unity.services.multiplayer/Runtime/Relay/SDK/IRelayServiceSDKConfiguration.cs
 0.1 kb	 0.0% Packages/com.unity.services.multiplayer/Runtime/Relay/ErrorMitigation/StatusCodePolicyConfig.cs
 0.1 kb	 0.0% Packages/com.unity.services.multiplayer/Runtime/Multiplayer/WrappedMultiplayerService.cs
 0.1 kb	 0.0% Packages/com.unity.services.multiplayer/Runtime/Multiplayer/Modules/Matchmaker/EnableMatchmakerModuleOption.cs
 0.1 kb	 0.0% Packages/com.unity.services.multiplayer/Runtime/Matchmaker/SDK/IMatchmakerSdkConfiguration.cs
 0.1 kb	 0.0% Packages/com.unity.services.multiplayer/Runtime/Matchmaker/SDK/Exceptions/MatchmakerServiceException.cs
 0.1 kb	 0.0% Packages/com.unity.services.multiplayer/Runtime/Matchmaker/SDK/CreateBackfillTicketOptions.cs
 0.1 kb	 0.0% Packages/com.unity.services.multiplayer/Runtime/Matchmaker/InternalMatchmakerServiceSdk.cs
 0.1 kb	 0.0% Packages/com.unity.services.multiplayer/Runtime/Matchmaker/ErrorMitigation/RetryPolicyConfig.cs
 0.1 kb	 0.0% Packages/com.unity.services.multiplayer/Runtime/DistributedAuthority/SDK/InternalDaLobbyService.cs
 0.1 kb	 0.0% Packages/com.unity.services.multiplayer/Runtime/DistributedAuthority/Models/ErrorResponseBody.cs
 0.1 kb	 0.0% Packages/com.unity.services.multiplayer/Runtime/DistributedAuthority/ErrorMitigation/RetryPolicy.cs
 0.1 kb	 0.0% Packages/com.unity.services.multiplayer/Runtime/DistributedAuthority/ErrorMitigation/IRetryPolicy.cs
 0.1 kb	 0.0% Packages/com.unity.services.core/Runtime/Telemetry/Diagnotstics/DisabledDiagnostics.cs
 0.1 kb	 0.0% Packages/com.unity.services.core/Runtime/Telemetry/Diagnotstics/DiagnosticsFactory.cs
 0.1 kb	 0.0% Packages/com.unity.services.core/Runtime/Scheduler/ScheduledInvocation.cs
 0.1 kb	 0.0% Packages/com.unity.services.core/Runtime/Scheduler/MinimumBinaryHeap.cs
 0.1 kb	 0.0% Packages/com.unity.services.core/Runtime/Registration/CorePackageInitializer.cs
 0.1 kb	 0.0% Packages/com.unity.services.core/Runtime/Networking/UnityWebRequestClient.cs
 0.1 kb	 0.0% Packages/com.unity.services.core/Runtime/Environments/Internal/Environments.cs
 0.1 kb	 0.0% Packages/com.unity.services.core/Runtime/Core.Internal/Serialization/NewtonsoftSerializer.cs
 0.1 kb	 0.0% Packages/com.unity.services.core/Runtime/Core.Internal/Registry/PackageInitializationInfo.cs
 0.1 kb	 0.0% Packages/com.unity.services.core/Runtime/Core.Internal/Registry/CircularDependencyException.cs
 0.1 kb	 0.0% Packages/com.unity.services.core/Runtime/Core.Internal/Components/Device/IEngineInstallationId.cs
 0.1 kb	 0.0% Packages/com.unity.services.core/Runtime/Configuration/Utils/StreamingAssetsUtils.cs
 0.1 kb	 0.0% Packages/com.unity.services.core/Runtime/Configuration/ProjectConfiguration.cs
 0.1 kb	 0.0% Packages/com.unity.services.core/Runtime/Configuration/IConfigurationLoader.cs
 0.1 kb	 0.0% Packages/com.unity.services.core/Runtime/Configuration/ConfigurationUtils.cs
 0.1 kb	 0.0% Packages/com.unity.services.core/Runtime/Configuration/ConfigurationEntry.cs
 0.1 kb	 0.0% Packages/com.unity.services.core/Runtime/Components/ServicesInitialization.cs
 0.1 kb	 0.0% Packages/com.unity.services.authentication/Runtime/Utilities/CodeChallengeGenerator.cs
 0.1 kb	 0.0% Packages/com.unity.services.authentication/Runtime/Network/AuthenticationApiClient.cs
 0.1 kb	 0.0% Packages/com.unity.services.authentication/Runtime/Models/Settings/INetworkConfiguration.cs
 0.1 kb	 0.0% Packages/com.unity.services.authentication/Runtime/Models/Settings/IAuthenticationSettings.cs
 0.1 kb	 0.0% Packages/com.unity.services.authentication/Runtime/Models/Settings/AuthenticationSettings.cs
 0.1 kb	 0.0% Packages/com.unity.services.authentication/Runtime/Models/Security/AccessTokenExtraClaims.cs
 0.1 kb	 0.0% Packages/com.unity.services.authentication/Runtime/Models/RestrictedTokenResponse.cs
 0.1 kb	 0.0% Packages/com.unity.services.authentication/Runtime/Models/RestrictedTokenOptions.cs
 0.1 kb	 0.0% Packages/com.unity.services.authentication/Runtime/Models/Responses/GetNotificationsResponse.cs
 0.1 kb	 0.0% Packages/com.unity.services.authentication/Runtime/Models/Responses/CodeLinkConfirmResponse.cs
 0.1 kb	 0.0% Packages/com.unity.services.authentication/Runtime/Models/Requests/UsernamePasswordRequest.cs
 0.1 kb	 0.0% Packages/com.unity.services.authentication/Runtime/Models/Requests/UpdatePasswordRequest.cs
 0.1 kb	 0.0% Packages/com.unity.services.authentication/Runtime/Models/Requests/SignInWithSteamRequest.cs
 0.1 kb	 0.0% Packages/com.unity.services.authentication/Runtime/Models/Requests/SignInAnonymouslyRequest.cs
 0.1 kb	 0.0% Packages/com.unity.services.authentication/Runtime/Models/Requests/Oculus/SignInWithOculusRequest.cs
 0.1 kb	 0.0% Packages/com.unity.services.authentication/Runtime/Models/Requests/Oculus/LinkWithOculusRequest.cs
 0.1 kb	 0.0% Packages/com.unity.services.authentication/Runtime/Models/Requests/Code Linking/SignInWithCodeRequest.cs
 0.1 kb	 0.0% Packages/com.unity.services.authentication/Runtime/Models/Requests/Code Linking/ConfirmSignInCodeRequest.cs
 0.1 kb	 0.0% Packages/com.unity.services.authentication/Runtime/Models/Requests/AppleGameCenterConfig.cs
 0.1 kb	 0.0% Packages/com.unity.services.authentication/Runtime/Models/Components/SessionTokenComponent.cs
 0.1 kb	 0.0% Packages/com.unity.services.authentication/Runtime/Models/Components/EnvironmentIdComponent.cs
 0.1 kb	 0.0% Packages/com.unity.services.authentication/Runtime/Metrics/IAuthenticationMetrics.cs
 0.1 kb	 0.0% Packages/com.unity.services.authentication/Runtime/Metrics/AuthenticationMetrics.cs
 0.1 kb	 0.0% Packages/com.unity.services.authentication/Runtime/IAuthenticationService.cs
 0.1 kb	 0.0% Packages/com.unity.services.authentication/Runtime/Generated/PlayerNames/Model/UpdateNameRequest.cs
 0.1 kb	 0.0% Packages/com.unity.services.authentication/Runtime/Exceptions/AuthenticationException.cs
 0.1 kb	 0.0% Packages/com.unity.services.authentication/Runtime/Exceptions/AuthenticationErrorCodes.cs
 0.1 kb	 0.0% Packages/com.unity.services.authentication/Runtime/Core/AuthenticationExtensions.cs
 0.1 kb	 0.0% Packages/com.unity.services.authentication/Runtime/Components/PlayerAuthentication.cs
 0.1 kb	 0.0% Packages/com.unity.services.authentication/Runtime/AuthenticationService.cs
 0.1 kb	 0.0% Packages/com.unity.services.authentication/Player Accounts/Runtime/Utilities/UriHelper.cs
 0.1 kb	 0.0% Packages/com.unity.services.authentication/Player Accounts/Runtime/Utilities/Network/WebRequest.cs
 0.1 kb	 0.0% Packages/com.unity.services.authentication/Player Accounts/Runtime/Utilities/JwtDecoder.cs
 0.1 kb	 0.0% Packages/com.unity.services.authentication/Player Accounts/Runtime/Utilities/Browser/BrowserUtils.cs
 0.1 kb	 0.0% Packages/com.unity.services.authentication/Player Accounts/Runtime/Extensions/UnityServicesExtensions.cs
 0.1 kb	 0.0% Packages/com.unity.netcode.gameobjects/Runtime/Transports/SinglePlayer/SinglePlayerTransport.cs
 0.1 kb	 0.0% Packages/com.unity.netcode.gameobjects/Runtime/NetworkVariable/Serialization/TypedILPPInitializers.cs
 0.1 kb	 0.0% Packages/com.unity.netcode.gameobjects/Runtime/Messaging/Messages/AnticipationCounterSyncPingMessage.cs
 0.1 kb	 0.0% Packages/com.unity.netcode.gameobjects/Runtime/Components/Interpolator/BufferedLinearInterpolatorVector3.cs
 0.1 kb	 0.0% Packages/com.unity.netcode.gameobjects/Runtime/Components/Interpolator/BufferedLinearInterpolatorQuaternion.cs
 0.1 kb	 0.0% Packages/com.unity.inputsystem/InputSystem/Runtime/Utilities/DisplayStringFormatAttribute.cs
 0.1 kb	 0.0% Packages/com.unity.inputsystem/InputSystem/Runtime/Plugins/XR/Haptics/SendBufferedHapticsCommand.cs
 0.1 kb	 0.0% Packages/com.unity.inputsystem/InputSystem/Runtime/Plugins/XR/Haptics/GetHapticCapabilitiesCommand.cs
 0.1 kb	 0.0% Packages/com.unity.inputsystem/InputSystem/Runtime/Plugins/XR/Haptics/GetCurrentHapticStateCommand.cs
 0.1 kb	 0.0% Packages/com.unity.inputsystem/InputSystem/Runtime/Plugins/UI/ExtendedSubmitCancelEventData.cs
 0.1 kb	 0.0% Packages/com.unity.inputsystem/InputSystem/Runtime/Plugins/Android/AndroidGameController.cs
 0.1 kb	 0.0% Packages/com.unity.inputsystem/InputSystem/Runtime/Controls/Processors/NormalizeVector3Processor.cs
 0.1 kb	 0.0% Packages/com.unity.inputsystem/InputSystem/Runtime/Controls/Processors/NormalizeVector2Processor.cs
 0.1 kb	 0.0% Packages/com.unity.inputsystem/InputSystem/Runtime/Controls/Processors/EditorWindowSpaceProcessor.cs
 0.1 kb	 0.0% Packages/com.unity.inputsystem/InputSystem/Runtime/Controls/Processors/CompensateRotationProcessor.cs
 0.1 kb	 0.0% Packages/com.unity.inputsystem/InputSystem/Runtime/Controls/Processors/CompensateDirectionProcessor.cs
 0.1 kb	 0.0% Packages/com.unity.inputsystem/InputSystem/Editor/Plugins/HID/HIDSupportEditorInitializer.cs
 0.1 kb	 0.0% Packages/com.unity.inputsystem/InputSystem/Editor/Controls/Processors/StickDeadzoneProcessorEditor.cs
 0.1 kb	 0.0% Packages/com.unity.inputsystem/InputSystem/Editor/Controls/Processors/AxisDeadzoneProcessorEditor.cs
 0.1 kb	 0.0% Packages/com.unity.inputsystem/InputSystem/Editor/Actions/Interactions/MultiTapInteractionEditor.cs
 0.1 kb	 0.0% Packages/com.unity.collections/Unity.Collections/UnsafeParallelHashSetExtensions.gen.cs
 0.1 kb	 0.0% Packages/com.unity.collections/Unity.Collections/UnsafeParallelHashMap.cs
 0.1 kb	 0.0% Packages/com.unity.transport/Runtime/TLS/UnityTLSConfiguration.cs
 0.1 kb	 0.0% Packages/com.unity.transport/Runtime/TLS/SecureParameters.cs
 0.1 kb	 0.0% Packages/com.unity.transport/Runtime/Relay/RelayNetworkParameter.cs
 0.1 kb	 0.0% Packages/com.unity.transport/Runtime/Relay/Messages/RelayMessageDisconnect.cs
 0.1 kb	 0.0% Packages/com.unity.transport/Runtime/Analytics/ConnectionMedium.cs
 0.1 kb	 0.0% Packages/com.unity.services.wire/Runtime/Centrifuge/ProtocolSchema/UnsubscribeResult.cs
 0.1 kb	 0.0% Packages/com.unity.services.wire/Runtime/Centrifuge/ProtocolSchema/UnsubscribeRequest.cs
 0.1 kb	 0.0% Packages/com.unity.services.qos/Runtime/v2/ErrorMitigation/StatusCodePolicyConfig.cs
 0.1 kb	 0.0% Packages/com.unity.services.qos/Runtime/Http/ResponseDeserializationException.cs
 0.1 kb	 0.0% Packages/com.unity.services.multiplayer/Runtime/MultiplayerInitializer.Relay.cs
 0.1 kb	 0.0% Packages/com.unity.services.multiplayer/Runtime/MultiplayerInitializer.Lobby.cs
 0.1 kb	 0.0% Packages/com.unity.services.multiplayer/Runtime/MultiplayerInitializer.Da.cs
 0.1 kb	 0.0% Packages/com.unity.services.multiplayer/Runtime/Multiplayer/Components/SessionPlayerEvents.cs
 0.1 kb	 0.0% Packages/com.unity.services.multiplayer/Runtime/Multiplayer/Components/MultiplayerSession.cs
 0.1 kb	 0.0% Packages/com.unity.services.multiplayer/Runtime/Multiplayer/Components/JoinSessionOptions.cs
 0.1 kb	 0.0% Packages/com.unity.services.multiplayer/Runtime/Multiplayer/Components/DirectIpPortOptions.cs
 0.1 kb	 0.0% Packages/com.unity.services.multiplayer/Runtime/Multiplayer/Components/CreateSessionOptions.cs
 0.1 kb	 0.0% Packages/com.unity.services.multiplayer/Runtime/Matchmaker/SDK/PayloadProxyApiClient.cs
 0.1 kb	 0.0% Packages/com.unity.services.multiplayer/Runtime/Matchmaker/Models/StoredMatchmakingResults.cs
 0.1 kb	 0.0% Packages/com.unity.services.multiplayer/Runtime/Matchmaker/Models/StoredMatchProperties.cs
 0.1 kb	 0.0% Packages/com.unity.services.multiplayer/Runtime/Matchmaker/Models/RelayConnectionDetails.cs
 0.1 kb	 0.0% Packages/com.unity.services.multiplayer/Runtime/Matchmaker/Models/IpPortConnectionDetails.cs
 0.1 kb	 0.0% Packages/com.unity.services.multiplayer/Runtime/Matchmaker/Models/CustomConnectionDetails.cs
 0.1 kb	 0.0% Packages/com.unity.services.multiplayer/Runtime/Matchmaker/Models/ConnectionDetailsOneOf.cs
 0.1 kb	 0.0% Packages/com.unity.services.multiplayer/Runtime/Matchmaker/Models/BackfillTicketProperties.cs
 0.1 kb	 0.0% Packages/com.unity.services.multiplayer/Runtime/Matchmaker/Http/UnityWebRequestHelpers.cs
 0.1 kb	 0.0% Packages/com.unity.services.multiplayer/Runtime/Matchmaker/Http/DeserializationSettings.cs
 0.1 kb	 0.0% Packages/com.unity.services.multiplayer/Runtime/Matchmaker/Http/DeserializationException.cs
 0.1 kb	 0.0% Packages/com.unity.services.multiplayer/Runtime/Lobbies/SDK/LobbyUpdates/Internal/LobbyWireTokenProvider.cs
 0.1 kb	 0.0% Packages/com.unity.services.multiplayer/Runtime/Lobbies/SDK/ILobbyServiceInternal.cs
 0.1 kb	 0.0% Packages/com.unity.services.multiplayer/Runtime/Lobbies/ErrorMitigation/RetryPolicyConfig.cs
 0.1 kb	 0.0% Packages/com.unity.services.multiplayer/Runtime/DistributedAuthority/Models/DistributedAuthorityIOneOf.cs
 0.1 kb	 0.0% Packages/com.unity.services.multiplayer/Runtime/DistributedAuthority/Http/JsonObjectConverter.cs
 0.1 kb	 0.0% Packages/com.unity.services.multiplayer/Runtime/DistributedAuthority/Http/IsolatedJsonConvert.cs
 0.1 kb	 0.0% Packages/com.unity.services.multiplayer/Runtime/DistributedAuthority/Http/HttpClientResponse.cs
 0.1 kb	 0.0% Packages/com.unity.services.core/Runtime/Core/DynamicDependency/PreserveDependencyAttribute.cs
 0.1 kb	 0.0% Packages/com.unity.services.core/Runtime/Core.Internal/Components/Threading/IUnityThreadUtils.cs
 0.1 kb	 0.0% Packages/com.unity.services.core/Runtime/Core.Internal/Components/Telemetry/IDiagnosticsFactory.cs
 0.1 kb	 0.0% Packages/com.unity.services.core/Runtime/Core.Internal/Components/Networking/ReadOnlyHttpResponse.cs
 0.1 kb	 0.0% Packages/com.unity.services.core/Runtime/Core.Internal/Components/Networking/ReadOnlyHttpRequest.cs
 0.1 kb	 0.0% Packages/com.unity.services.core/Runtime/Core.Internal/Components/Authentication/ITargetingContext.cs
 0.1 kb	 0.0% Packages/com.unity.services.core/Runtime/Core.Internal/Components/Authentication/ITargetingActivation.cs
 0.1 kb	 0.0% Packages/com.unity.services.core/Runtime/Core.Internal/Components/Authentication/IPlayerNameComponent.cs
 0.1 kb	 0.0% Packages/com.unity.services.core/Runtime/Core.Internal/Components/Authentication/IAccessTokenObserver.cs
 0.1 kb	 0.0% Packages/com.unity.services.authentication/Runtime/Generated/Shared/OpenAPIDateConverter.cs
 0.1 kb	 0.0% Packages/com.unity.services.authentication/Runtime/Generated/Shared/IApiConfiguration.cs
 0.1 kb	 0.0% Packages/com.unity.services.authentication/Runtime/Generated/Shared/ApiRequestOptions.cs
 0.1 kb	 0.0% Packages/com.unity.netcode.gameobjects/Runtime/Transports/UTP/NetworkMetricsPipelineStage.cs
 0.1 kb	 0.0% Packages/com.unity.inputsystem/InputSystem/Runtime/State/IInputStateCallbackReceiver.cs
 0.1 kb	 0.0% Packages/com.unity.inputsystem/InputSystem/Runtime/Plugins/InputForUI/InputSystemProvider.cs
 0.1 kb	 0.0% Packages/com.unity.inputsystem/InputSystem/Runtime/Plugins/DualShock/DualShockGamepadHID.cs
 0.1 kb	 0.0% Packages/com.unity.inputsystem/InputSystem/Runtime/Devices/IInputUpdateCallbackReceiver.cs
 0.1 kb	 0.0% Packages/com.unity.inputsystem/InputSystem/Runtime/Devices/Commands/SetSamplingFrequencyCommand.cs
 0.1 kb	 0.0% Packages/com.unity.inputsystem/InputSystem/Runtime/Devices/Commands/SetIMECursorPositionCommand.cs
 0.1 kb	 0.0% Packages/com.unity.inputsystem/InputSystem/Runtime/Devices/Commands/QueryKeyboardLayoutCommand.cs
 0.1 kb	 0.0% Packages/com.unity.inputsystem/InputSystem/Runtime/Devices/Commands/EnableIMECompositionCommand.cs
 0.1 kb	 0.0% Packages/com.unity.inputsystem/InputSystem/Runtime/Controls/InputControlLayoutAttribute.cs
 0.1 kb	 0.0% Packages/com.unity.inputsystem/InputSystem/Runtime/Actions/InputActionRebindingExtensions.cs
 0.1 kb	 0.0% Packages/com.unity.inputsystem/InputSystem/Runtime/Actions/DeferBindingResolutionContext.cs
 0.1 kb	 0.0% Packages/com.unity.inputsystem/InputSystem/Editor/UITKAssetEditor/Views/NameAndParametersListView.cs
 0.1 kb	 0.0% Packages/com.unity.inputsystem/InputSystem/Editor/UITKAssetEditor/Views/InputActionMapsTreeViewItem.cs
 0.1 kb	 0.0% Packages/com.unity.inputsystem/InputSystem/Editor/UITKAssetEditor/InputActionsEditorConstants.cs
 0.1 kb	 0.0% Packages/com.unity.inputsystem/InputSystem/Editor/Settings/InputSettingsBuildProvider.cs
 0.1 kb	 0.0% Packages/com.unity.inputsystem/InputSystem/Editor/Settings/EditorPlayerSettingHelpers.cs
 0.1 kb	 0.0% Packages/com.unity.inputsystem/InputSystem/Editor/PropertyDrawers/InputActionPropertyDrawer.cs
 0.1 kb	 0.0% Packages/com.unity.inputsystem/InputSystem/Editor/PropertyDrawers/GamepadButtonPropertyDrawer.cs
 0.1 kb	 0.0% Packages/com.unity.inputsystem/InputSystem/Editor/Internal/SerializedPropertyHelpers.cs
 0.1 kb	 0.0% Packages/com.unity.inputsystem/InputSystem/Editor/Internal/AdvancedDropdown/AdvancedDropdownDataSource.cs
 0.1 kb	 0.0% Packages/com.unity.inputsystem/InputSystem/Editor/InputSystemPackageControl.cs
 0.1 kb	 0.0% Packages/com.unity.inputsystem/InputSystem/Editor/InputSystemEditorInitializer.cs
 0.1 kb	 0.0% Packages/com.unity.inputsystem/InputSystem/Editor/Debugger/SampleFrequencyCalculator.cs
 0.1 kb	 0.0% Packages/com.unity.inputsystem/InputSystem/Editor/Debugger/InputDeviceDebuggerWindow.cs
 0.1 kb	 0.0% Packages/com.unity.inputsystem/InputSystem/Editor/Debugger/InputActionDebuggerWindow.cs
 0.1 kb	 0.0% Packages/com.unity.inputsystem/InputSystem/Editor/ControlPicker/InputControlPickerDropdown.cs
 0.1 kb	 0.0% Packages/com.unity.inputsystem/InputSystem/Editor/ControlPicker/IInputControlPickerLayout.cs
 0.1 kb	 0.0% Packages/com.unity.inputsystem/InputSystem/Editor/AssetImporter/InputActionImporterEditor.cs
 0.1 kb	 0.0% Packages/com.unity.inputsystem/InputSystem/Editor/AssetImporter/InputActionAssetIconLoader.cs
 0.1 kb	 0.0% Packages/com.unity.inputsystem/InputSystem/Editor/AssetEditor/InputBindingPropertiesView.cs
 0.1 kb	 0.0% Packages/com.unity.inputsystem/InputSystem/Editor/AssetEditor/InputActionPropertiesView.cs
 0.1 kb	 0.0% Packages/com.unity.inputsystem/InputSystem/Editor/Analytics/PlayerInputEditorAnalytic.cs
 0.1 kb	 0.0% Packages/com.unity.inputsystem/InputSystem/Editor/Analytics/OnScreenStickEditorAnalytic.cs
 0.1 kb	 0.0% Packages/com.unity.inputsystem/InputSystem/Editor/Analytics/InputExitPlayModeAnalytic.cs
 0.1 kb	 0.0% Packages/com.unity.inputsystem/InputSystem/Editor/Analytics/InputComponentEditorAnalytic.cs
 0.1 kb	 0.0% Packages/com.unity.collections/Unity.Collections/UnsafeNotBurstCompatible.cs
 0.1 kb	 0.0% Packages/com.unity.ugui/Runtime/UGUI/EventSystem/UIElements/UIToolkitInteroperabilityBridge.cs
 0.1 kb	 0.0% Packages/com.unity.transport/Runtime/WebSocket/WebSocketParameters.cs
 0.1 kb	 0.0% Packages/com.unity.transport/Runtime/UnderlyingConnectionList.cs
 0.1 kb	 0.0% Packages/com.unity.transport/Runtime/Pipelines/SimulatorPipelineStage.cs
 0.1 kb	 0.0% Packages/com.unity.transport/Runtime/Pipelines/FragmentationUtility.cs
 0.1 kb	 0.0% Packages/com.unity.transport/Runtime/NetworkInterfaceWrapper.cs
 0.1 kb	 0.0% Packages/com.unity.transport/Runtime/NetworkDriverReceiver.cs
 0.1 kb	 0.0% Packages/com.unity.transport/Runtime/Layers/SimpleConnectionLayer.cs
 0.1 kb	 0.0% Packages/com.unity.transport/Runtime/Layers/SequenceReorderingLayer.cs
 0.1 kb	 0.0% Packages/com.unity.transport/Runtime/Layers/NetworkInterfaceLayer.cs
 0.1 kb	 0.0% Packages/com.unity.transport/Runtime/BaselibNetworkArray.cs
 0.1 kb	 0.0% Packages/com.unity.transport/Runtime/Analytics/RunningStatistics.cs
 0.1 kb	 0.0% Packages/com.unity.transport/Runtime/Analytics/PacketSizeStatistics.cs
 0.1 kb	 0.0% Packages/com.unity.transport/Runtime/Analytics/ConnectionStatistics.cs
 0.1 kb	 0.0% Packages/com.unity.transport/Runtime/Analytics/BandwidthStatistics.cs
 0.1 kb	 0.0% Packages/com.unity.services.wire/Runtime/websocket-sharp/Net/HttpListenerPrefixCollection.cs
 0.1 kb	 0.0% Packages/com.unity.services.wire/Runtime/Exceptions/WireExceptions.cs
 0.1 kb	 0.0% Packages/com.unity.services.qos/Runtime/ErrorMitigation/StatusCodePolicyConfig.cs
 0.1 kb	 0.0% Packages/com.unity.services.multiplayer/Runtime/Relay/Http/UnityWebRequestHelpers.cs
 0.1 kb	 0.0% Packages/com.unity.services.multiplayer/Runtime/Relay/Http/DeserializationSettings.cs
 0.1 kb	 0.0% Packages/com.unity.services.multiplayer/Runtime/Relay/Http/DeserializationException.cs
 0.1 kb	 0.0% Packages/com.unity.services.multiplayer/Runtime/Relay/ErrorMitigation/RetryPolicyConfig.cs
 0.1 kb	 0.0% Packages/com.unity.services.multiplayer/Runtime/MultiplayerInitializer.cs
 0.1 kb	 0.0% Packages/com.unity.services.multiplayer/Runtime/Multiplayer/Session/Options/ReconnectSessionOptions.cs
 0.1 kb	 0.0% Packages/com.unity.services.multiplayer/Runtime/Multiplayer/Session/Models/Migration/IMigrationDataHandler.cs
 0.1 kb	 0.0% Packages/com.unity.services.multiplayer/Runtime/Multiplayer/Modules/PlayerName/SessionOptionsExtensions.cs
 0.1 kb	 0.0% Packages/com.unity.services.multiplayer/Runtime/Multiplayer/Modules/PlayerName/PlayerNameSessionOption.cs
 0.1 kb	 0.0% Packages/com.unity.services.multiplayer/Runtime/Multiplayer/Modules/PlayerName/PlayerNameModuleProvider.cs
 0.1 kb	 0.0% Packages/com.unity.services.multiplayer/Runtime/Multiplayer/Modules/Network/SessionOptionsExtensions.cs
 0.1 kb	 0.0% Packages/com.unity.services.multiplayer/Runtime/Multiplayer/Modules/Network/IClientSessionNetwork.cs
 0.1 kb	 0.0% Packages/com.unity.services.multiplayer/Runtime/Multiplayer/Modules/Network/Handlers/NetworkHandler/NetworkManagerSession.cs
 0.1 kb	 0.0% Packages/com.unity.services.multiplayer/Runtime/Multiplayer/Modules/Matchmaker/MatchmakerBackfillOption.cs
 0.1 kb	 0.0% Packages/com.unity.services.multiplayer/Runtime/Multiplayer/Modules/Matchmaker/BackfillingConfiguration.cs
 0.1 kb	 0.0% Packages/com.unity.services.multiplayer/Runtime/Matchmaker/Scheduler/EngineStateHelper.cs
 0.1 kb	 0.0% Packages/com.unity.services.multiplayer/Runtime/Matchmaker/SDK/WrappedMatchmakerService.cs
 0.1 kb	 0.0% Packages/com.unity.services.multiplayer/Runtime/Matchmaker/ErrorMitigation/RetryPolicy.cs
 0.1 kb	 0.0% Packages/com.unity.services.multiplayer/Runtime/Matchmaker/ErrorMitigation/IRetryPolicy.cs
 0.1 kb	 0.0% Packages/com.unity.services.multiplayer/Runtime/Matchmaker/Apis/TicketsApiRequests.cs
 0.1 kb	 0.0% Packages/com.unity.services.multiplayer/Runtime/Matchmaker/Apis/MatchesApiRequests.cs
 0.1 kb	 0.0% Packages/com.unity.services.multiplayer/Runtime/Matchmaker/Apis/BackfillApiRequests.cs
 0.1 kb	 0.0% Packages/com.unity.services.multiplayer/Runtime/Lobbies/Http/UnityWebRequestHelpers.cs
 0.1 kb	 0.0% Packages/com.unity.services.multiplayer/Runtime/Lobbies/Http/DeserializationSettings.cs
 0.1 kb	 0.0% Packages/com.unity.services.multiplayer/Runtime/Lobbies/Http/DeserializationException.cs
 0.1 kb	 0.0% Packages/com.unity.services.core/Runtime/Telemetry/Metrics/MetricsFactory.cs
 0.1 kb	 0.0% Packages/com.unity.services.core/Runtime/Telemetry/Metrics/DisabledMetrics.cs
 0.1 kb	 0.0% Packages/com.unity.services.core/Runtime/Scheduler/TimeProvider/UtcTimeProvider.cs
 0.1 kb	 0.0% Packages/com.unity.services.core/Runtime/Scheduler/TimeProvider/ITimeProvider.cs
 0.1 kb	 0.0% Packages/com.unity.services.core/Runtime/Scheduler/ActionScheduler.cs
 0.1 kb	 0.0% Packages/com.unity.services.core/Runtime/Networking/HttpServiceConfig.cs
 0.1 kb	 0.0% Packages/com.unity.services.core/Runtime/Device/UserIdProviders/UnityEngineIdentifier.cs
 0.1 kb	 0.0% Packages/com.unity.services.core/Runtime/Device/UserIdProviders/UnityAnalyticsIdentifier.cs
 0.1 kb	 0.0% Packages/com.unity.services.core/Runtime/Device/UserIdProviders/IUserIdentifierProvider.cs
 0.1 kb	 0.0% Packages/com.unity.services.core/Runtime/Core/Initialization/UnityProjectNotLinkedException.cs
 0.1 kb	 0.0% Packages/com.unity.services.core/Runtime/Core/Initialization/ServicesInitializationException.cs
 0.1 kb	 0.0% Packages/com.unity.services.core/Runtime/Core.Internal/UnityServicesInternal.cs
 0.1 kb	 0.0% Packages/com.unity.services.core/Runtime/Core.Internal/UnityServicesInitializer.cs
 0.1 kb	 0.0% Packages/com.unity.services.core/Runtime/Core.Internal/Serialization/IJsonSerializer.cs
 0.1 kb	 0.0% Packages/com.unity.services.core/Runtime/Core.Internal/Registry/ServiceRegistry/LockedServiceRegistry.cs
 0.1 kb	 0.0% Packages/com.unity.services.core/Runtime/Core.Internal/Registry/PackageRegistry/LockedPackageRegistry.cs
 0.1 kb	 0.0% Packages/com.unity.services.core/Runtime/Core.Internal/Registry/IInitializablePackageV2.cs
 0.1 kb	 0.0% Packages/com.unity.services.core/Runtime/Core.Internal/Registry/IInitializablePackage.cs
 0.1 kb	 0.0% Packages/com.unity.services.core/Runtime/Core.Internal/Registry/DependencyTreeExtensions.cs
 0.1 kb	 0.0% Packages/com.unity.services.core/Runtime/Core.Internal/Registry/CoreRegistryInitializer.cs
 0.1 kb	 0.0% Packages/com.unity.services.core/Runtime/Core.Internal/Registry/ComponentRegistry/LockedComponentRegistry.cs
 0.1 kb	 0.0% Packages/com.unity.services.core/Runtime/Core.Internal/Components/Wire/IChannelTokenProvider.cs
 0.1 kb	 0.0% Packages/com.unity.services.core/Runtime/Core.Internal/Components/Environments/IEnvironments.cs
 0.1 kb	 0.0% Packages/com.unity.services.core/Runtime/Core.Internal/Components/Configuration/IExternalUserId.cs
 0.1 kb	 0.0% Packages/com.unity.services.core/Runtime/Core.Internal/Components/Configuration/ICloudProjectId.cs
 0.1 kb	 0.0% Packages/com.unity.services.core/Runtime/Core.Internal/AsyncOperation/IAsyncOperationAwaiter.cs
 0.1 kb	 0.0% Packages/com.unity.services.core/Runtime/Core.Internal/AsyncOperation/AsyncOperationExtensions.cs
 0.1 kb	 0.0% Packages/com.unity.services.core/Runtime/Core.Internal/AsyncOperation/AsyncOperationAwaiter.cs
 0.1 kb	 0.0% Packages/com.unity.services.core/Runtime/Configuration/ExternalUserId.cs
 0.1 kb	 0.0% Packages/com.unity.services.core/Runtime/Configuration/CloudProjectId.cs
 0.1 kb	 0.0% Packages/com.unity.services.core/Runtime/Components/ServicesBehaviour.cs
 0.1 kb	 0.0% Packages/com.unity.services.authentication/Runtime/Utilities/SerializerSettings.cs
 0.1 kb	 0.0% Packages/com.unity.services.authentication/Runtime/Utilities/IsolatedJsonConvert.cs
 0.1 kb	 0.0% Packages/com.unity.services.authentication/Runtime/Utilities/Cache/IAuthenticationCache.cs
 0.1 kb	 0.0% Packages/com.unity.services.authentication/Runtime/Utilities/Cache/AuthenticationCache.cs
 0.1 kb	 0.0% Packages/com.unity.services.authentication/Runtime/Network/WebRequestException.cs
 0.1 kb	 0.0% Packages/com.unity.services.authentication/Runtime/Models/Settings/NetworkConfiguration.cs
 0.1 kb	 0.0% Packages/com.unity.services.authentication/Runtime/Models/Responses/PlayerInfoResponse.cs
 0.1 kb	 0.0% Packages/com.unity.services.authentication/Runtime/Models/Responses/GenerateCodeResponse.cs
 0.1 kb	 0.0% Packages/com.unity.services.authentication/Runtime/Models/Responses/CodeLinkInfoResponse.cs
 0.1 kb	 0.0% Packages/com.unity.services.authentication/Runtime/Models/Requests/SessionTokenRequest.cs
 0.1 kb	 0.0% Packages/com.unity.services.authentication/Runtime/Models/Requests/LinkWithSteamRequest.cs
 0.1 kb	 0.0% Packages/com.unity.services.authentication/Runtime/Models/Requests/Code Linking/CodeLinkInfoRequest.cs
 0.1 kb	 0.0% Packages/com.unity.services.authentication/Runtime/Models/Components/TargetingComponent.cs
 0.1 kb	 0.0% Packages/com.unity.services.authentication/Runtime/Models/Components/PlayerNameComponent.cs
 0.1 kb	 0.0% Packages/com.unity.services.authentication/Runtime/Models/Components/PlayerIdComponent.cs
 0.1 kb	 0.0% Packages/com.unity.services.authentication/Runtime/Models/Components/AccessTokenComponent.cs
 0.1 kb	 0.0% Packages/com.unity.services.authentication/Runtime/Generated/PlayerNames/Api/PlayerNamesApi.cs
 0.1 kb	 0.0% Packages/com.unity.services.authentication/Player Accounts/Runtime/Utilities/Logger.cs
 0.1 kb	 0.0% Packages/com.unity.services.authentication/Player Accounts/Runtime/Models/IdToken.cs
 0.1 kb	 0.0% Packages/com.unity.services.authentication/Player Accounts/Runtime/Models/BaseJwt.cs
 0.1 kb	 0.0% Packages/com.unity.netcode.gameobjects/Runtime/Spawning/INetworkPrefabInstanceHandler.cs
 0.1 kb	 0.0% Packages/com.unity.netcode.gameobjects/Runtime/NetworkVariable/Serialization/CollectionSerializationUtility.cs
 0.1 kb	 0.0% Packages/com.unity.netcode.gameobjects/Runtime/Messaging/IDeferredNetworkMessageManager.cs
 0.1 kb	 0.0% Packages/com.unity.netcode.gameobjects/Runtime/Logging/LogContext/LogContextNetworkBehaviour.cs
 0.1 kb	 0.0% Packages/com.unity.netcode.gameobjects/Runtime/Exceptions/NetworkConfigurationException.cs
 0.1 kb	 0.0% Packages/com.unity.netcode.gameobjects/Runtime/Components/RigidbodyContactEventManager.cs
 0.1 kb	 0.0% Packages/com.unity.netcode.gameobjects/Runtime/Components/Interpolator/BufferedLinearInterpolatorFloat.cs
 0.1 kb	 0.0% Packages/com.unity.netcode.gameobjects/Runtime/Components/AnticipatedNetworkTransform.cs
 0.1 kb	 0.0% Packages/com.unity.inputsystem/InputSystem/Runtime/Utilities/Observables/ForDeviceEventObservable.cs
 0.1 kb	 0.0% Packages/com.unity.inputsystem/InputSystem/Runtime/Plugins/XR/Haptics/SendHapticImpulseCommand.cs
 0.1 kb	 0.0% Packages/com.unity.inputsystem/InputSystem/Runtime/Plugins/Android/AndroidSensors.cs
 0.1 kb	 0.0% Packages/com.unity.inputsystem/InputSystem/Runtime/Controls/Processors/StickDeadzoneProcessor.cs
 0.1 kb	 0.0% Packages/com.unity.inputsystem/InputSystem/Runtime/Controls/Processors/ScaleVector3Processor.cs
 0.1 kb	 0.0% Packages/com.unity.inputsystem/InputSystem/Runtime/Controls/Processors/ScaleVector2Processor.cs
 0.1 kb	 0.0% Packages/com.unity.inputsystem/InputSystem/Runtime/Controls/Processors/InvertVector3Processor.cs
 0.1 kb	 0.0% Packages/com.unity.inputsystem/InputSystem/Runtime/Controls/Processors/InvertVector2Processor.cs
 0.1 kb	 0.0% Packages/com.unity.inputsystem/InputSystem/Runtime/Controls/Processors/AxisDeadzoneProcessor.cs
 0.1 kb	 0.0% Packages/com.unity.inputsystem/InputSystem/Runtime/Actions/Composites/TwoModifiersComposite.cs
 0.1 kb	 0.0% Packages/com.unity.inputsystem/InputSystem/Runtime/Actions/Composites/ButtonWithTwoModifiers.cs
 0.1 kb	 0.0% Packages/com.unity.inputsystem/InputSystem/Runtime/Actions/Composites/ButtonWithOneModifier.cs
 0.1 kb	 0.0% Packages/com.unity.inputsystem/InputSystem/Editor/AssetEditor/NameAndParameterListView.cs
 0.1 kb	 0.0% Packages/com.unity.inputsystem/InputSystem/Editor/Actions/Interactions/SlowTapInteractionEditor.cs
 0.1 kb	 0.0% Packages/com.unity.inputsystem/InputSystem/Editor/Actions/Interactions/PressInteractionEditor.cs
 0.1 kb	 0.0% Packages/com.unity.inputsystem/InputSystem/Editor/Actions/Interactions/HoldInteractionEditor.cs
 0.1 kb	 0.0% Packages/com.unity.inputsystem/InputSystem/Editor/Actions/Composites/Vector3CompositeEditor.cs
 0.1 kb	 0.0% Packages/com.unity.inputsystem/InputSystem/Editor/Actions/Composites/Vector2CompositeEditor.cs
 0.1 kb	 0.0% Packages/com.unity.collections/Unity.Collections/UnsafeScratchAllocator.cs
 0.1 kb	 0.0% Packages/com.unity.collections/Unity.Collections/NativeParallelHashMapExtensions.cs
 0.1 kb	 0.0% Packages/com.unity.ugui/Runtime/TMP/TMP_SpriteAssetImportFormats.cs
 0.1 kb	 0.0% Packages/com.unity.transport/Runtime/TLS/UnityTLSCallbacks.cs
 0.1 kb	 0.0% Packages/com.unity.transport/Runtime/Relay/RelayConnectionData.cs
 0.1 kb	 0.0% Packages/com.unity.transport/Runtime/Relay/RelayAllocationId.cs
 0.1 kb	 0.0% Packages/com.unity.transport/Runtime/Relay/Messages/RelayMessageRelay.cs
 0.1 kb	 0.0% Packages/com.unity.transport/Runtime/Relay/Messages/RelayMessageHeader.cs
 0.1 kb	 0.0% Packages/com.unity.transport/Runtime/Relay/Messages/RelayMessageError.cs
 0.1 kb	 0.0% Packages/com.unity.transport/Runtime/Relay/Messages/RelayMessageAccepted.cs
 0.1 kb	 0.0% Packages/com.unity.transport/Runtime/LoggingParameters.cs
 0.1 kb	 0.0% Packages/com.unity.services.wire/Runtime/websocket-sharp/Server/WebSocketSessionManager.cs
 0.1 kb	 0.0% Packages/com.unity.services.wire/Runtime/websocket-sharp/Server/WebSocketServiceManager.cs
 0.1 kb	 0.0% Packages/com.unity.services.wire/Runtime/Centrifuge/ProtocolSchema/SubscribeResult.cs
 0.1 kb	 0.0% Packages/com.unity.services.wire/Runtime/Centrifuge/ProtocolSchema/SubscribeRequest.cs
 0.1 kb	 0.0% Packages/com.unity.services.wire/Runtime/Centrifuge/ProtocolSchema/ConnectResult.cs
 0.1 kb	 0.0% Packages/com.unity.services.wire/Runtime/Centrifuge/ProtocolSchema/ConnectRequest.cs
 0.1 kb	 0.0% Packages/com.unity.services.qos/Runtime/v2/ErrorMitigation/RetryPolicyConfig.cs
 0.1 kb	 0.0% Packages/com.unity.services.qos/Runtime/v2/Apis/QosDiscoveryApiRequests.cs
 0.1 kb	 0.0% Packages/com.unity.services.qos/Runtime/v2/Apis/QosDiscoveryApi.cs
 0.1 kb	 0.0% Packages/com.unity.services.multiplayer/Runtime/Relay/Scheduler/EngineStateHelper.cs
 0.1 kb	 0.0% Packages/com.unity.services.multiplayer/Runtime/Multiplayer/Components/SessionEvents.cs
 0.1 kb	 0.0% Packages/com.unity.services.multiplayer/Runtime/Multiplayer/Components/SessionConnector.cs
 0.1 kb	 0.0% Packages/com.unity.services.multiplayer/Runtime/Matchmaker/Models/TicketStatusResponse.cs
 0.1 kb	 0.0% Packages/com.unity.services.multiplayer/Runtime/Matchmaker/Models/MultiplayAssignment.cs
 0.1 kb	 0.0% Packages/com.unity.services.multiplayer/Runtime/Matchmaker/Models/MatchmakingResults.cs
 0.1 kb	 0.0% Packages/com.unity.services.multiplayer/Runtime/Matchmaker/Models/MatchIdAssignment.cs
 0.1 kb	 0.0% Packages/com.unity.services.multiplayer/Runtime/Matchmaker/Models/LegacyBackfillTicket.cs
 0.1 kb	 0.0% Packages/com.unity.services.multiplayer/Runtime/Matchmaker/Models/CreateTicketResponse.cs
 0.1 kb	 0.0% Packages/com.unity.services.multiplayer/Runtime/Matchmaker/Models/CreateTicketRequest.cs
 0.1 kb	 0.0% Packages/com.unity.services.multiplayer/Runtime/Matchmaker/Models/ConversionExtensions.cs
 0.1 kb	 0.0% Packages/com.unity.services.multiplayer/Runtime/Matchmaker/Models/ConnectionDetails.cs
 0.1 kb	 0.0% Packages/com.unity.services.multiplayer/Runtime/Matchmaker/Http/JsonObjectConverter.cs
 0.1 kb	 0.0% Packages/com.unity.services.multiplayer/Runtime/Matchmaker/Http/IsolatedJsonConvert.cs
 0.1 kb	 0.0% Packages/com.unity.services.multiplayer/Runtime/Matchmaker/Http/HttpClientResponse.cs
 0.1 kb	 0.0% Packages/com.unity.services.multiplayer/Runtime/Matchmaker/Apis/TicketsApi.cs
 0.1 kb	 0.0% Packages/com.unity.services.multiplayer/Runtime/Matchmaker/Apis/MatchesApi.cs
 0.1 kb	 0.0% Packages/com.unity.services.multiplayer/Runtime/Matchmaker/Apis/BackfillApi.cs
 0.1 kb	 0.0% Packages/com.unity.services.multiplayer/Runtime/Lobbies/Scheduler/EngineStateHelper.cs
 0.1 kb	 0.0% Packages/com.unity.services.multiplayer/Runtime/Lobbies/SDK/WrappedLobbyService.cs
 0.1 kb	 0.0% Packages/com.unity.services.multiplayer/Runtime/Lobbies/SDK/QuickJoinLobbyOptions.cs
 0.1 kb	 0.0% Packages/com.unity.services.multiplayer/Runtime/Lobbies/SDK/LobbyMigrationData/LobbyMigrationData.cs
 0.1 kb	 0.0% Packages/com.unity.services.multiplayer/Runtime/Lobbies/SDK/JoinLobbyByCodeOptions.cs
 0.1 kb	 0.0% Packages/com.unity.services.multiplayer/Runtime/Lobbies/SDK/Exceptions/LobbyServiceException.cs
 0.1 kb	 0.0% Packages/com.unity.services.multiplayer/Runtime/Lobbies/Models/PlayerUpdateRequest.cs
 0.1 kb	 0.0% Packages/com.unity.services.multiplayer/Runtime/Lobbies/Models/MigrationDataInfo.cs
 0.1 kb	 0.0% Packages/com.unity.services.multiplayer/Runtime/Lobbies/Models/JoinByCodeRequest.cs
 0.1 kb	 0.0% Packages/com.unity.services.multiplayer/Runtime/Lobbies/Models/BulkUpdateRequest.cs
 0.1 kb	 0.0% Packages/com.unity.services.multiplayer/Runtime/Lobbies/ErrorMitigation/RetryPolicy.cs
 0.1 kb	 0.0% Packages/com.unity.services.multiplayer/Runtime/Lobbies/ErrorMitigation/IRetryPolicy.cs
 0.1 kb	 0.0% Packages/com.unity.services.multiplayer/Runtime/DistributedAuthority/Scheduler/ThreadHelper.cs
 0.1 kb	 0.0% Packages/com.unity.services.multiplayer/Runtime/DistributedAuthority/SDK/Exceptions/ApiErrorsExtenders.cs
 0.1 kb	 0.0% Packages/com.unity.services.multiplayer/Runtime/DistributedAuthority/Http/ResponseHandler.cs
 0.1 kb	 0.0% Packages/com.unity.services.multiplayer/Runtime/DistributedAuthority/Http/IDeserializable.cs
 0.1 kb	 0.0% Packages/com.unity.services.multiplayer/Runtime/DistributedAuthority/Http/HttpException.cs
 0.1 kb	 0.0% Packages/com.unity.services.multiplayer/Runtime/DistributedAuthority/Http/BaseApiClient.cs
 0.1 kb	 0.0% Packages/com.unity.services.core/Runtime/Core.Internal/Components/Telemetry/IMetricsFactory.cs
 0.1 kb	 0.0% Packages/com.unity.services.core/Runtime/Core.Internal/Components/Scheduler/IActionScheduler.cs
 0.1 kb	 0.0% Packages/com.unity.services.core/Runtime/Core.Internal/Components/Authentication/IEnvironmentId.cs
 0.1 kb	 0.0% Packages/com.unity.services.core/Runtime/Core.Internal/Components/Analytics/IAnalyticsUserId.cs
 0.1 kb	 0.0% Packages/com.unity.services.authentication/Runtime/Generated/Shared/ApiConfiguration.cs
 0.1 kb	 0.0% Packages/com.unity.services.authentication/Runtime/Core/UnityServicesExtensions.cs
 0.1 kb	 0.0% Packages/com.unity.services.authentication/Runtime/Compatibility/Utilities.cs
 0.1 kb	 0.0% Packages/com.unity.netcode.gameobjects/Runtime/Transports/UTP/NetworkMetricsContext.cs
 0.1 kb	 0.0% Packages/com.unity.inputsystem/InputSystem/Runtime/State/IInputStateChangeMonitor.cs
 0.1 kb	 0.0% Packages/com.unity.inputsystem/InputSystem/Runtime/Plugins/iOS/IOSGameController.cs
 0.1 kb	 0.0% Packages/com.unity.inputsystem/InputSystem/Runtime/Plugins/XInput/XInputControllerWindows.cs
 0.1 kb	 0.0% Packages/com.unity.inputsystem/InputSystem/Runtime/Plugins/Users/InputUserAccountHandle.cs
 0.1 kb	 0.0% Packages/com.unity.inputsystem/InputSystem/Runtime/Plugins/Switch/SwitchProControllerHID.cs
 0.1 kb	 0.0% Packages/com.unity.inputsystem/InputSystem/Runtime/Plugins/OSX/OSXGameController.cs
 0.1 kb	 0.0% Packages/com.unity.inputsystem/InputSystem/Runtime/Plugins/EnhancedTouch/EnhancedTouchSupport.cs
 0.1 kb	 0.0% Packages/com.unity.inputsystem/InputSystem/Runtime/InputManagerStateMonitors.cs
 0.1 kb	 0.0% Packages/com.unity.inputsystem/InputSystem/Runtime/Events/DeviceConfigurationEvent.cs
 0.1 kb	 0.0% Packages/com.unity.inputsystem/InputSystem/Runtime/Devices/Remote/RemoteInputPlayerConnection.cs
 0.1 kb	 0.0% Packages/com.unity.inputsystem/InputSystem/Runtime/Devices/InputDeviceDescription.cs
 0.1 kb	 0.0% Packages/com.unity.inputsystem/InputSystem/Runtime/Devices/Haptics/DualMotorRumbleCommand.cs
 0.1 kb	 0.0% Packages/com.unity.inputsystem/InputSystem/Runtime/Devices/Commands/WarpMousePositionCommand.cs
 0.1 kb	 0.0% Packages/com.unity.inputsystem/InputSystem/Runtime/Devices/Commands/QueryEnabledStateCommand.cs
 0.1 kb	 0.0% Packages/com.unity.inputsystem/InputSystem/Runtime/Devices/Commands/QueryDimensionsCommand.cs
 0.1 kb	 0.0% Packages/com.unity.inputsystem/InputSystem/Runtime/Devices/Commands/QueryCanRunInBackground.cs
 0.1 kb	 0.0% Packages/com.unity.inputsystem/InputSystem/Runtime/Devices/Commands/IInputDeviceCommandInfo.cs
 0.1 kb	 0.0% Packages/com.unity.inputsystem/InputSystem/Runtime/Controls/InputControlAttribute.cs
 0.1 kb	 0.0% Packages/com.unity.inputsystem/InputSystem/Runtime/Controls/DiscreteButtonControl.cs
 0.1 kb	 0.0% Packages/com.unity.inputsystem/InputSystem/Runtime/Actions/InputBindingCompositeContext.cs
 0.1 kb	 0.0% Packages/com.unity.inputsystem/InputSystem/Runtime/Actions/InputActionSetupExtensions.cs
 0.1 kb	 0.0% Packages/com.unity.inputsystem/InputSystem/Runtime/Actions/InputActionParameters.cs
 0.1 kb	 0.0% Packages/com.unity.inputsystem/InputSystem/Editor/UITKAssetEditor/Views/VisualElementExtensions.cs
 0.1 kb	 0.0% Packages/com.unity.inputsystem/InputSystem/Editor/UITKAssetEditor/Views/InputActionsTreeViewItem.cs
 0.1 kb	 0.0% Packages/com.unity.inputsystem/InputSystem/Editor/UITKAssetEditor/Views/InputActionsEditorView.cs
 0.1 kb	 0.0% Packages/com.unity.inputsystem/InputSystem/Editor/UITKAssetEditor/Views/BindingPropertiesView.cs
 0.1 kb	 0.0% Packages/com.unity.inputsystem/InputSystem/Editor/UITKAssetEditor/SerializedInputBinding.cs
 0.1 kb	 0.0% Packages/com.unity.inputsystem/InputSystem/Editor/UITKAssetEditor/SerializedInputActionMap.cs
 0.1 kb	 0.0% Packages/com.unity.inputsystem/InputSystem/Editor/UITKAssetEditor/SerializedInputAction.cs
 0.1 kb	 0.0% Packages/com.unity.inputsystem/InputSystem/Editor/UITKAssetEditor/InputActionsEditorWindow.cs
 0.1 kb	 0.0% Packages/com.unity.inputsystem/InputSystem/Editor/UITKAssetEditor/InputActionsEditorState.cs
 0.1 kb	 0.0% Packages/com.unity.inputsystem/InputSystem/Editor/UITKAssetEditor/Commands/ControlSchemeCommands.cs
 0.1 kb	 0.0% Packages/com.unity.inputsystem/InputSystem/Editor/Settings/InputSettingsProvider.cs
 0.1 kb	 0.0% Packages/com.unity.inputsystem/InputSystem/Editor/PropertyDrawers/InputControlPathDrawer.cs
 0.1 kb	 0.0% Packages/com.unity.inputsystem/InputSystem/Editor/PropertyDrawers/InputActionDrawerBase.cs
 0.1 kb	 0.0% Packages/com.unity.inputsystem/InputSystem/Editor/PropertyDrawers/InputActionAssetDrawer.cs
 0.1 kb	 0.0% Packages/com.unity.inputsystem/InputSystem/Editor/ProjectWideActions/ProjectWideActionsAsset.cs
 0.1 kb	 0.0% Packages/com.unity.inputsystem/InputSystem/Editor/Plugins/PlayerInput/PlayerInputManagerEditor.cs
 0.1 kb	 0.0% Packages/com.unity.inputsystem/InputSystem/Editor/Plugins/EnhancedTouch/TouchSimulationEditor.cs
 0.1 kb	 0.0% Packages/com.unity.inputsystem/InputSystem/Editor/Internal/AdvancedDropdown/AdvancedDropdownWindow.cs
 0.1 kb	 0.0% Packages/com.unity.inputsystem/InputSystem/Editor/Internal/AdvancedDropdown/AdvancedDropdownState.cs
 0.1 kb	 0.0% Packages/com.unity.inputsystem/InputSystem/Editor/InputSystemPluginControl.cs
 0.1 kb	 0.0% Packages/com.unity.inputsystem/InputSystem/Editor/InputLayoutCodeGenerator.cs
 0.1 kb	 0.0% Packages/com.unity.inputsystem/InputSystem/Editor/InputAssetEditorUtils.cs
 0.1 kb	 0.0% Packages/com.unity.inputsystem/InputSystem/Editor/Debugger/InputLatencyCalculator.cs
 0.1 kb	 0.0% Packages/com.unity.inputsystem/InputSystem/Editor/ControlPicker/InputControlPickerState.cs
 0.1 kb	 0.0% Packages/com.unity.inputsystem/InputSystem/Editor/ControlPicker/InputControlPathEditor.cs
 0.1 kb	 0.0% Packages/com.unity.inputsystem/InputSystem/Editor/ControlPicker/InputControlDropdownItem.cs
 0.1 kb	 0.0% Packages/com.unity.inputsystem/InputSystem/Editor/AssetImporter/InputActionCodeGenerator.cs
 0.1 kb	 0.0% Packages/com.unity.inputsystem/InputSystem/Editor/AssetImporter/InputActionAssetEditor.cs
 0.1 kb	 0.0% Packages/com.unity.inputsystem/InputSystem/Editor/AssetImporter/IInputActionAssetEditor.cs
 0.1 kb	 0.0% Packages/com.unity.inputsystem/InputSystem/Editor/AssetEditor/InputActionAssetManager.cs
 0.1 kb	 0.0% Packages/com.unity.inputsystem/InputSystem/Actions/InputActionStateMonitorIndex.cs
 0.1 kb	 0.0% Packages/com.unity.collections/Unity.Collections/UnsafeAtomicCounter.cs
 0.1 kb	 0.0% Packages/com.unity.ugui/Runtime/UGUI/UI/Core/Layout/HorizontalOrVerticalLayoutGroup.cs
 0.1 kb	 0.0% Packages/com.unity.transport/Runtime/Utilities/ManagedCallWrapper.cs
 0.1 kb	 0.0% Packages/com.unity.transport/Runtime/UDPNetworkInterface.cs
 0.1 kb	 0.0% Packages/com.unity.transport/Runtime/TCPNetworkInterface.cs
 0.1 kb	 0.0% Packages/com.unity.transport/Runtime/Pipelines/SimulatorUtility.cs
 0.1 kb	 0.0% Packages/com.unity.transport/Runtime/Pipelines/ReliableUtility.cs
 0.1 kb	 0.0% Packages/com.unity.transport/Runtime/Pipelines/ReliableAckMask.cs
 0.1 kb	 0.0% Packages/com.unity.transport/Runtime/Pipelines/NullPipelineStage.cs
 0.1 kb	 0.0% Packages/com.unity.transport/Runtime/NetworkLayerWrapper.cs
 0.1 kb	 0.0% Packages/com.unity.transport/Runtime/NetworkEventQueue.cs
 0.1 kb	 0.0% Packages/com.unity.transport/Runtime/NetworkDriverSender.cs
 0.1 kb	 0.0% Packages/com.unity.transport/Runtime/NetworkConnection.cs
 0.1 kb	 0.0% Packages/com.unity.transport/Runtime/MultiNetworkDriver.cs
 0.1 kb	 0.0% Packages/com.unity.transport/Runtime/IPCNetworkInterface.cs
 0.1 kb	 0.0% Packages/com.unity.transport/Runtime/INetworkInterface.cs
 0.1 kb	 0.0% Packages/com.unity.transport/Runtime/HostnameLookupTask.cs
 0.1 kb	 0.0% Packages/com.unity.transport/Runtime/Analytics/DriverStatistics.cs
 0.1 kb	 0.0% Packages/com.unity.services.wire/Runtime/websocket-sharp/Server/WebSocketServiceHost`1.cs
 0.1 kb	 0.0% Packages/com.unity.services.wire/Runtime/websocket-sharp/Net/ServerSslConfiguration.cs
 0.1 kb	 0.0% Packages/com.unity.services.wire/Runtime/websocket-sharp/Net/QueryStringCollection.cs
 0.1 kb	 0.0% Packages/com.unity.services.wire/Runtime/websocket-sharp/Net/HttpStreamAsyncResult.cs
 0.1 kb	 0.0% Packages/com.unity.services.wire/Runtime/websocket-sharp/Net/HttpListenerException.cs
 0.1 kb	 0.0% Packages/com.unity.services.wire/Runtime/websocket-sharp/Net/HttpListenerAsyncResult.cs
 0.1 kb	 0.0% Packages/com.unity.services.wire/Runtime/websocket-sharp/Net/ClientSslConfiguration.cs
 0.1 kb	 0.0% Packages/com.unity.services.wire/Runtime/websocket-sharp/Net/AuthenticationResponse.cs
 0.1 kb	 0.0% Packages/com.unity.services.wire/Runtime/websocket-sharp/Net/AuthenticationChallenge.cs
 0.1 kb	 0.0% Packages/com.unity.services.wire/Runtime/WireServiceProvider.cs
 0.1 kb	 0.0% Packages/com.unity.services.wire/Runtime/Utils/MaskedTokenConverter.cs
 0.1 kb	 0.0% Packages/com.unity.services.wire/Runtime/IWebsocketFactory.cs
 0.1 kb	 0.0% Packages/com.unity.services.wire/Runtime/Centrifuge/BatchMessagesUtil.cs
 0.1 kb	 0.0% Packages/com.unity.services.qos/Runtime/v2/Models/QosServersResponseBody.cs
 0.1 kb	 0.0% Packages/com.unity.services.qos/Runtime/v2/Http/UnityWebRequestHelpers.cs
 0.1 kb	 0.0% Packages/com.unity.services.qos/Runtime/v2/Http/DeserializationSettings.cs
 0.1 kb	 0.0% Packages/com.unity.services.qos/Runtime/v2/Http/DeserializationException.cs
 0.1 kb	 0.0% Packages/com.unity.services.qos/Runtime/Models/QosServiceServersList.cs
 0.1 kb	 0.0% Packages/com.unity.services.qos/Runtime/Models/QosServersResponseBody.cs
 0.1 kb	 0.0% Packages/com.unity.services.qos/Runtime/ErrorMitigation/RetryPolicyConfig.cs
 0.1 kb	 0.0% Packages/com.unity.services.qos/Runtime/Apis/QosDiscoveryApiRequests.cs
 0.1 kb	 0.0% Packages/com.unity.services.qos/Runtime/Apis/QosDiscoveryApi.cs
 0.1 kb	 0.0% Packages/com.unity.services.multiplayer/Runtime/UnityServicesExtensions.cs
 0.1 kb	 0.0% Packages/com.unity.services.multiplayer/Runtime/Relay/SDK/Exceptions/RelayServiceException.cs
 0.1 kb	 0.0% Packages/com.unity.services.multiplayer/Runtime/Relay/Models/RelayServerEndpoint.cs
 0.1 kb	 0.0% Packages/com.unity.services.multiplayer/Runtime/Relay/Models/RegionsResponseBody.cs
 0.1 kb	 0.0% Packages/com.unity.services.multiplayer/Runtime/Relay/Models/JoinCodeResponseBody.cs
 0.1 kb	 0.0% Packages/com.unity.services.multiplayer/Runtime/Relay/Models/JoinAllocationAllOf.cs
 0.1 kb	 0.0% Packages/com.unity.services.multiplayer/Runtime/Relay/Models/ErrorResponseBody.cs
 0.1 kb	 0.0% Packages/com.unity.services.multiplayer/Runtime/Relay/Models/AllocationRequest.cs
 0.1 kb	 0.0% Packages/com.unity.services.multiplayer/Runtime/Relay/Models/AllocateResponseBody.cs
 0.1 kb	 0.0% Packages/com.unity.services.multiplayer/Runtime/Relay/Http/JsonObjectConverter.cs
 0.1 kb	 0.0% Packages/com.unity.services.multiplayer/Runtime/Relay/Http/HttpClientResponse.cs
 0.1 kb	 0.0% Packages/com.unity.services.multiplayer/Runtime/Relay/ErrorMitigation/RetryPolicy.cs
 0.1 kb	 0.0% Packages/com.unity.services.multiplayer/Runtime/Relay/ErrorMitigation/IRetryPolicy.cs
 0.1 kb	 0.0% Packages/com.unity.services.multiplayer/Runtime/Multiplayer/Utils/UserAgentProvider.cs
 0.1 kb	 0.0% Packages/com.unity.services.multiplayer/Runtime/Multiplayer/Utils/JWT/ServerAccessToken.cs
 0.1 kb	 0.0% Packages/com.unity.services.multiplayer/Runtime/Multiplayer/Utils/IUserAgentProvider.cs
 0.1 kb	 0.0% Packages/com.unity.services.multiplayer/Runtime/Multiplayer/SessionBrowser/QuerySessionsResults.cs
 0.1 kb	 0.0% Packages/com.unity.services.multiplayer/Runtime/Multiplayer/SessionBrowser/QuerySessionsOptions.cs
 0.1 kb	 0.0% Packages/com.unity.services.multiplayer/Runtime/Multiplayer/Session/Options/JoinSessionOptions.cs
 0.1 kb	 0.0% Packages/com.unity.services.multiplayer/Runtime/Multiplayer/Session/Options/BaseSessionOptions.cs
 0.1 kb	 0.0% Packages/com.unity.services.multiplayer/Runtime/Multiplayer/Session/Options/AddingSessionOptions.cs
 0.1 kb	 0.0% Packages/com.unity.services.multiplayer/Runtime/Multiplayer/Session/Models/Migration/SessionMigrationData.cs
 0.1 kb	 0.0% Packages/com.unity.services.multiplayer/Runtime/Multiplayer/Session/Models/IVisibilityProperty.cs
 0.1 kb	 0.0% Packages/com.unity.services.multiplayer/Runtime/Multiplayer/Session/Migration/HostMigrationOption.cs
 0.1 kb	 0.0% Packages/com.unity.services.multiplayer/Runtime/Multiplayer/Session/Migration/HostMigrationHandler.cs
 0.1 kb	 0.0% Packages/com.unity.services.multiplayer/Runtime/Multiplayer/MultiplayerService.cs
 0.1 kb	 0.0% Packages/com.unity.services.multiplayer/Runtime/Multiplayer/Modules/Network/Models/RelayNetworkOptions.cs
 0.1 kb	 0.0% Packages/com.unity.services.multiplayer/Runtime/Multiplayer/Modules/Network/Models/NetworkInfoOption.cs
 0.1 kb	 0.0% Packages/com.unity.services.multiplayer/Runtime/Multiplayer/Modules/Network/Models/NetworkHandlerOption.cs
 0.1 kb	 0.0% Packages/com.unity.services.multiplayer/Runtime/Multiplayer/Modules/Network/Models/NetworkConfiguration.cs
 0.1 kb	 0.0% Packages/com.unity.services.multiplayer/Runtime/Multiplayer/Modules/Network/Models/DirectNetworkOptions.cs
 0.1 kb	 0.0% Packages/com.unity.services.multiplayer/Runtime/Multiplayer/Modules/Network/IHostSessionNetwork.cs
 0.1 kb	 0.0% Packages/com.unity.services.multiplayer/Runtime/Multiplayer/Modules/Matchmaker/MatchmakerProvider.cs
 0.1 kb	 0.0% Packages/com.unity.services.multiplayer/Runtime/Multiplayer/Modules/Matchmaker/MatchmakerExtensions.cs
 0.1 kb	 0.0% Packages/com.unity.services.multiplayer/Runtime/Multiplayer/Matchmaking/MatchmakerQueueAsset.cs
 0.1 kb	 0.0% Packages/com.unity.services.multiplayer/Runtime/Multiplayer/Matchmaking/MatchmakerOptions.cs
 0.1 kb	 0.0% Packages/com.unity.services.multiplayer/Runtime/Multiplayer/Matchmaking/MatchmakerManager.cs
 0.1 kb	 0.0% Packages/com.unity.services.multiplayer/Runtime/Matchmaker/SDK/MatchmakerService.cs
 0.1 kb	 0.0% Packages/com.unity.services.multiplayer/Runtime/Matchmaker/SDK/IMatchmakerService.cs
 0.1 kb	 0.0% Packages/com.unity.services.multiplayer/Runtime/Matchmaker/SDK/CreateTicketOptions.cs
 0.1 kb	 0.0% Packages/com.unity.services.multiplayer/Runtime/Matchmaker/Overrides/IABRemoteConfig.cs
 0.1 kb	 0.0% Packages/com.unity.services.multiplayer/Runtime/Matchmaker/Overrides/ABRemoteConfig.cs
 0.1 kb	 0.0% Packages/com.unity.services.multiplayer/Runtime/Matchmaker/MatchmakerServiceSdk.cs
 0.1 kb	 0.0% Packages/com.unity.services.multiplayer/Runtime/Lobbies/SDK/ApiTelemetryScope.cs
 0.1 kb	 0.0% Packages/com.unity.services.multiplayer/Runtime/Lobbies/Http/JsonObjectConverter.cs
 0.1 kb	 0.0% Packages/com.unity.services.multiplayer/Runtime/Lobbies/Http/IsolatedJsonConvert.cs
 0.1 kb	 0.0% Packages/com.unity.services.multiplayer/Runtime/Lobbies/Http/HttpClientResponse.cs
 0.1 kb	 0.0% Packages/com.unity.services.multiplayer/Runtime/Lobbies/Apis/LobbyApiNames.cs
 0.1 kb	 0.0% Packages/com.unity.services.multiplayer/Runtime/DistributedAuthority/SDK/DefaultClock.cs
 0.1 kb	 0.0% Packages/com.unity.services.multiplayer/Runtime/DistributedAuthority/SDK/ConnectPayload.cs
 0.1 kb	 0.0% Packages/com.unity.services.multiplayer/Runtime/DistributedAuthority/Models/ErrorDetail.cs
 0.1 kb	 0.0% Packages/com.unity.services.multiplayer/Runtime/DistributedAuthority/Http/AsyncOpRetry.cs
 0.1 kb	 0.0% Packages/com.unity.services.multiplayer/Runtime/DistributedAuthority/Configuration/Configuration.cs
 0.1 kb	 0.0% Packages/com.unity.services.core/Runtime/Telemetry/Diagnotstics/Diagnostics.cs
 0.1 kb	 0.0% Packages/com.unity.services.core/Runtime/Device/UserIdProviders/UnityAdsIdentifier.cs
 0.1 kb	 0.0% Packages/com.unity.services.core/Runtime/Device/EngineInstallationId.cs
 0.1 kb	 0.0% Packages/com.unity.services.core/Runtime/Core/Initialization/ServicesCreationException.cs
 0.1 kb	 0.0% Packages/com.unity.services.core/Runtime/Core.Internal/Utils/UnityWebRequestUtils.cs
 0.1 kb	 0.0% Packages/com.unity.services.core/Runtime/Core.Internal/Utils/DictionaryExtensions.cs
 0.1 kb	 0.0% Packages/com.unity.services.core/Runtime/Core.Internal/Registry/IServiceComponent.cs
 0.1 kb	 0.0% Packages/com.unity.services.core/Runtime/Core.Internal/Registry/CorePackageRegistry.cs
 0.1 kb	 0.0% Packages/com.unity.services.core/Runtime/Core.Internal/Registry/ComponentRegistry/IComponentRegistry.cs
 0.1 kb	 0.0% Packages/com.unity.services.core/Runtime/Core.Internal/Registry/ComponentRegistry/ComponentRegistry.cs
 0.1 kb	 0.0% Packages/com.unity.services.core/Runtime/Core.Internal/CoreInternalResetter.cs
 0.1 kb	 0.0% Packages/com.unity.services.core/Runtime/Core.Internal/Components/Device/IInstallationId.cs
 0.1 kb	 0.0% Packages/com.unity.services.core/Runtime/Core.Internal/Attributes/VisibilityAttribute.cs
 0.1 kb	 0.0% Packages/com.unity.services.core/Runtime/Core.Internal/AsyncOperation/TaskAsyncOperation.cs
 0.1 kb	 0.0% Packages/com.unity.services.core/Runtime/Core.Internal/AsyncOperation/AsyncOperationBase.cs
 0.1 kb	 0.0% Packages/com.unity.services.authentication/Runtime/Utilities/IdProviderKeys.cs
 0.1 kb	 0.0% Packages/com.unity.services.authentication/Runtime/Network/NetworkHandler.cs
 0.1 kb	 0.0% Packages/com.unity.services.authentication/Runtime/Network/INetworkHandler.cs
 0.1 kb	 0.0% Packages/com.unity.services.authentication/Runtime/Network/HttpUtilities.cs
 0.1 kb	 0.0% Packages/com.unity.services.authentication/Runtime/Models/SignInOptions.cs
 0.1 kb	 0.0% Packages/com.unity.services.authentication/Runtime/Models/SignInCodeInfo.cs
 0.1 kb	 0.0% Packages/com.unity.services.authentication/Runtime/Models/Responses/UnlinkResponse.cs
 0.1 kb	 0.0% Packages/com.unity.services.authentication/Runtime/Models/Responses/SignInResponse.cs
 0.1 kb	 0.0% Packages/com.unity.services.authentication/Runtime/Models/Responses/ExternalIdentity.cs
 0.1 kb	 0.0% Packages/com.unity.services.authentication/Runtime/Models/Requests/UnlinkRequest.cs
 0.1 kb	 0.0% Packages/com.unity.services.authentication/Runtime/Models/Components/Profile/ProfileEventArgs.cs
 0.1 kb	 0.0% Packages/com.unity.services.authentication/Runtime/Models/Components/Profile/ProfileComponent.cs
 0.1 kb	 0.0% Packages/com.unity.services.authentication/Runtime/Models/Components/IPlayerName.cs
 0.1 kb	 0.0% Packages/com.unity.services.authentication/Runtime/Generated/PlayerNames/Model/ErrorStatus.cs
 0.1 kb	 0.0% Packages/com.unity.services.authentication/Runtime/Core/ICoreRegistry.cs
 0.1 kb	 0.0% Packages/com.unity.netcode.gameobjects/Runtime/Serialization/NetworkBehaviourReference.cs
 0.1 kb	 0.0% Packages/com.unity.netcode.gameobjects/Runtime/Serialization/INetworkSerializeByMemcpy.cs
 0.1 kb	 0.0% Packages/com.unity.netcode.gameobjects/Runtime/SceneManagement/DefaultSceneManagerHandler.cs
 0.1 kb	 0.0% Packages/com.unity.netcode.gameobjects/Runtime/Messaging/Messages/NetworkVariableDeltaMessage.cs
 0.1 kb	 0.0% Packages/com.unity.netcode.gameobjects/Runtime/Messaging/Messages/ConnectionApprovedMessage.cs
 0.1 kb	 0.0% Packages/com.unity.netcode.gameobjects/Runtime/Messaging/Messages/ClientDisconnectedMessage.cs
 0.1 kb	 0.0% Packages/com.unity.netcode.gameobjects/Runtime/Logging/LogContext/LogContextNetworkObject.cs
 0.1 kb	 0.0% Packages/com.unity.netcode.gameobjects/Runtime/Logging/LogContext/LogContextNetworkManager.cs
 0.1 kb	 0.0% Packages/com.unity.netcode.gameobjects/Runtime/Exceptions/VisibilityChangeException.cs
 0.1 kb	 0.0% Packages/com.unity.inputsystem/InputSystem/Runtime/Utilities/NameAndParameters.cs
 0.1 kb	 0.0% Packages/com.unity.inputsystem/InputSystem/Runtime/Utilities/CSharpCodeHelpers.cs
 0.1 kb	 0.0% Packages/com.unity.inputsystem/InputSystem/Runtime/Plugins/UI/TrackedDeviceRaycaster.cs
 0.1 kb	 0.0% Packages/com.unity.inputsystem/InputSystem/Runtime/Plugins/UI/MultiplayerEventSystem.cs
 0.1 kb	 0.0% Packages/com.unity.inputsystem/InputSystem/Runtime/Plugins/UI/InputSystemUIInputModule.cs
 0.1 kb	 0.0% Packages/com.unity.inputsystem/InputSystem/Runtime/Plugins/UI/ExtendedPointerEventData.cs
 0.1 kb	 0.0% Packages/com.unity.inputsystem/InputSystem/Runtime/Plugins/UI/ExtendedAxisEventData.cs
 0.1 kb	 0.0% Packages/com.unity.inputsystem/InputSystem/Runtime/Plugins/DualShock/IDualShockHaptics.cs
 0.1 kb	 0.0% Packages/com.unity.inputsystem/InputSystem/Runtime/Controls/Processors/NormalizeProcessor.cs
 0.1 kb	 0.0% Packages/com.unity.inputsystem/InputSystem/Runtime/Actions/Interactions/SlowTapInteraction.cs
 0.1 kb	 0.0% Packages/com.unity.inputsystem/InputSystem/Runtime/Actions/Interactions/MultiTapInteraction.cs
 0.1 kb	 0.0% Packages/com.unity.inputsystem/InputSystem/Runtime/Actions/Composites/OneModifierComposite.cs
 0.1 kb	 0.0% Packages/com.unity.inputsystem/InputSystem/Editor/Utilities/DirtyAssetTracker.cs
 0.1 kb	 0.0% Packages/com.unity.inputsystem/InputSystem/Editor/Plugins/HID/HIDDescriptorWindow.cs
 0.1 kb	 0.0% Packages/com.unity.inputsystem/InputSystem/Editor/AssetEditor/ParameterListView.cs
 0.1 kb	 0.0% Packages/com.unity.inputsystem/InputSystem/Editor/AssetEditor/InputActionTreeViewItems.cs
 0.1 kb	 0.0% Packages/com.unity.inputsystem/InputSystem/Editor/Actions/Interactions/TapInteractionEditor.cs
 0.1 kb	 0.0% Packages/com.unity.inputsystem/InputSystem/Editor/Actions/Composites/AxisCompositeEditor.cs
 0.1 kb	 0.0% Packages/com.unity.collections/Unity.Collections/UnsafeUtilityEx.cs
 0.1 kb	 0.0% Packages/com.unity.collections/Unity.Collections/UnsafeAppendBuffer.cs
 0.1 kb	 0.0% Packages/com.unity.collections/Unity.Collections/NativeParallelHashSetExtensions.gen.cs
 0.1 kb	 0.0% Packages/com.unity.collections/Unity.Collections/Jobs/RegisterGenericJobTypeAttribute.cs
 0.1 kb	 0.0% Packages/com.unity.collections/Unity.Collections/DoubleRewindableAllocators.cs
 0.1 kb	 0.0% Packages/com.unity.collections/Unity.Collections/DataStreamExtensions.cs
 0.1 kb	 0.0% Packages/com.unity.ugui/Runtime/TMP/TMP_DynamicFontAssetUtilities.cs
 0.1 kb	 0.0% Packages/com.unity.transport/Runtime/TLS/FixedPEMString.cs
 0.1 kb	 0.0% Packages/com.unity.transport/Runtime/TLS/DTLSUtilities.cs
 0.1 kb	 0.0% Packages/com.unity.transport/Runtime/Relay/RelayServerData.cs
 0.1 kb	 0.0% Packages/com.unity.transport/Runtime/Relay/Messages/RelayMessagePing.cs
 0.1 kb	 0.0% Packages/com.unity.transport/Runtime/Relay/Messages/RelayMessageBind.cs
 0.1 kb	 0.0% Packages/com.unity.transport/Runtime/NetworkParams.cs
 0.1 kb	 0.0% Packages/com.unity.services.wire/Runtime/websocket-sharp/Server/WebSocketServiceHost.cs
 0.1 kb	 0.0% Packages/com.unity.services.wire/Runtime/websocket-sharp/Server/WebSocketBehavior.cs
 0.1 kb	 0.0% Packages/com.unity.services.wire/Runtime/websocket-sharp/Server/IWebSocketSession.cs
 0.1 kb	 0.0% Packages/com.unity.services.wire/Runtime/websocket-sharp/Server/HttpRequestEventArgs.cs
 0.1 kb	 0.0% Packages/com.unity.services.wire/Runtime/websocket-sharp/Net/WebSockets/WebSocketContext.cs
 0.1 kb	 0.0% Packages/com.unity.services.wire/Runtime/Centrifuge/ProtocolSchema/Unsubscribe.cs
 0.1 kb	 0.0% Packages/com.unity.services.wire/Runtime/Centrifuge/ProtocolSchema/Publication.cs
 0.1 kb	 0.0% Packages/com.unity.services.wire/Runtime/Centrifuge/ProtocolSchema/PingResult.cs
 0.1 kb	 0.0% Packages/com.unity.services.wire/Runtime/Centrifuge/ProtocolSchema/PingRequest.cs
 0.1 kb	 0.0% Packages/com.unity.services.wire/Runtime/Centrifuge/ProtocolSchema/CommandID.cs
 0.1 kb	 0.0% Packages/com.unity.services.wire/Runtime/Centrifuge/ProtocolSchema/ClientInfo.cs
 0.1 kb	 0.0% Packages/com.unity.services.qos/Runtime/v2/Scheduler/EngineStateHelper.cs
 0.1 kb	 0.0% Packages/com.unity.services.qos/Runtime/v2/ErrorMitigation/RetryPolicy.cs
 0.1 kb	 0.0% Packages/com.unity.services.qos/Runtime/v2/ErrorMitigation/IRetryPolicy.cs
 0.1 kb	 0.0% Packages/com.unity.services.qos/Runtime/Http/UnityWebRequestHelpers.cs
 0.1 kb	 0.0% Packages/com.unity.services.qos/Runtime/Http/DeserializationSettings.cs
 0.1 kb	 0.0% Packages/com.unity.services.qos/Runtime/Http/DeserializationException.cs
 0.1 kb	 0.0% Packages/com.unity.services.multiplayer/Runtime/Multiplayer/Components/RelayOptions.cs
 0.1 kb	 0.0% Packages/com.unity.services.multiplayer/Runtime/Multiplayer/Components/JoinOptions.cs
 0.1 kb	 0.0% Packages/com.unity.services.multiplayer/Runtime/Matchmaker/SDK/BackfillTicket.cs
 0.1 kb	 0.0% Packages/com.unity.services.multiplayer/Runtime/Matchmaker/Models/ProblemDetails.cs
 0.1 kb	 0.0% Packages/com.unity.services.multiplayer/Runtime/Matchmaker/Models/NoneAssignment.cs
 0.1 kb	 0.0% Packages/com.unity.services.multiplayer/Runtime/Matchmaker/Models/MatchProperties.cs
 0.1 kb	 0.0% Packages/com.unity.services.multiplayer/Runtime/Matchmaker/Models/IpPortAssignment.cs
 0.1 kb	 0.0% Packages/com.unity.services.multiplayer/Runtime/Matchmaker/Models/CustomAssignment.cs
 0.1 kb	 0.0% Packages/com.unity.services.multiplayer/Runtime/Matchmaker/Models/AbTestingResult.cs
 0.1 kb	 0.0% Packages/com.unity.services.multiplayer/Runtime/Matchmaker/Http/ResponseHandler.cs
 0.1 kb	 0.0% Packages/com.unity.services.multiplayer/Runtime/Matchmaker/Http/IDeserializable.cs
 0.1 kb	 0.0% Packages/com.unity.services.multiplayer/Runtime/Matchmaker/Http/HttpException.cs
 0.1 kb	 0.0% Packages/com.unity.services.multiplayer/Runtime/Matchmaker/Http/BaseApiClient.cs
 0.1 kb	 0.0% Packages/com.unity.services.multiplayer/Runtime/Lobbies/SDK/UpdatePlayerOptions.cs
 0.1 kb	 0.0% Packages/com.unity.services.multiplayer/Runtime/Lobbies/SDK/UpdateLobbyOptions.cs
 0.1 kb	 0.0% Packages/com.unity.services.multiplayer/Runtime/Lobbies/SDK/QueryLobbiesOptions.cs
 0.1 kb	 0.0% Packages/com.unity.services.multiplayer/Runtime/Lobbies/SDK/LobbyUpdates/LobbyPlayerJoined.cs
 0.1 kb	 0.0% Packages/com.unity.services.multiplayer/Runtime/Lobbies/SDK/LobbyUpdates/LobbyPlayerChanges.cs
 0.1 kb	 0.0% Packages/com.unity.services.multiplayer/Runtime/Lobbies/SDK/LobbyUpdates/Internal/LobbyPatcherChanges.cs
 0.1 kb	 0.0% Packages/com.unity.services.multiplayer/Runtime/Lobbies/SDK/JoinLobbyByIdOptions.cs
 0.1 kb	 0.0% Packages/com.unity.services.multiplayer/Runtime/Lobbies/SDK/InternalLobbyService.cs
 0.1 kb	 0.0% Packages/com.unity.services.multiplayer/Runtime/Lobbies/SDK/CreateLobbyOptions.cs
 0.1 kb	 0.0% Packages/com.unity.services.multiplayer/Runtime/Lobbies/Models/UpdateRequest.cs
 0.1 kb	 0.0% Packages/com.unity.services.multiplayer/Runtime/Lobbies/Models/QuickJoinRequest.cs
 0.1 kb	 0.0% Packages/com.unity.services.multiplayer/Runtime/Lobbies/Models/QueryResponse.cs
 0.1 kb	 0.0% Packages/com.unity.services.multiplayer/Runtime/Lobbies/Models/PlayerProfile.cs
 0.1 kb	 0.0% Packages/com.unity.services.multiplayer/Runtime/Lobbies/Models/PlayerDataObject.cs
 0.1 kb	 0.0% Packages/com.unity.services.multiplayer/Runtime/Lobbies/Models/JoinByIdRequest.cs
 0.1 kb	 0.0% Packages/com.unity.services.multiplayer/Runtime/Lobbies/Models/CreateRequest.cs
 0.1 kb	 0.0% Packages/com.unity.services.multiplayer/Runtime/Lobbies/Apis/LobbyApiRequests.cs
 0.1 kb	 0.0% Packages/com.unity.services.multiplayer/Runtime/DistributedAuthority/Http/JsonObject.cs
 0.1 kb	 0.0% Packages/com.unity.services.multiplayer/Runtime/DistributedAuthority/Http/JsonHelpers.cs
 0.1 kb	 0.0% Packages/com.unity.services.multiplayer/Runtime/DistributedAuthority/Http/IHttpClient.cs
 0.1 kb	 0.0% Packages/com.unity.services.multiplayer/Runtime/DistributedAuthority/Http/HttpClient.cs
 0.1 kb	 0.0% Packages/com.unity.services.core/Runtime/Core.Internal/Components/Telemetry/IDiagnostics.cs
 0.1 kb	 0.0% Packages/com.unity.services.core/Runtime/Core.Internal/Components/Networking/IHttpClient.cs
 0.1 kb	 0.0% Packages/com.unity.services.core/Runtime/Core.Internal/Components/Networking/HttpResponse.cs
 0.1 kb	 0.0% Packages/com.unity.services.core/Runtime/Core.Internal/Components/Networking/HttpRequest.cs
 0.1 kb	 0.0% Packages/com.unity.services.core/Runtime/Core.Internal/Components/Networking/HttpOptions.cs
 0.1 kb	 0.0% Packages/com.unity.services.core/Runtime/Core.Internal/Components/Authentication/IPlayerId.cs
 0.1 kb	 0.0% Packages/com.unity.services.core/Runtime/Core.Internal/Components/Authentication/IAccessToken.cs
 0.1 kb	 0.0% Packages/com.unity.services.authentication/Runtime/Generated/Shared/IApiClient.cs
 0.1 kb	 0.0% Packages/com.unity.services.authentication/Runtime/Generated/Shared/IApiAccessor.cs
 0.1 kb	 0.0% Packages/com.unity.services.authentication/Runtime/Generated/Shared/ApiResponse.cs
 0.1 kb	 0.0% Packages/com.unity.services.authentication/Runtime/Generated/Shared/ApiException.cs
 0.1 kb	 0.0% Packages/com.unity.services.authentication/Runtime/Compatibility/Models.cs
 0.1 kb	 0.0% Packages/com.unity.netcode.gameobjects/Runtime/Transports/UTP/SecretsLoaderHelper.cs
 0.1 kb	 0.0% Packages/com.unity.netcode.gameobjects/Runtime/Transports/UTP/BatchedReceiveQueue.cs
 0.1 kb	 0.0% Packages/com.unity.inputsystem/InputSystem/Runtime/Utilities/Comparers.cs
 0.1 kb	 0.0% Packages/com.unity.inputsystem/InputSystem/Runtime/State/InputStateHistory.cs
 0.1 kb	 0.0% Packages/com.unity.inputsystem/InputSystem/Runtime/State/InputStateBuffers.cs
 0.1 kb	 0.0% Packages/com.unity.inputsystem/InputSystem/Runtime/State/IInputStateTypeInfo.cs
 0.1 kb	 0.0% Packages/com.unity.inputsystem/InputSystem/Runtime/Plugins/Users/InputUserSettings.cs
 0.1 kb	 0.0% Packages/com.unity.inputsystem/InputSystem/Runtime/Plugins/Switch/SwitchProController.cs
 0.1 kb	 0.0% Packages/com.unity.inputsystem/InputSystem/Runtime/Plugins/EnhancedTouch/TouchSimulation.cs
 0.1 kb	 0.0% Packages/com.unity.inputsystem/InputSystem/Runtime/NativeInputRuntime.cs
 0.1 kb	 0.0% Packages/com.unity.inputsystem/InputSystem/Runtime/InputEditorUserSettings.cs
 0.1 kb	 0.0% Packages/com.unity.inputsystem/InputSystem/Runtime/Events/InputEventListener.cs
 0.1 kb	 0.0% Packages/com.unity.inputsystem/InputSystem/Runtime/Events/IMECompositionEvent.cs
 0.1 kb	 0.0% Packages/com.unity.inputsystem/InputSystem/Runtime/Events/IInputEventTypeInfo.cs
 0.1 kb	 0.0% Packages/com.unity.inputsystem/InputSystem/Runtime/Events/DeviceRemoveEvent.cs
 0.1 kb	 0.0% Packages/com.unity.inputsystem/InputSystem/Runtime/Devices/InputDeviceMatcher.cs
 0.1 kb	 0.0% Packages/com.unity.inputsystem/InputSystem/Runtime/Devices/InputDeviceBuilder.cs
 0.1 kb	 0.0% Packages/com.unity.inputsystem/InputSystem/Runtime/Devices/ITextInputReceiver.cs
 0.1 kb	 0.0% Packages/com.unity.inputsystem/InputSystem/Runtime/Devices/IEventPreProcessor.cs
 0.1 kb	 0.0% Packages/com.unity.inputsystem/InputSystem/Runtime/Devices/ICustomDeviceReset.cs
 0.1 kb	 0.0% Packages/com.unity.inputsystem/InputSystem/Runtime/Devices/Commands/RequestSyncCommand.cs
 0.1 kb	 0.0% Packages/com.unity.inputsystem/InputSystem/Runtime/Devices/Commands/RequestResetCommand.cs
 0.1 kb	 0.0% Packages/com.unity.inputsystem/InputSystem/Runtime/Devices/Commands/QueryUserIdCommand.cs
 0.1 kb	 0.0% Packages/com.unity.inputsystem/InputSystem/Runtime/Devices/Commands/QueryKeyNameCommand.cs
 0.1 kb	 0.0% Packages/com.unity.inputsystem/InputSystem/Runtime/Devices/Commands/InputDeviceCommand.cs
 0.1 kb	 0.0% Packages/com.unity.inputsystem/InputSystem/Runtime/Devices/Commands/EnableDeviceCommand.cs
 0.1 kb	 0.0% Packages/com.unity.inputsystem/InputSystem/Runtime/Devices/Commands/DisableDeviceCommand.cs
 0.1 kb	 0.0% Packages/com.unity.inputsystem/InputSystem/Runtime/Controls/TouchPressControl.cs
 0.1 kb	 0.0% Packages/com.unity.inputsystem/InputSystem/Runtime/Controls/TouchPhaseControl.cs
 0.1 kb	 0.0% Packages/com.unity.inputsystem/InputSystem/Runtime/Controls/QuaternionControl.cs
 0.1 kb	 0.0% Packages/com.unity.inputsystem/InputSystem/Runtime/Controls/InputControlLayout.cs
 0.1 kb	 0.0% Packages/com.unity.inputsystem/InputSystem/Runtime/Controls/InputControlExtensions.cs
 0.1 kb	 0.0% Packages/com.unity.inputsystem/InputSystem/Runtime/Actions/InputInteractionContext.cs
 0.1 kb	 0.0% Packages/com.unity.inputsystem/InputSystem/Runtime/Actions/InputBindingComposite.cs
 0.1 kb	 0.0% Packages/com.unity.inputsystem/InputSystem/Runtime/Actions/IInputActionCollection.cs
 0.1 kb	 0.0% Packages/com.unity.inputsystem/InputSystem/Editor/VirtualMouseInputEditor.cs
 0.1 kb	 0.0% Packages/com.unity.inputsystem/InputSystem/Editor/UITKAssetEditor/Views/MatchingControlPaths.cs
 0.1 kb	 0.0% Packages/com.unity.inputsystem/InputSystem/Editor/UITKAssetEditor/Views/IViewStateCollection.cs
 0.1 kb	 0.0% Packages/com.unity.inputsystem/InputSystem/Editor/UITKAssetEditor/Views/ControlSchemesView.cs
 0.1 kb	 0.0% Packages/com.unity.inputsystem/InputSystem/Editor/UITKAssetEditor/Views/ActionPropertiesView.cs
 0.1 kb	 0.0% Packages/com.unity.inputsystem/InputSystem/Editor/UITKAssetEditor/EnumerableExtensions.cs
 0.1 kb	 0.0% Packages/com.unity.inputsystem/InputSystem/Editor/PropertyDrawers/InputActionMapDrawer.cs
 0.1 kb	 0.0% Packages/com.unity.inputsystem/InputSystem/Editor/PropertyDrawers/InputActionDrawer.cs
 0.1 kb	 0.0% Packages/com.unity.inputsystem/InputSystem/Editor/Plugins/iOS/InputSettingsiOSProvider.cs
 0.1 kb	 0.0% Packages/com.unity.inputsystem/InputSystem/Editor/Plugins/PlayerInput/PlayerInputEditor.cs
 0.1 kb	 0.0% Packages/com.unity.inputsystem/InputSystem/Editor/Plugins/OnScreen/OnScreenStickEditor.cs
 0.1 kb	 0.0% Packages/com.unity.inputsystem/InputSystem/Editor/Plugins/OnScreen/OnScreenButtonEditor.cs
 0.1 kb	 0.0% Packages/com.unity.inputsystem/InputSystem/Editor/Internal/InputEventTreeView.cs
 0.1 kb	 0.0% Packages/com.unity.inputsystem/InputSystem/Editor/Internal/InputControlTreeView.cs
 0.1 kb	 0.0% Packages/com.unity.inputsystem/InputSystem/Editor/Internal/BuildProviderHelpers.cs
 0.1 kb	 0.0% Packages/com.unity.inputsystem/InputSystem/Editor/Internal/AdvancedDropdown/MultiLevelDataSource.cs
 0.1 kb	 0.0% Packages/com.unity.inputsystem/InputSystem/Editor/Internal/AdvancedDropdown/CallbackDataSource.cs
 0.1 kb	 0.0% Packages/com.unity.inputsystem/InputSystem/Editor/Internal/AdvancedDropdown/AdvancedDropdownItem.cs
 0.1 kb	 0.0% Packages/com.unity.inputsystem/InputSystem/Editor/Internal/AdvancedDropdown/AdvancedDropdownGUI.cs
 0.1 kb	 0.0% Packages/com.unity.inputsystem/InputSystem/Editor/InputSystemStateManager.cs
 0.1 kb	 0.0% Packages/com.unity.inputsystem/InputSystem/Editor/InputParameterEditor.cs
 0.1 kb	 0.0% Packages/com.unity.inputsystem/InputSystem/Editor/DeviceSimulator/InputSystemPlugin.cs
 0.1 kb	 0.0% Packages/com.unity.inputsystem/InputSystem/Editor/Debugger/InputDebuggerWindow.cs
 0.1 kb	 0.0% Packages/com.unity.inputsystem/InputSystem/Editor/ControlPicker/InputControlPicker.cs
 0.1 kb	 0.0% Packages/com.unity.inputsystem/InputSystem/Editor/BuildPipeline/LinkFileGenerator.cs
 0.1 kb	 0.0% Packages/com.unity.inputsystem/InputSystem/Editor/AssetImporter/InputActionImporter.cs
 0.1 kb	 0.0% Packages/com.unity.inputsystem/InputSystem/Editor/AssetEditor/PropertiesViewBase.cs
 0.1 kb	 0.0% Packages/com.unity.inputsystem/InputSystem/Editor/AssetEditor/InputActionTreeView.cs
 0.1 kb	 0.0% Packages/com.unity.inputsystem/InputSystem/Editor/Analytics/InputEditorAnalytics.cs
 0.1 kb	 0.0% Packages/com.unity.inputsystem/InputSystem/Editor/Analytics/InputBuildAnalytic.cs
 0.1 kb	 0.0% Packages/com.unity.collections/Unity.Collections/NativeNotBurstCompatible.cs
 0.1 kb	 0.0% Packages/com.unity.ugui/Runtime/UGUI/EventSystem/UIElements/WorldDocumentRaycaster.cs
 0.1 kb	 0.0% Packages/com.unity.ugui/Runtime/UGUI/EventSystem/InputModules/StandaloneInputModule.cs
 0.1 kb	 0.0% Packages/com.unity.transport/Runtime/PacketProcessor.cs
 0.1 kb	 0.0% Packages/com.unity.transport/Runtime/PacketMetadata.cs
 0.1 kb	 0.0% Packages/com.unity.transport/Runtime/OperationResult.cs
 0.1 kb	 0.0% Packages/com.unity.transport/Runtime/NetworkSettings.cs
 0.1 kb	 0.0% Packages/com.unity.transport/Runtime/NetworkPipeline.cs
 0.1 kb	 0.0% Packages/com.unity.transport/Runtime/NetworkEndpoint.cs
 0.1 kb	 0.0% Packages/com.unity.transport/Runtime/NetworkDriver.cs
 0.1 kb	 0.0% Packages/com.unity.transport/Runtime/Layers/WebSocketLayer.cs
 0.1 kb	 0.0% Packages/com.unity.transport/Runtime/Layers/SimulatorLayer.cs
 0.1 kb	 0.0% Packages/com.unity.transport/Runtime/Layers/AnalyticsLayer.cs
 0.1 kb	 0.0% Packages/com.unity.transport/Runtime/INetworkLayer.cs
 0.1 kb	 0.0% Packages/com.unity.transport/Runtime/ConnectionToken.cs
 0.1 kb	 0.0% Packages/com.unity.transport/Runtime/ConnectionList.cs
 0.1 kb	 0.0% Packages/com.unity.services.wire/Runtime/websocket-sharp/Net/WebHeaderCollection.cs
 0.1 kb	 0.0% Packages/com.unity.services.wire/Runtime/websocket-sharp/Net/NetworkCredential.cs
 0.1 kb	 0.0% Packages/com.unity.services.wire/Runtime/websocket-sharp/Net/HttpListenerResponse.cs
 0.1 kb	 0.0% Packages/com.unity.services.wire/Runtime/websocket-sharp/Net/HttpListenerRequest.cs
 0.1 kb	 0.0% Packages/com.unity.services.wire/Runtime/websocket-sharp/Net/HttpListenerPrefix.cs
 0.1 kb	 0.0% Packages/com.unity.services.wire/Runtime/websocket-sharp/Net/HttpListenerContext.cs
 0.1 kb	 0.0% Packages/com.unity.services.wire/Runtime/websocket-sharp/Net/HttpDigestIdentity.cs
 0.1 kb	 0.0% Packages/com.unity.services.wire/Runtime/websocket-sharp/Net/HttpBasicIdentity.cs
 0.1 kb	 0.0% Packages/com.unity.services.wire/Runtime/websocket-sharp/Net/ChunkedRequestStream.cs
 0.1 kb	 0.0% Packages/com.unity.services.wire/Runtime/Utils/BackoffStrategy.cs
 0.1 kb	 0.0% Packages/com.unity.services.wire/Runtime/Configuration.cs
 0.1 kb	 0.0% Packages/com.unity.services.wire/Runtime/Centrifuge/CommandManager.cs
 0.1 kb	 0.0% Packages/com.unity.services.qos/Runtime/v2/Models/QosServerAnnotations.cs
 0.1 kb	 0.0% Packages/com.unity.services.qos/Runtime/v2/Models/ErrorResponseBody.cs
 0.1 kb	 0.0% Packages/com.unity.services.qos/Runtime/v2/Http/JsonObjectConverter.cs
 0.1 kb	 0.0% Packages/com.unity.services.qos/Runtime/v2/Http/IsolatedJsonConvert.cs
 0.1 kb	 0.0% Packages/com.unity.services.qos/Runtime/v2/Http/HttpClientResponse.cs
 0.1 kb	 0.0% Packages/com.unity.services.qos/Runtime/UnityServicesExtensions.cs
 0.1 kb	 0.0% Packages/com.unity.services.qos/Runtime/Scheduler/EngineStateHelper.cs
 0.1 kb	 0.0% Packages/com.unity.services.qos/Runtime/Runner/QosAnnotatedResult.cs
 0.1 kb	 0.0% Packages/com.unity.services.qos/Runtime/QosPackageInitializer.cs
 0.1 kb	 0.0% Packages/com.unity.services.qos/Runtime/Models/ErrorResponseBody.cs
 0.1 kb	 0.0% Packages/com.unity.services.qos/Runtime/ErrorMitigation/RetryPolicy.cs
 0.1 kb	 0.0% Packages/com.unity.services.qos/Runtime/ErrorMitigation/IRetryPolicy.cs
 0.1 kb	 0.0% Packages/com.unity.services.multiplayer/Runtime/Relay/SDK/WrappedRelayService.cs
 0.1 kb	 0.0% Packages/com.unity.services.multiplayer/Runtime/Relay/Models/ResponseLinks.cs
 0.1 kb	 0.0% Packages/com.unity.services.multiplayer/Runtime/Relay/Models/JoinResponseBody.cs
 0.1 kb	 0.0% Packages/com.unity.services.multiplayer/Runtime/Relay/Models/JoinCodeRequest.cs
 0.1 kb	 0.0% Packages/com.unity.services.multiplayer/Runtime/Relay/Models/JoinAllocation.cs
 0.1 kb	 0.0% Packages/com.unity.services.multiplayer/Runtime/Relay/Models/AllocationUtils.cs
 0.1 kb	 0.0% Packages/com.unity.services.multiplayer/Runtime/Relay/Models/AllocationData.cs
 0.1 kb	 0.0% Packages/com.unity.services.multiplayer/Runtime/Relay/InternalRelayService.cs
 0.1 kb	 0.0% Packages/com.unity.services.multiplayer/Runtime/Relay/Http/ResponseHandler.cs
 0.1 kb	 0.0% Packages/com.unity.services.multiplayer/Runtime/Relay/Http/IDeserializable.cs
 0.1 kb	 0.0% Packages/com.unity.services.multiplayer/Runtime/Relay/Http/HttpException.cs
 0.1 kb	 0.0% Packages/com.unity.services.multiplayer/Runtime/Relay/Http/BaseApiClient.cs
 0.1 kb	 0.0% Packages/com.unity.services.multiplayer/Runtime/Multiplayer/Utils/JWT/DateTimeWrapper.cs
 0.1 kb	 0.0% Packages/com.unity.services.multiplayer/Runtime/Multiplayer/Utils/Compatibility.cs
 0.1 kb	 0.0% Packages/com.unity.services.multiplayer/Runtime/Multiplayer/SessionBrowser/SessionBrowser.cs
 0.1 kb	 0.0% Packages/com.unity.services.multiplayer/Runtime/Multiplayer/Session/SessionObserver.cs
 0.1 kb	 0.0% Packages/com.unity.services.multiplayer/Runtime/Multiplayer/Session/SessionManager.cs
 0.1 kb	 0.0% Packages/com.unity.services.multiplayer/Runtime/Multiplayer/Session/SessionHandler.cs
 0.1 kb	 0.0% Packages/com.unity.services.multiplayer/Runtime/Multiplayer/Session/Options/SessionOptions.cs
 0.1 kb	 0.0% Packages/com.unity.services.multiplayer/Runtime/Multiplayer/Session/Models/SessionProperty.cs
 0.1 kb	 0.0% Packages/com.unity.services.multiplayer/Runtime/Multiplayer/Session/Models/Player/PlayerProperty.cs
 0.1 kb	 0.0% Packages/com.unity.services.multiplayer/Runtime/Multiplayer/Session/Models/Player/IReadOnlyPlayer.cs
 0.1 kb	 0.0% Packages/com.unity.services.multiplayer/Runtime/Multiplayer/Session/Models/IValueProperty.cs
 0.1 kb	 0.0% Packages/com.unity.services.multiplayer/Runtime/Multiplayer/Operation/SessionException.cs
 0.1 kb	 0.0% Packages/com.unity.services.multiplayer/Runtime/Multiplayer/Modules/PlayerName/PlayerNameModule.cs
 0.1 kb	 0.0% Packages/com.unity.services.multiplayer/Runtime/Multiplayer/Modules/Network/NetworkProvider.cs
 0.1 kb	 0.0% Packages/com.unity.services.multiplayer/Runtime/Multiplayer/Modules/Network/NetworkModule.cs
 0.1 kb	 0.0% Packages/com.unity.services.multiplayer/Runtime/Multiplayer/Modules/Network/Models/NetworkOptions.cs
 0.1 kb	 0.0% Packages/com.unity.services.multiplayer/Runtime/Multiplayer/Modules/Network/Models/NetworkMetadata.cs
 0.1 kb	 0.0% Packages/com.unity.services.multiplayer/Runtime/Multiplayer/Modules/Network/Handlers/NetworkHandler/NetworkBuilder.cs
 0.1 kb	 0.0% Packages/com.unity.services.multiplayer/Runtime/Multiplayer/Modules/Network/Handlers/NetworkHandler/INetworkHandler.cs
 0.1 kb	 0.0% Packages/com.unity.services.multiplayer/Runtime/Multiplayer/Modules/ModuleRegistry.cs
 0.1 kb	 0.0% Packages/com.unity.services.multiplayer/Runtime/Multiplayer/Modules/Matchmaker/MatchmakerModule.cs
 0.1 kb	 0.0% Packages/com.unity.services.multiplayer/Runtime/Multiplayer/Modules/IModuleRegistry.cs
 0.1 kb	 0.0% Packages/com.unity.services.multiplayer/Runtime/Multiplayer/Modules/IModuleProvider.cs
 0.1 kb	 0.0% Packages/com.unity.services.multiplayer/Runtime/Multiplayer/Modules/IModuleOption.cs
 0.1 kb	 0.0% Packages/com.unity.services.multiplayer/Runtime/Multiplayer/Matchmaking/QuickJoinOptions.cs
 0.1 kb	 0.0% Packages/com.unity.services.multiplayer/Runtime/Multiplayer/Matchmaking/QosCalculator.cs
 0.1 kb	 0.0% Packages/com.unity.services.multiplayer/Runtime/Multiplayer/Lobby/LobbySettings.cs
 0.1 kb	 0.0% Packages/com.unity.services.multiplayer/Runtime/Multiplayer/Lobby/LobbyConverter.cs
 0.1 kb	 0.0% Packages/com.unity.services.multiplayer/Runtime/Matchmaker/Scheduler/ThreadHelper.cs
 0.1 kb	 0.0% Packages/com.unity.services.multiplayer/Runtime/Matchmaker/Overrides/IABAnalytics.cs
 0.1 kb	 0.0% Packages/com.unity.services.multiplayer/Runtime/Matchmaker/Overrides/ABAnalytics.cs
 0.1 kb	 0.0% Packages/com.unity.services.multiplayer/Runtime/Matchmaker/Http/AsyncOpRetry.cs
 0.1 kb	 0.0% Packages/com.unity.services.multiplayer/Runtime/Matchmaker/Configuration/Configuration.cs
 0.1 kb	 0.0% Packages/com.unity.services.multiplayer/Runtime/Lobbies/Http/ResponseHandler.cs
 0.1 kb	 0.0% Packages/com.unity.services.multiplayer/Runtime/Lobbies/Http/IDeserializable.cs
 0.1 kb	 0.0% Packages/com.unity.services.multiplayer/Runtime/Lobbies/Http/HttpException.cs
 0.1 kb	 0.0% Packages/com.unity.services.multiplayer/Runtime/Lobbies/Http/BaseApiClient.cs
 0.1 kb	 0.0% Packages/com.unity.services.multiplayer/Runtime/Lobbies/Apis/LobbyApi.cs
 0.1 kb	 0.0% Packages/com.unity.services.multiplayer/Runtime/DistributedAuthority/Models/Session.cs
 0.1 kb	 0.0% Packages/com.unity.services.core/Runtime/Telemetry/Metrics/Metrics.cs
 0.1 kb	 0.0% Packages/com.unity.services.core/Runtime/Device/InstallationId.cs
 0.1 kb	 0.0% Packages/com.unity.services.core/Runtime/Core/RequestFailedException.cs
 0.1 kb	 0.0% Packages/com.unity.services.core/Runtime/Core/Initialization/InitializationOptions.cs
 0.1 kb	 0.0% Packages/com.unity.services.core/Runtime/Core/ExternalUserIdProperty.cs
 0.1 kb	 0.0% Packages/com.unity.services.core/Runtime/Core.Internal/Telemetry/CoreDiagnostics.cs
 0.1 kb	 0.0% Packages/com.unity.services.core/Runtime/Core.Internal/Registry/ServiceRegistry/ServiceRegistry.cs
 0.1 kb	 0.0% Packages/com.unity.services.core/Runtime/Core.Internal/Registry/ServiceRegistry/IServiceRegistry.cs
 0.1 kb	 0.0% Packages/com.unity.services.core/Runtime/Core.Internal/Registry/PackageRegistry/PackageRegistry.cs
 0.1 kb	 0.0% Packages/com.unity.services.core/Runtime/Core.Internal/Registry/PackageRegistry/IPackageRegistry.cs
 0.1 kb	 0.0% Packages/com.unity.services.core/Runtime/Core.Internal/Registry/MissingComponent.cs
 0.1 kb	 0.0% Packages/com.unity.services.core/Runtime/Core.Internal/Registry/HashExceptions.cs
 0.1 kb	 0.0% Packages/com.unity.services.core/Runtime/Core.Internal/Registry/DependencyTree.cs
 0.1 kb	 0.0% Packages/com.unity.services.core/Runtime/Core.Internal/Registry/CoreRegistration.cs
 0.1 kb	 0.0% Packages/com.unity.services.core/Runtime/Core.Internal/AsyncOperation/IAsyncOperation.cs
 0.1 kb	 0.0% Packages/com.unity.services.core/Runtime/Core.Internal/AsyncOperation/AsyncOperation.cs
 0.1 kb	 0.0% Packages/com.unity.services.authentication/Runtime/Utilities/Jwt/JwtDecoder.cs
 0.1 kb	 0.0% Packages/com.unity.services.authentication/Runtime/Utilities/Jwt/IJwtDecoder.cs
 0.1 kb	 0.0% Packages/com.unity.services.authentication/Runtime/Network/WebRequest.cs
 0.1 kb	 0.0% Packages/com.unity.services.authentication/Runtime/Models/Security/AccessToken.cs
 0.1 kb	 0.0% Packages/com.unity.services.authentication/Runtime/Models/Responses/UsernameInfo.cs
 0.1 kb	 0.0% Packages/com.unity.services.authentication/Runtime/Models/Responses/LinkResponse.cs
 0.1 kb	 0.0% Packages/com.unity.services.authentication/Runtime/Models/Requests/SteamConfig.cs
 0.1 kb	 0.0% Packages/com.unity.services.authentication/Runtime/Models/Requests/OculusConfig.cs
 0.1 kb	 0.0% Packages/com.unity.services.authentication/Runtime/Models/PlayerInfo.cs
 0.1 kb	 0.0% Packages/com.unity.services.authentication/Runtime/Models/Notification.cs
 0.1 kb	 0.0% Packages/com.unity.services.authentication/Runtime/Models/LinkOptions.cs
 0.1 kb	 0.0% Packages/com.unity.services.authentication/Runtime/Models/Attributes.cs
 0.1 kb	 0.0% Packages/com.unity.services.authentication/Runtime/Generated/PlayerNames/Model/Player.cs
 0.1 kb	 0.0% Packages/com.unity.services.authentication/Runtime/Generated/PlayerNames/Model/Detail.cs
 0.1 kb	 0.0% Packages/com.unity.netcode.gameobjects/Runtime/Serialization/NetworkObjectReference.cs
 0.1 kb	 0.0% Packages/com.unity.netcode.gameobjects/Runtime/Serialization/BufferSerializerWriter.cs
 0.1 kb	 0.0% Packages/com.unity.netcode.gameobjects/Runtime/Serialization/BufferSerializerReader.cs
 0.1 kb	 0.0% Packages/com.unity.netcode.gameobjects/Runtime/NetworkVariable/Serialization/TypedSerializerImplementations.cs
 0.1 kb	 0.0% Packages/com.unity.netcode.gameobjects/Runtime/Metrics/NetworkMetricsManager.cs
 0.1 kb	 0.0% Packages/com.unity.netcode.gameobjects/Runtime/Messaging/RpcTargets/NotAuthorityRpcTarget.cs
 0.1 kb	 0.0% Packages/com.unity.netcode.gameobjects/Runtime/Messaging/RpcTargets/ClientsAndHostRpcTarget.cs
 0.1 kb	 0.0% Packages/com.unity.netcode.gameobjects/Runtime/Messaging/NetworkMessageManager.cs
 0.1 kb	 0.0% Packages/com.unity.netcode.gameobjects/Runtime/Messaging/Messages/NetworkTransformMessage.cs
 0.1 kb	 0.0% Packages/com.unity.netcode.gameobjects/Runtime/Messaging/Messages/DisconnectReasonMessage.cs
 0.1 kb	 0.0% Packages/com.unity.netcode.gameobjects/Runtime/Messaging/Messages/ConnectionRequestMessage.cs
 0.1 kb	 0.0% Packages/com.unity.netcode.gameobjects/Runtime/Messaging/Messages/ClientConnectedMessage.cs
 0.1 kb	 0.0% Packages/com.unity.netcode.gameobjects/Runtime/Messaging/Messages/ChangeOwnershipMessage.cs
 0.1 kb	 0.0% Packages/com.unity.netcode.gameobjects/Runtime/Messaging/INetworkMessageSender.cs
 0.1 kb	 0.0% Packages/com.unity.netcode.gameobjects/Runtime/Messaging/INetworkMessageProvider.cs
 0.1 kb	 0.0% Packages/com.unity.netcode.gameobjects/Runtime/Messaging/DeferredMessageManager.cs
 0.1 kb	 0.0% Packages/com.unity.netcode.gameobjects/Runtime/Exceptions/NotListeningException.cs
 0.1 kb	 0.0% Packages/com.unity.netcode.gameobjects/Runtime/Exceptions/InvalidParentException.cs
 0.1 kb	 0.0% Packages/com.unity.netcode.gameobjects/Runtime/Core/NetworkObjectRefreshTool.cs
 0.1 kb	 0.0% Packages/com.unity.netcode.gameobjects/Runtime/Core/NetworkBehaviourUpdater.cs
 0.1 kb	 0.0% Packages/com.unity.netcode.gameobjects/Runtime/Connection/NetworkConnectionManager.cs
 0.1 kb	 0.0% Packages/com.unity.netcode.gameobjects/Runtime/Components/NetworkRigidbody2D.cs
 0.1 kb	 0.0% Packages/com.unity.netcode.gameobjects/Runtime/Components/NetworkRigidBodyBase.cs
 0.1 kb	 0.0% Packages/com.unity.netcode.gameobjects/Runtime/Components/NetworkDeltaPosition.cs
 0.1 kb	 0.0% Packages/com.unity.netcode.gameobjects/Runtime/Components/Helpers/ComponentController.cs
 0.1 kb	 0.0% Packages/com.unity.netcode.gameobjects/Runtime/Components/Helpers/AttachableBehaviour.cs
 0.1 kb	 0.0% Packages/com.unity.inputsystem/InputSystem/Runtime/Utilities/StringHelpers.cs
 0.1 kb	 0.0% Packages/com.unity.inputsystem/InputSystem/Runtime/Utilities/SpriteUtilities.cs
 0.1 kb	 0.0% Packages/com.unity.inputsystem/InputSystem/Runtime/Utilities/PrimitiveValue.cs
 0.1 kb	 0.0% Packages/com.unity.inputsystem/InputSystem/Runtime/Utilities/PredictiveParser.cs
 0.1 kb	 0.0% Packages/com.unity.inputsystem/InputSystem/Runtime/Utilities/NumberHelpers.cs
 0.1 kb	 0.0% Packages/com.unity.inputsystem/InputSystem/Runtime/Utilities/MemoryHelpers.cs
 0.1 kb	 0.0% Packages/com.unity.inputsystem/InputSystem/Runtime/Utilities/InternedString.cs
 0.1 kb	 0.0% Packages/com.unity.inputsystem/InputSystem/Runtime/Utilities/ExceptionHelpers.cs
 0.1 kb	 0.0% Packages/com.unity.inputsystem/InputSystem/Runtime/Utilities/DelegateHelpers.cs
 0.1 kb	 0.0% Packages/com.unity.inputsystem/InputSystem/Runtime/Plugins/iOS/iOSStepCounter.cs
 0.1 kb	 0.0% Packages/com.unity.inputsystem/InputSystem/Runtime/Plugins/XR/TrackedPoseDriver.cs
 0.1 kb	 0.0% Packages/com.unity.inputsystem/InputSystem/Runtime/Plugins/XR/Haptics/BufferedRumble.cs
 0.1 kb	 0.0% Packages/com.unity.inputsystem/InputSystem/Runtime/Plugins/UI/VirtualMouseInput.cs
 0.1 kb	 0.0% Packages/com.unity.inputsystem/InputSystem/Runtime/Plugins/UI/INavigationEventData.cs
 0.1 kb	 0.0% Packages/com.unity.inputsystem/InputSystem/Runtime/Plugins/UI/BaseInputOverride.cs
 0.1 kb	 0.0% Packages/com.unity.inputsystem/InputSystem/Runtime/Plugins/DualShock/DualShockSupport.cs
 0.1 kb	 0.0% Packages/com.unity.inputsystem/InputSystem/Runtime/Plugins/DualShock/DualShockGamepad.cs
 0.1 kb	 0.0% Packages/com.unity.inputsystem/InputSystem/Runtime/Controls/Processors/ScaleProcessor.cs
 0.1 kb	 0.0% Packages/com.unity.inputsystem/InputSystem/Runtime/Controls/Processors/InvertProcessor.cs
 0.1 kb	 0.0% Packages/com.unity.inputsystem/InputSystem/Runtime/Controls/Processors/ClampProcessor.cs
 0.1 kb	 0.0% Packages/com.unity.inputsystem/InputSystem/Runtime/Actions/Interactions/TapInteraction.cs
 0.1 kb	 0.0% Packages/com.unity.inputsystem/InputSystem/Runtime/Actions/Interactions/PressInteraction.cs
 0.1 kb	 0.0% Packages/com.unity.inputsystem/InputSystem/Runtime/Actions/Interactions/HoldInteraction.cs
 0.1 kb	 0.0% Packages/com.unity.inputsystem/InputSystem/Runtime/Actions/InputActionTrace.cs
 0.1 kb	 0.0% Packages/com.unity.inputsystem/InputSystem/Runtime/Actions/Composites/Vector3Composite.cs
 0.1 kb	 0.0% Packages/com.unity.inputsystem/InputSystem/Runtime/Actions/Composites/Vector2Composite.cs
 0.1 kb	 0.0% Packages/com.unity.inputsystem/InputSystem/Runtime/Actions/Composites/AxisComposite.cs
 0.1 kb	 0.0% Packages/com.unity.collections/Unity.Collections/UnsafeBitArray.cs
 0.1 kb	 0.0% Packages/com.unity.collections/Unity.Collections/UTF8ArrayUnsafeUtility.cs
 0.1 kb	 0.0% Packages/com.unity.collections/Unity.Collections/StreamCompressionModel.cs
 0.1 kb	 0.0% Packages/com.unity.collections/Unity.Collections/NativeArrayExtensions.cs
 0.1 kb	 0.0% Packages/com.unity.collections/Unity.Collections/FixedStringInternalMethods.cs
 0.1 kb	 0.0% Packages/com.unity.collections/Unity.Collections/FixedStringFormatMethods.gen.cs
 0.1 kb	 0.0% Packages/com.unity.ugui/Runtime/TMP/TMP_ScrollbarEventHandler.cs
 0.1 kb	 0.0% Packages/com.unity.ugui/Runtime/TMP/TMP_PackageResourceImporter.cs
 0.1 kb	 0.0% Packages/com.unity.ugui/Runtime/InternalBridge/ObjectUtilsBridge.cs
 0.1 kb	 0.0% Packages/com.unity.transport/Runtime/Relay/RelayHMACKey.cs
 0.1 kb	 0.0% Packages/com.unity.services.wire/Runtime/websocket-sharp/WebSocketException.cs
 0.1 kb	 0.0% Packages/com.unity.services.wire/Runtime/websocket-sharp/Server/WebSocketServer.cs
 0.1 kb	 0.0% Packages/com.unity.services.wire/Runtime/Utils/NetworkUtility.cs
 0.1 kb	 0.0% Packages/com.unity.services.wire/Runtime/Centrifuge/ProtocolSchema/Reply.cs
 0.1 kb	 0.0% Packages/com.unity.services.wire/Runtime/Centrifuge/ProtocolSchema/Error.cs
 0.1 kb	 0.0% Packages/com.unity.services.wire/Runtime/Centrifuge/ProtocolSchema/Command.cs
 0.1 kb	 0.0% Packages/com.unity.services.qos/Runtime/Http/JsonObjectConverter.cs
 0.1 kb	 0.0% Packages/com.unity.services.qos/Runtime/Http/HttpClientResponse.cs
 0.1 kb	 0.0% Packages/com.unity.services.multiplayer/Runtime/Relay/Scheduler/ThreadHelper.cs
 0.1 kb	 0.0% Packages/com.unity.services.multiplayer/Runtime/Relay/SDK/Exceptions/ApiErrorsExtenders.cs
 0.1 kb	 0.0% Packages/com.unity.services.multiplayer/Runtime/Multiplayer/Components/DocsUrl.cs
 0.1 kb	 0.0% Packages/com.unity.services.multiplayer/Runtime/Matchmaker/Models/QoSResult.cs
 0.1 kb	 0.0% Packages/com.unity.services.multiplayer/Runtime/Matchmaker/Models/MatchmakerIOneOf.cs
 0.1 kb	 0.0% Packages/com.unity.services.multiplayer/Runtime/Matchmaker/Http/JsonObject.cs
 0.1 kb	 0.0% Packages/com.unity.services.multiplayer/Runtime/Matchmaker/Http/JsonHelpers.cs
 0.1 kb	 0.0% Packages/com.unity.services.multiplayer/Runtime/Matchmaker/Http/IHttpClient.cs
 0.1 kb	 0.0% Packages/com.unity.services.multiplayer/Runtime/Matchmaker/Http/HttpClient.cs
 0.1 kb	 0.0% Packages/com.unity.services.multiplayer/Runtime/Lobbies/Scheduler/ThreadHelper.cs
 0.1 kb	 0.0% Packages/com.unity.services.multiplayer/Runtime/Lobbies/SDK/LobbyUpdates/Internal/LobbyChannel.cs
 0.1 kb	 0.0% Packages/com.unity.services.multiplayer/Runtime/Lobbies/SDK/LobbyUpdates/ILobbyChanges.cs
 0.1 kb	 0.0% Packages/com.unity.services.multiplayer/Runtime/Lobbies/SDK/ILobbyService.cs
 0.1 kb	 0.0% Packages/com.unity.services.multiplayer/Runtime/Lobbies/Models/TokenRequest.cs
 0.1 kb	 0.0% Packages/com.unity.services.multiplayer/Runtime/Lobbies/Models/TokenData.cs
 0.1 kb	 0.0% Packages/com.unity.services.multiplayer/Runtime/Lobbies/Models/QueryRequest.cs
 0.1 kb	 0.0% Packages/com.unity.services.multiplayer/Runtime/Lobbies/Models/QueryOrder.cs
 0.1 kb	 0.0% Packages/com.unity.services.multiplayer/Runtime/Lobbies/Models/QueryFilter.cs
 0.1 kb	 0.0% Packages/com.unity.services.multiplayer/Runtime/Lobbies/Models/ErrorStatus.cs
 0.1 kb	 0.0% Packages/com.unity.services.multiplayer/Runtime/Lobbies/Models/DataObject.cs
 0.1 kb	 0.0% Packages/com.unity.services.multiplayer/Runtime/Lobbies/LobbyServiceSdk.cs
 0.1 kb	 0.0% Packages/com.unity.services.multiplayer/Runtime/Lobbies/Http/AsyncOpRetry.cs
 0.1 kb	 0.0% Packages/com.unity.services.multiplayer/Runtime/Lobbies/Configuration/Configuration.cs
 0.1 kb	 0.0% Packages/com.unity.services.multiplayer/Runtime/DistributedAuthority/Http/Responses.cs
 0.1 kb	 0.0% Packages/com.unity.services.core/Runtime/Core.Internal/Components/Telemetry/IMetrics.cs
 0.1 kb	 0.0% Packages/com.unity.services.authentication/Runtime/Generated/Shared/ApiUtils.cs
 0.1 kb	 0.0% Packages/com.unity.netcode.gameobjects/Runtime/Transports/UTP/UnityTransport.cs
 0.1 kb	 0.0% Packages/com.unity.netcode.gameobjects/Runtime/Transports/UTP/BatchedSendQueue.cs
 0.1 kb	 0.0% Packages/com.unity.netcode.gameobjects/Runtime/Messaging/CustomMessageManager.cs
 0.1 kb	 0.0% Packages/com.unity.inputsystem/InputSystem/Runtime/State/InputStateBlock.cs
 0.1 kb	 0.0% Packages/com.unity.inputsystem/InputSystem/Runtime/Plugins/XInput/XInputSupport.cs
 0.1 kb	 0.0% Packages/com.unity.inputsystem/InputSystem/Runtime/Plugins/XInput/XInputController.cs
 0.1 kb	 0.0% Packages/com.unity.inputsystem/InputSystem/Runtime/Plugins/XInput/IXboxOneRumble.cs
 0.1 kb	 0.0% Packages/com.unity.inputsystem/InputSystem/Runtime/Plugins/WebGL/WebGLJoystick.cs
 0.1 kb	 0.0% Packages/com.unity.inputsystem/InputSystem/Runtime/Plugins/Switch/SwitchSupportHID.cs
 0.1 kb	 0.0% Packages/com.unity.inputsystem/InputSystem/Runtime/Plugins/PlayerInput/PlayerInputManager.cs
 0.1 kb	 0.0% Packages/com.unity.inputsystem/InputSystem/Runtime/Plugins/PlayerInput/DefaultInputActions.cs
 0.1 kb	 0.0% Packages/com.unity.inputsystem/InputSystem/Runtime/Plugins/OnScreen/OnScreenSupport.cs
 0.1 kb	 0.0% Packages/com.unity.inputsystem/InputSystem/Runtime/Plugins/OnScreen/OnScreenStick.cs
 0.1 kb	 0.0% Packages/com.unity.inputsystem/InputSystem/Runtime/Plugins/OnScreen/OnScreenControl.cs
 0.1 kb	 0.0% Packages/com.unity.inputsystem/InputSystem/Runtime/Plugins/OnScreen/OnScreenButton.cs
 0.1 kb	 0.0% Packages/com.unity.inputsystem/InputSystem/Runtime/Plugins/Linux/SDLDeviceBuilder.cs
 0.1 kb	 0.0% Packages/com.unity.inputsystem/InputSystem/Runtime/Plugins/EnhancedTouch/TouchHistory.cs
 0.1 kb	 0.0% Packages/com.unity.inputsystem/InputSystem/Runtime/Plugins/Android/AndroidSupport.cs
 0.1 kb	 0.0% Packages/com.unity.inputsystem/InputSystem/Runtime/InputSystemTestHooks.cs
 0.1 kb	 0.0% Packages/com.unity.inputsystem/InputSystem/Runtime/InputFeatureNames.cs
 0.1 kb	 0.0% Packages/com.unity.inputsystem/InputSystem/Runtime/IInputRuntime.cs
 0.1 kb	 0.0% Packages/com.unity.inputsystem/InputSystem/Runtime/IInputDiagnostics.cs
 0.1 kb	 0.0% Packages/com.unity.inputsystem/InputSystem/Runtime/Events/InputEventTrace.cs
 0.1 kb	 0.0% Packages/com.unity.inputsystem/InputSystem/Runtime/Events/InputEventStream.cs
 0.1 kb	 0.0% Packages/com.unity.inputsystem/InputSystem/Runtime/Events/InputEventPtr.cs
 0.1 kb	 0.0% Packages/com.unity.inputsystem/InputSystem/Runtime/Events/InputEventBuffer.cs
 0.1 kb	 0.0% Packages/com.unity.inputsystem/InputSystem/Runtime/Events/DeviceResetEvent.cs
 0.1 kb	 0.0% Packages/com.unity.inputsystem/InputSystem/Runtime/Events/DeltaStateEvent.cs
 0.1 kb	 0.0% Packages/com.unity.inputsystem/InputSystem/Runtime/Devices/Haptics/IDualMotorRumble.cs
 0.1 kb	 0.0% Packages/com.unity.inputsystem/InputSystem/Runtime/Devices/Haptics/DualMotorRumble.cs
 0.1 kb	 0.0% Packages/com.unity.inputsystem/InputSystem/Runtime/Controls/Vector3Control.cs
 0.1 kb	 0.0% Packages/com.unity.inputsystem/InputSystem/Runtime/Controls/Vector2Control.cs
 0.1 kb	 0.0% Packages/com.unity.inputsystem/InputSystem/Runtime/Controls/IntegerControl.cs
 0.1 kb	 0.0% Packages/com.unity.inputsystem/InputSystem/Runtime/Controls/DoubleControl.cs
 0.1 kb	 0.0% Packages/com.unity.inputsystem/InputSystem/Runtime/Controls/ButtonControl.cs
 0.1 kb	 0.0% Packages/com.unity.inputsystem/InputSystem/Runtime/Controls/AnyKeyControl.cs
 0.1 kb	 0.0% Packages/com.unity.inputsystem/InputSystem/Runtime/Actions/InputControlScheme.cs
 0.1 kb	 0.0% Packages/com.unity.inputsystem/InputSystem/Runtime/Actions/InputBindingResolver.cs
 0.1 kb	 0.0% Packages/com.unity.inputsystem/InputSystem/Runtime/Actions/InputActionReference.cs
 0.1 kb	 0.0% Packages/com.unity.inputsystem/InputSystem/Runtime/Actions/InputActionProperty.cs
 0.1 kb	 0.0% Packages/com.unity.inputsystem/InputSystem/Runtime/Actions/IInputInteraction.cs
 0.1 kb	 0.0% Packages/com.unity.inputsystem/InputSystem/Editor/UITKAssetEditor/Views/PropertiesView.cs
 0.1 kb	 0.0% Packages/com.unity.inputsystem/InputSystem/Editor/UITKAssetEditor/Views/DropManipulator.cs
 0.1 kb	 0.0% Packages/com.unity.inputsystem/InputSystem/Editor/UITKAssetEditor/Views/CopyPasteHelper.cs
 0.1 kb	 0.0% Packages/com.unity.inputsystem/InputSystem/Editor/UITKAssetEditor/Views/ActionsTreeView.cs
 0.1 kb	 0.0% Packages/com.unity.inputsystem/InputSystem/Editor/UITKAssetEditor/Views/ActionMapsView.cs
 0.1 kb	 0.0% Packages/com.unity.inputsystem/InputSystem/Editor/UITKAssetEditor/StateContainer.cs
 0.1 kb	 0.0% Packages/com.unity.inputsystem/InputSystem/Editor/UITKAssetEditor/ExpressionUtils.cs
 0.1 kb	 0.0% Packages/com.unity.inputsystem/InputSystem/Editor/Plugins/iOS/iOSPostProcessBuild.cs
 0.1 kb	 0.0% Packages/com.unity.inputsystem/InputSystem/Editor/Plugins/UnityRemote/UnityRemoteSupport.cs
 0.1 kb	 0.0% Packages/com.unity.inputsystem/InputSystem/Editor/Internal/TreeViewHelpers.cs
 0.1 kb	 0.0% Packages/com.unity.inputsystem/InputSystem/Editor/Internal/InputStateWindow.cs
 0.1 kb	 0.0% Packages/com.unity.inputsystem/InputSystem/Editor/Internal/EditorHelpers.cs
 0.1 kb	 0.0% Packages/com.unity.inputsystem/InputSystem/Editor/Internal/AdvancedDropdown/AdvancedDropdown.cs
 0.1 kb	 0.0% Packages/com.unity.inputsystem/InputSystem/Editor/InputSystemObject.cs
 0.1 kb	 0.0% Packages/com.unity.inputsystem/InputSystem/Editor/InputDiagnostics.cs
 0.1 kb	 0.0% Packages/com.unity.collections/Unity.Collections/UnsafeList.cs
 0.1 kb	 0.0% Packages/com.unity.collections/Unity.Collections/FixedStringParseMethods.cs
 0.1 kb	 0.0% Packages/com.unity.collections/Unity.Collections/FixedStringAppendMethods.cs
 0.1 kb	 0.0% Packages/com.unity.ugui/Runtime/UGUI/UI/Core/Utility/ReflectionMethodsCache.cs
 0.1 kb	 0.0% Packages/com.unity.ugui/Runtime/UGUI/UI/Core/MultipleDisplayUtilities.cs
 0.1 kb	 0.0% Packages/com.unity.ugui/Runtime/UGUI/UI/Core/Layout/HorizontalLayoutGroup.cs
 0.1 kb	 0.0% Packages/com.unity.ugui/Runtime/UGUI/UI/Core/IGraphicEnabledDisabled.cs
 0.1 kb	 0.0% Packages/com.unity.ugui/Runtime/UGUI/UI/Core/GraphicRebuildTracker.cs
 0.1 kb	 0.0% Packages/com.unity.ugui/Runtime/UGUI/UI/Core/Culling/RectangularVertexClipper.cs
 0.1 kb	 0.0% Packages/com.unity.ugui/Runtime/UGUI/EventSystem/UIElements/PanelEventHandler.cs
 0.1 kb	 0.0% Packages/com.unity.ugui/Runtime/UGUI/EventSystem/Raycasters/Physics2DRaycaster.cs
 0.1 kb	 0.0% Packages/com.unity.ugui/Runtime/UGUI/EventSystem/InputModules/PointerInputModule.cs
 0.1 kb	 0.0% Packages/com.unity.transport/Runtime/WebSocket/WebSocket.cs
 0.1 kb	 0.0% Packages/com.unity.transport/Runtime/PacketsQueue.cs
 0.1 kb	 0.0% Packages/com.unity.transport/Runtime/PacketBuffer.cs
 0.1 kb	 0.0% Packages/com.unity.transport/Runtime/NetworkStack.cs
 0.1 kb	 0.0% Packages/com.unity.transport/Runtime/Layers/RelayLayer.cs
 0.1 kb	 0.0% Packages/com.unity.transport/Runtime/Layers/DTLSLayer.cs
 0.1 kb	 0.0% Packages/com.unity.transport/Runtime/Layers/BottomLayer.cs
 0.1 kb	 0.0% Packages/com.unity.transport/Runtime/IPCManager.cs
 0.1 kb	 0.0% Packages/com.unity.transport/Runtime/HMACSHA256.cs
 0.1 kb	 0.0% Packages/com.unity.transport/Runtime/ConnectionId.cs
 0.1 kb	 0.0% Packages/com.unity.services.wire/Runtime/websocket-sharp/Net/ResponseStream.cs
 0.1 kb	 0.0% Packages/com.unity.services.wire/Runtime/websocket-sharp/Net/RequestStream.cs
 0.1 kb	 0.0% Packages/com.unity.services.wire/Runtime/websocket-sharp/Net/ReadBufferState.cs
 0.1 kb	 0.0% Packages/com.unity.services.wire/Runtime/websocket-sharp/Net/HttpHeaderInfo.cs
 0.1 kb	 0.0% Packages/com.unity.services.wire/Runtime/websocket-sharp/Net/HttpConnection.cs
 0.1 kb	 0.0% Packages/com.unity.services.wire/Runtime/websocket-sharp/Net/EndPointManager.cs
 0.1 kb	 0.0% Packages/com.unity.services.wire/Runtime/websocket-sharp/Net/EndPointListener.cs
 0.1 kb	 0.0% Packages/com.unity.services.wire/Runtime/websocket-sharp/Net/CookieException.cs
 0.1 kb	 0.0% Packages/com.unity.services.wire/Runtime/websocket-sharp/Net/CookieCollection.cs
 0.1 kb	 0.0% Packages/com.unity.services.wire/Runtime/WebSocket.cs
 0.1 kb	 0.0% Packages/com.unity.services.wire/Runtime/Centrifuge/WireMessage.cs
 0.1 kb	 0.0% Packages/com.unity.services.wire/Runtime/Centrifuge/Subscription.cs
 0.1 kb	 0.0% Packages/com.unity.services.qos/Runtime/v2/Models/QosServersList.cs
 0.1 kb	 0.0% Packages/com.unity.services.qos/Runtime/v2/Http/ResponseHandler.cs
 0.1 kb	 0.0% Packages/com.unity.services.qos/Runtime/v2/Http/IDeserializable.cs
 0.1 kb	 0.0% Packages/com.unity.services.qos/Runtime/v2/Http/HttpException.cs
 0.1 kb	 0.0% Packages/com.unity.services.qos/Runtime/v2/Http/BaseApiClient.cs
 0.1 kb	 0.0% Packages/com.unity.services.qos/Runtime/WrappedQosService.cs
 0.1 kb	 0.0% Packages/com.unity.services.qos/Runtime/Runner/InternalQosResult.cs
 0.1 kb	 0.0% Packages/com.unity.services.qos/Runtime/Runner/BaselibQosRunner.cs
 0.1 kb	 0.0% Packages/com.unity.services.qos/Runtime/QosServiceProvider.cs
 0.1 kb	 0.0% Packages/com.unity.services.qos/Runtime/Models/QosServiceServer.cs
 0.1 kb	 0.0% Packages/com.unity.services.qos/Runtime/Models/QosServersList.cs
 0.1 kb	 0.0% Packages/com.unity.services.multiplayer/Runtime/Relay/SDK/IRelayService.cs
 0.1 kb	 0.0% Packages/com.unity.services.multiplayer/Runtime/Relay/RelayServiceSdk.cs
 0.1 kb	 0.0% Packages/com.unity.services.multiplayer/Runtime/Relay/Models/ResponseMeta.cs
 0.1 kb	 0.0% Packages/com.unity.services.multiplayer/Runtime/Relay/Models/RelayServer.cs
 0.1 kb	 0.0% Packages/com.unity.services.multiplayer/Runtime/Relay/Models/RegionsData.cs
 0.1 kb	 0.0% Packages/com.unity.services.multiplayer/Runtime/Relay/Models/KeyValuePair.cs
 0.1 kb	 0.0% Packages/com.unity.services.multiplayer/Runtime/Relay/Models/JoinRequest.cs
 0.1 kb	 0.0% Packages/com.unity.services.multiplayer/Runtime/Relay/Models/JoinCodeData.cs
 0.1 kb	 0.0% Packages/com.unity.services.multiplayer/Runtime/Relay/Models/Allocation.cs
 0.1 kb	 0.0% Packages/com.unity.services.multiplayer/Runtime/Relay/Http/JsonObject.cs
 0.1 kb	 0.0% Packages/com.unity.services.multiplayer/Runtime/Relay/Http/JsonHelpers.cs
 0.1 kb	 0.0% Packages/com.unity.services.multiplayer/Runtime/Relay/Http/IHttpClient.cs
 0.1 kb	 0.0% Packages/com.unity.services.multiplayer/Runtime/Relay/Http/HttpClient.cs
 0.1 kb	 0.0% Packages/com.unity.services.multiplayer/Runtime/Relay/Http/AsyncOpRetry.cs
 0.1 kb	 0.0% Packages/com.unity.services.multiplayer/Runtime/Relay/Configuration/Configuration.cs
 0.1 kb	 0.0% Packages/com.unity.services.multiplayer/Runtime/Multiplayer/Utils/MPConstants.cs
 0.1 kb	 0.0% Packages/com.unity.services.multiplayer/Runtime/Multiplayer/Utils/JWT/JwtDecoder.cs
 0.1 kb	 0.0% Packages/com.unity.services.multiplayer/Runtime/Multiplayer/Utils/IServiceID.cs
 0.1 kb	 0.0% Packages/com.unity.services.multiplayer/Runtime/Multiplayer/SessionBrowser/SortOption.cs
 0.1 kb	 0.0% Packages/com.unity.services.multiplayer/Runtime/Multiplayer/SessionBrowser/SessionInfo.cs
 0.1 kb	 0.0% Packages/com.unity.services.multiplayer/Runtime/Multiplayer/SessionBrowser/FilterOption.cs
 0.1 kb	 0.0% Packages/com.unity.services.multiplayer/Runtime/Multiplayer/Modules/Network/Models/NetworkInfo.cs
 0.1 kb	 0.0% Packages/com.unity.services.multiplayer/Runtime/Multiplayer/Modules/Network/Handlers/Relay/RelayHandler.cs
 0.1 kb	 0.0% Packages/com.unity.services.multiplayer/Runtime/Multiplayer/Modules/Network/Handlers/NetworkHandler/NetcodeUtils.cs
 0.1 kb	 0.0% Packages/com.unity.services.multiplayer/Runtime/Multiplayer/Modules/Network/Handlers/DistributedAuthority/DaHandler.cs
 0.1 kb	 0.0% Packages/com.unity.services.multiplayer/Runtime/Multiplayer/Matchmaking/Matchmaker.cs
 0.1 kb	 0.0% Packages/com.unity.services.multiplayer/Runtime/Multiplayer/Lobby/LobbyHandler.cs
 0.1 kb	 0.0% Packages/com.unity.services.multiplayer/Runtime/Lobbies/Http/JsonObject.cs
 0.1 kb	 0.0% Packages/com.unity.services.multiplayer/Runtime/Lobbies/Http/JsonHelpers.cs
 0.1 kb	 0.0% Packages/com.unity.services.multiplayer/Runtime/Lobbies/Http/IHttpClient.cs
 0.1 kb	 0.0% Packages/com.unity.services.multiplayer/Runtime/Lobbies/Http/HttpClient.cs
 0.1 kb	 0.0% Packages/com.unity.services.multiplayer/Runtime/Lobbies/Http/CommonErrors.cs
 0.1 kb	 0.0% Packages/com.unity.services.multiplayer/Runtime/Lobbies/Http/BasicError.cs
 0.1 kb	 0.0% Packages/com.unity.services.core/Runtime/Core/UnityServicesBuilder.cs
 0.1 kb	 0.0% Packages/com.unity.services.core/Runtime/Core.Internal/Telemetry/CoreMetrics.cs
 0.1 kb	 0.0% Packages/com.unity.services.core/Runtime/Core.Internal/Registry/CoreRegistry.cs
 0.1 kb	 0.0% Packages/com.unity.services.core/Runtime/Core.Internal/Logging/CoreLogger.cs
 0.1 kb	 0.0% Packages/com.unity.services.core/Runtime/Core.Internal/Components/Wire/ChannelToken.cs
 0.1 kb	 0.0% Packages/com.unity.services.core/Runtime/Core.Internal/Components/Qos/IQosResults.cs
 0.1 kb	 0.0% Packages/com.unity.services.authentication/Runtime/Utilities/Logger.cs
 0.1 kb	 0.0% Packages/com.unity.services.authentication/Runtime/Utilities/Cache/ICache.cs
 0.1 kb	 0.0% Packages/com.unity.services.authentication/Runtime/Models/Security/BaseJwt.cs
 0.1 kb	 0.0% Packages/com.unity.services.authentication/Runtime/Models/Identity.cs
 0.1 kb	 0.0% Packages/com.unity.services.authentication/Runtime/Models/Components/Profile/IProfile.cs
 0.1 kb	 0.0% Packages/com.unity.netcode.gameobjects/Runtime/Timing/NetworkTimeSystem.cs
 0.1 kb	 0.0% Packages/com.unity.netcode.gameobjects/Runtime/Timing/NetworkTickSystem.cs
 0.1 kb	 0.0% Packages/com.unity.netcode.gameobjects/Runtime/Timing/IRealTimeProvider.cs
 0.1 kb	 0.0% Packages/com.unity.netcode.gameobjects/Runtime/Timing/AnticipationSystem.cs
 0.1 kb	 0.0% Packages/com.unity.netcode.gameobjects/Runtime/Spawning/ReleasedNetworkId.cs
 0.1 kb	 0.0% Packages/com.unity.netcode.gameobjects/Runtime/Spawning/NetworkSpawnManager.cs
 0.1 kb	 0.0% Packages/com.unity.netcode.gameobjects/Runtime/Spawning/NetworkPrefabHandler.cs
 0.1 kb	 0.0% Packages/com.unity.netcode.gameobjects/Runtime/Serialization/INetworkSerializable.cs
 0.1 kb	 0.0% Packages/com.unity.netcode.gameobjects/Runtime/SceneManagement/SceneEventProgress.cs
 0.1 kb	 0.0% Packages/com.unity.netcode.gameobjects/Runtime/SceneManagement/NetworkSceneManager.cs
 0.1 kb	 0.0% Packages/com.unity.netcode.gameobjects/Runtime/SceneManagement/NetworkSceneHandle.cs
 0.1 kb	 0.0% Packages/com.unity.netcode.gameobjects/Runtime/SceneManagement/ISceneManagerHandler.cs
 0.1 kb	 0.0% Packages/com.unity.netcode.gameobjects/Runtime/NetworkVariable/Serialization/ResizableBitVector.cs
 0.1 kb	 0.0% Packages/com.unity.netcode.gameobjects/Runtime/NetworkVariable/NetworkVariableBase.cs
 0.1 kb	 0.0% Packages/com.unity.netcode.gameobjects/Runtime/Metrics/NullNetworkMetrics.cs
 0.1 kb	 0.0% Packages/com.unity.netcode.gameobjects/Runtime/Messaging/RpcTargets/ProxyRpcTargetGroup.cs
 0.1 kb	 0.0% Packages/com.unity.netcode.gameobjects/Runtime/Messaging/RpcTargets/NotServerRpcTarget.cs
 0.1 kb	 0.0% Packages/com.unity.netcode.gameobjects/Runtime/Messaging/RpcTargets/NotOwnerRpcTarget.cs
 0.1 kb	 0.0% Packages/com.unity.netcode.gameobjects/Runtime/Messaging/RpcTargets/LocalSendRpcTarget.cs
 0.1 kb	 0.0% Packages/com.unity.netcode.gameobjects/Runtime/Messaging/RpcTargets/IIndividualRpcTarget.cs
 0.1 kb	 0.0% Packages/com.unity.netcode.gameobjects/Runtime/Messaging/RpcTargets/EveryoneRpcTarget.cs
 0.1 kb	 0.0% Packages/com.unity.netcode.gameobjects/Runtime/Messaging/RpcTargets/DirectSendRpcTarget.cs
 0.1 kb	 0.0% Packages/com.unity.netcode.gameobjects/Runtime/Messaging/RpcTargets/AuthorityRpcTarget.cs
 0.1 kb	 0.0% Packages/com.unity.netcode.gameobjects/Runtime/Messaging/NetworkMessageHeader.cs
 0.1 kb	 0.0% Packages/com.unity.netcode.gameobjects/Runtime/Messaging/NetworkManagerHooks.cs
 0.1 kb	 0.0% Packages/com.unity.netcode.gameobjects/Runtime/Messaging/NetworkBatchHeader.cs
 0.1 kb	 0.0% Packages/com.unity.netcode.gameobjects/Runtime/Messaging/Messages/SessionOwnerMessage.cs
 0.1 kb	 0.0% Packages/com.unity.netcode.gameobjects/Runtime/Messaging/Messages/SceneEventMessage.cs
 0.1 kb	 0.0% Packages/com.unity.netcode.gameobjects/Runtime/Messaging/Messages/ParentSyncMessage.cs
 0.1 kb	 0.0% Packages/com.unity.netcode.gameobjects/Runtime/Messaging/Messages/DestroyObjectMessage.cs
 0.1 kb	 0.0% Packages/com.unity.netcode.gameobjects/Runtime/Messaging/Messages/CreateObjectMessage.cs
 0.1 kb	 0.0% Packages/com.unity.netcode.gameobjects/Runtime/Messaging/ILPPMessageProvider.cs
 0.1 kb	 0.0% Packages/com.unity.netcode.gameobjects/Runtime/Messaging/DefaultMessageSender.cs
 0.1 kb	 0.0% Packages/com.unity.netcode.gameobjects/Runtime/Logging/LogContext/GenericContext.cs
 0.1 kb	 0.0% Packages/com.unity.netcode.gameobjects/Runtime/Logging/ContextualLogger.cs
 0.1 kb	 0.0% Packages/com.unity.netcode.gameobjects/Runtime/Exceptions/SpawnStateException.cs
 0.1 kb	 0.0% Packages/com.unity.netcode.gameobjects/Runtime/Exceptions/NotServerException.cs
 0.1 kb	 0.0% Packages/com.unity.netcode.gameobjects/Runtime/Core/NetworkUpdateLoop.cs
 0.1 kb	 0.0% Packages/com.unity.netcode.gameobjects/Runtime/Configuration/NetworkPrefabsList.cs
 0.1 kb	 0.0% Packages/com.unity.netcode.gameobjects/Runtime/Configuration/CommandLineOptions.cs
 0.1 kb	 0.0% Packages/com.unity.netcode.gameobjects/Runtime/Components/QuaternionCompressor.cs
 0.1 kb	 0.0% Packages/com.unity.netcode.gameobjects/Runtime/Components/NetworkTransform.cs
 0.1 kb	 0.0% Packages/com.unity.netcode.gameobjects/Runtime/Components/NetworkRigidbody.cs
 0.1 kb	 0.0% Packages/com.unity.netcode.gameobjects/Runtime/Components/NetworkAnimator.cs
 0.1 kb	 0.0% Packages/com.unity.inputsystem/InputSystem/Runtime/Utilities/TypeTable.cs
 0.1 kb	 0.0% Packages/com.unity.inputsystem/InputSystem/Runtime/Utilities/TypeHelpers.cs
 0.1 kb	 0.0% Packages/com.unity.inputsystem/InputSystem/Runtime/Utilities/Substring.cs
 0.1 kb	 0.0% Packages/com.unity.inputsystem/InputSystem/Runtime/Utilities/SavedState.cs
 0.1 kb	 0.0% Packages/com.unity.inputsystem/InputSystem/Runtime/Utilities/Observables/Observable.cs
 0.1 kb	 0.0% Packages/com.unity.inputsystem/InputSystem/Runtime/Utilities/NamedValue.cs
 0.1 kb	 0.0% Packages/com.unity.inputsystem/InputSystem/Runtime/Utilities/MiscHelpers.cs
 0.1 kb	 0.0% Packages/com.unity.inputsystem/InputSystem/Runtime/Utilities/JsonParser.cs
 0.1 kb	 0.0% Packages/com.unity.inputsystem/InputSystem/Runtime/Utilities/ArrayHelpers.cs
 0.1 kb	 0.0% Packages/com.unity.inputsystem/InputSystem/Runtime/Plugins/iOS/InputSettingsiOS.cs
 0.1 kb	 0.0% Packages/com.unity.inputsystem/InputSystem/Runtime/Plugins/XR/XRLayoutBuilder.cs
 0.1 kb	 0.0% Packages/com.unity.inputsystem/InputSystem/Runtime/Plugins/UI/NavigationModel.cs
 0.1 kb	 0.0% Packages/com.unity.inputsystem/InputSystem/Runtime/InputUpdateType.cs
 0.1 kb	 0.0% Packages/com.unity.collections/Unity.Collections/UnsafeText.cs
 0.1 kb	 0.0% Packages/com.unity.collections/Unity.Collections/UnsafeStream.cs
 0.1 kb	 0.0% Packages/com.unity.collections/Unity.Collections/RewindableAllocator.cs
 0.1 kb	 0.0% Packages/com.unity.collections/Unity.Collections/FixedStringMethods.cs
 0.1 kb	 0.0% Packages/com.unity.collections/Unity.Collections/AutoFreeAllocator.cs
 0.1 kb	 0.0% Packages/com.unity.ugui/Runtime/UGUI/UI/Animation/CoroutineTween.cs
 0.1 kb	 0.0% Packages/com.unity.ugui/Runtime/UGUI/EventSystem/EventInterfaces.cs
 0.1 kb	 0.0% Packages/com.unity.ugui/Runtime/TMP/TMPro_ExtensionMethods.cs
 0.1 kb	 0.0% Packages/com.unity.ugui/Runtime/TMP/TMP_TextParsingUtilities.cs
 0.1 kb	 0.0% Packages/com.unity.ugui/Runtime/TMP/TMP_TextElement_Legacy.cs
 0.1 kb	 0.0% Packages/com.unity.ugui/Runtime/TMP/TMP_FontAssetUtilities.cs
 0.1 kb	 0.0% Packages/com.unity.ugui/Runtime/TMP/MaterialReferenceManager.cs
 0.1 kb	 0.0% Packages/com.unity.ugui/Runtime/TMP/FontFeatureCommonGSUB.cs
 0.1 kb	 0.0% Packages/com.unity.services.wire/Runtime/websocket-sharp/WebSocketFrame.cs
 0.1 kb	 0.0% Packages/com.unity.services.wire/Runtime/websocket-sharp/Server/HttpServer.cs
 0.1 kb	 0.0% Packages/com.unity.services.wire/Runtime/websocket-sharp/MessageEventArgs.cs
 0.1 kb	 0.0% Packages/com.unity.services.wire/Runtime/websocket-sharp/ErrorEventArgs.cs
 0.1 kb	 0.0% Packages/com.unity.services.wire/Runtime/websocket-sharp/CloseEventArgs.cs
 0.1 kb	 0.0% Packages/com.unity.services.wire/Runtime/Centrifuge/ProtocolSchema/Push.cs
 0.1 kb	 0.0% Packages/com.unity.services.qos/Runtime/v2/Scheduler/ThreadHelper.cs
 0.1 kb	 0.0% Packages/com.unity.services.qos/Runtime/v2/Models/QosDiscoveryIOneOf.cs
 0.1 kb	 0.0% Packages/com.unity.services.qos/Runtime/v2/Http/AsyncOpRetry.cs
 0.1 kb	 0.0% Packages/com.unity.services.qos/Runtime/v2/Configuration/Configuration.cs
 0.1 kb	 0.0% Packages/com.unity.services.qos/Runtime/Models/QosDiscoveryIOneOf.cs
 0.1 kb	 0.0% Packages/com.unity.services.qos/Runtime/Http/ResponseHandler.cs
 0.1 kb	 0.0% Packages/com.unity.services.qos/Runtime/Http/IDeserializable.cs
 0.1 kb	 0.0% Packages/com.unity.services.qos/Runtime/Http/HttpException.cs
 0.1 kb	 0.0% Packages/com.unity.services.qos/Runtime/Http/BaseApiClient.cs
 0.1 kb	 0.0% Packages/com.unity.services.multiplayer/Runtime/Relay/Models/RelayIOneOf.cs
 0.1 kb	 0.0% Packages/com.unity.services.multiplayer/Runtime/Matchmaker/Models/Player.cs
 0.1 kb	 0.0% Packages/com.unity.services.multiplayer/Runtime/Matchmaker/Models/Override.cs
 0.1 kb	 0.0% Packages/com.unity.services.multiplayer/Runtime/Matchmaker/Http/Responses.cs
 0.1 kb	 0.0% Packages/com.unity.services.multiplayer/Runtime/Lobbies/SDK/LobbyUpdates/LobbyValue.cs
 0.1 kb	 0.0% Packages/com.unity.services.multiplayer/Runtime/Lobbies/SDK/LobbyUpdates/ILobbyEvents.cs
 0.1 kb	 0.0% Packages/com.unity.services.multiplayer/Runtime/Lobbies/SDK/LobbyService.cs
 0.1 kb	 0.0% Packages/com.unity.services.multiplayer/Runtime/Lobbies/SDK/LobbyCacher/LobbyCacher.cs
 0.1 kb	 0.0% Packages/com.unity.services.multiplayer/Runtime/Lobbies/Models/Player.cs
 0.1 kb	 0.0% Packages/com.unity.services.multiplayer/Runtime/Lobbies/Models/Lobby.cs
 0.1 kb	 0.0% Packages/com.unity.services.multiplayer/Runtime/Lobbies/Models/IOneOf.cs
 0.1 kb	 0.0% Packages/com.unity.services.multiplayer/Runtime/Lobbies/Models/Detail.cs
 0.1 kb	 0.0% Packages/com.unity.services.core/Runtime/Core.Internal/Components/Vivox/IVivox.cs
 0.1 kb	 0.0% Packages/com.unity.netcode.gameobjects/Runtime/Messaging/Messages/MessageMetadata.cs
 0.1 kb	 0.0% Packages/com.unity.inputsystem/InputSystem/Runtime/Utilities/DynamicBitfield.cs
 0.1 kb	 0.0% Packages/com.unity.inputsystem/InputSystem/Runtime/State/InputState.cs
 0.1 kb	 0.0% Packages/com.unity.inputsystem/InputSystem/Runtime/Plugins/WebGL/WebGLSupport.cs
 0.1 kb	 0.0% Packages/com.unity.inputsystem/InputSystem/Runtime/Plugins/WebGL/WebGLGamepad.cs
 0.1 kb	 0.0% Packages/com.unity.inputsystem/InputSystem/Runtime/Plugins/Users/InputUser.cs
 0.1 kb	 0.0% Packages/com.unity.inputsystem/InputSystem/Runtime/Plugins/Linux/LinuxSupport.cs
 0.1 kb	 0.0% Packages/com.unity.inputsystem/InputSystem/Runtime/Plugins/EnhancedTouch/Touch.cs
 0.1 kb	 0.0% Packages/com.unity.inputsystem/InputSystem/Runtime/Plugins/EnhancedTouch/Finger.cs
 0.1 kb	 0.0% Packages/com.unity.inputsystem/InputSystem/Runtime/InputSystemState.cs
 0.1 kb	 0.0% Packages/com.unity.inputsystem/InputSystem/Runtime/InputSettings.cs
 0.1 kb	 0.0% Packages/com.unity.inputsystem/InputSystem/Runtime/InputMetrics.cs
 0.1 kb	 0.0% Packages/com.unity.inputsystem/InputSystem/Runtime/InputExtensions.cs
 0.1 kb	 0.0% Packages/com.unity.inputsystem/InputSystem/Runtime/InputAnalytics.cs
 0.1 kb	 0.0% Packages/com.unity.inputsystem/InputSystem/Runtime/Events/TextEvent.cs
 0.1 kb	 0.0% Packages/com.unity.inputsystem/InputSystem/Runtime/Events/StateEvent.cs
 0.1 kb	 0.0% Packages/com.unity.inputsystem/InputSystem/Runtime/Events/InputEvent.cs
 0.1 kb	 0.0% Packages/com.unity.inputsystem/InputSystem/Runtime/Events/ActionEvent.cs
 0.1 kb	 0.0% Packages/com.unity.inputsystem/InputSystem/Runtime/Devices/TrackedDevice.cs
 0.1 kb	 0.0% Packages/com.unity.inputsystem/InputSystem/Runtime/Devices/Remote/InputRemoting.cs
 0.1 kb	 0.0% Packages/com.unity.inputsystem/InputSystem/Runtime/Devices/Precompiled/FastTouchscreen.cs
 0.1 kb	 0.0% Packages/com.unity.inputsystem/InputSystem/Runtime/Devices/Precompiled/FastMouse.partial.cs
 0.1 kb	 0.0% Packages/com.unity.inputsystem/InputSystem/Runtime/Devices/IEventMerger.cs
 0.1 kb	 0.0% Packages/com.unity.inputsystem/InputSystem/Runtime/Controls/TouchControl.cs
 0.1 kb	 0.0% Packages/com.unity.inputsystem/InputSystem/Runtime/Controls/StickControl.cs
 0.1 kb	 0.0% Packages/com.unity.inputsystem/InputSystem/Runtime/Controls/KeyControl.cs
 0.1 kb	 0.0% Packages/com.unity.inputsystem/InputSystem/Runtime/Controls/InputProcessor.cs
 0.1 kb	 0.0% Packages/com.unity.inputsystem/InputSystem/Runtime/Controls/InputControlPath.cs
 0.1 kb	 0.0% Packages/com.unity.inputsystem/InputSystem/Runtime/Controls/DpadControl.cs
 0.1 kb	 0.0% Packages/com.unity.inputsystem/InputSystem/Runtime/Controls/DeltaControl.cs
 0.1 kb	 0.0% Packages/com.unity.inputsystem/InputSystem/Runtime/Controls/AxisControl.cs
 0.1 kb	 0.0% Packages/com.unity.inputsystem/InputSystem/Runtime/Actions/InputActionState.cs
 0.1 kb	 0.0% Packages/com.unity.inputsystem/InputSystem/Runtime/Actions/InputActionMap.cs
 0.1 kb	 0.0% Packages/com.unity.inputsystem/InputSystem/Runtime/Actions/InputActionAsset.cs
 0.1 kb	 0.0% Packages/com.unity.inputsystem/InputSystem/Editor/UITKAssetEditor/Views/Selectors.cs
 0.1 kb	 0.0% Packages/com.unity.inputsystem/InputSystem/Editor/UITKAssetEditor/Views/ContextMenu.cs
 0.1 kb	 0.0% Packages/com.unity.inputsystem/InputSystem/Editor/Internal/GUIHelpers.cs
 0.1 kb	 0.0% Packages/com.unity.collections/Unity.Collections/UnsafeQueue.cs
 0.1 kb	 0.0% Packages/com.unity.collections/Unity.Collections/NativeHashMap.cs
 0.1 kb	 0.0% Packages/com.unity.collections/Unity.Collections/FixedStringFormat.gen.cs
 0.1 kb	 0.0% Packages/com.unity.collections/Unity.Collections/FixedString.gen.cs
 0.1 kb	 0.0% Packages/com.unity.ugui/Runtime/UGUI/UI/Core/SetPropertyUtility.cs
 0.1 kb	 0.0% Packages/com.unity.ugui/Runtime/UGUI/UI/Core/MaterialModifiers/IMaterialModifier.cs
 0.1 kb	 0.0% Packages/com.unity.ugui/Runtime/UGUI/UI/Core/Layout/VerticalLayoutGroup.cs
 0.1 kb	 0.0% Packages/com.unity.ugui/Runtime/UGUI/UI/Core/Layout/ContentSizeFitter.cs
 0.1 kb	 0.0% Packages/com.unity.ugui/Runtime/UGUI/UI/Core/Layout/AspectRatioFitter.cs
 0.1 kb	 0.0% Packages/com.unity.ugui/Runtime/UGUI/UI/Core/FontUpdateTracker.cs
 0.1 kb	 0.0% Packages/com.unity.ugui/Runtime/UGUI/UI/Core/CanvasUpdateRegistry.cs
 0.1 kb	 0.0% Packages/com.unity.ugui/Runtime/UGUI/UI/Core/AnimationTriggers.cs
 0.1 kb	 0.0% Packages/com.unity.ugui/Runtime/UGUI/EventSystem/UIElements/PanelRaycaster.cs
 0.1 kb	 0.0% Packages/com.unity.ugui/Runtime/UGUI/EventSystem/Raycasters/PhysicsRaycaster.cs
 0.1 kb	 0.0% Packages/com.unity.ugui/Runtime/UGUI/EventSystem/Raycasters/BaseRaycaster.cs
 0.1 kb	 0.0% Packages/com.unity.ugui/Runtime/UGUI/EventSystem/RaycasterManager.cs
 0.1 kb	 0.0% Packages/com.unity.ugui/Runtime/UGUI/EventSystem/RaycastResult.cs
 0.1 kb	 0.0% Packages/com.unity.ugui/Runtime/UGUI/EventSystem/InputModules/TouchInputModule.cs
 0.1 kb	 0.0% Packages/com.unity.ugui/Runtime/UGUI/EventSystem/InputModules/BaseInputModule.cs
 0.1 kb	 0.0% Packages/com.unity.ugui/Runtime/UGUI/EventSystem/ExecuteEvents.cs
 0.1 kb	 0.0% Packages/com.unity.ugui/Runtime/UGUI/EventSystem/EventData/PointerEventData.cs
 0.1 kb	 0.0% Packages/com.unity.ugui/Runtime/UGUI/EventSystem/EventData/BaseEventData.cs
 0.1 kb	 0.0% Packages/com.unity.ugui/Runtime/UGUI/EventSystem/EventData/AxisEventData.cs
 0.1 kb	 0.0% Packages/com.unity.ugui/Runtime/TMP/TMP_TextProcessingStack.cs
 0.1 kb	 0.0% Packages/com.unity.ugui/Runtime/TMP/TMP_FontFeaturesCommon.cs
 0.1 kb	 0.0% Packages/com.unity.transport/Runtime/SHA256.cs
 0.1 kb	 0.0% Packages/com.unity.transport/Runtime/Layers/TopLayer.cs
 0.1 kb	 0.0% Packages/com.unity.transport/Runtime/Layers/TLSLayer.cs
 0.1 kb	 0.0% Packages/com.unity.transport/Runtime/Layers/LogLayer.cs
 0.1 kb	 0.0% Packages/com.unity.services.wire/Runtime/websocket-sharp/Net/HttpVersion.cs
 0.1 kb	 0.0% Packages/com.unity.services.wire/Runtime/websocket-sharp/Net/HttpUtility.cs
 0.1 kb	 0.0% Packages/com.unity.services.wire/Runtime/websocket-sharp/Net/HttpListener.cs
 0.1 kb	 0.0% Packages/com.unity.services.wire/Runtime/websocket-sharp/Net/ChunkStream.cs
 0.1 kb	 0.0% Packages/com.unity.services.wire/Runtime/Utils/Logger.cs
 0.1 kb	 0.0% Packages/com.unity.services.wire/Runtime/Centrifuge/Client.cs
 0.1 kb	 0.0% Packages/com.unity.services.qos/Runtime/v2/Models/QosServer.cs
 0.1 kb	 0.0% Packages/com.unity.services.qos/Runtime/v2/Http/JsonObject.cs
 0.1 kb	 0.0% Packages/com.unity.services.qos/Runtime/v2/Http/JsonHelpers.cs
 0.1 kb	 0.0% Packages/com.unity.services.qos/Runtime/v2/Http/IHttpClient.cs
 0.1 kb	 0.0% Packages/com.unity.services.qos/Runtime/v2/Http/HttpClient.cs
 0.1 kb	 0.0% Packages/com.unity.services.qos/Runtime/Scheduler/ThreadHelper.cs
 0.1 kb	 0.0% Packages/com.unity.services.qos/Runtime/Runner/NetworkEndPoint.cs
 0.1 kb	 0.0% Packages/com.unity.services.qos/Runtime/Runner/IQosRunner.cs
 0.1 kb	 0.0% Packages/com.unity.services.qos/Runtime/Models/QosServer.cs
 0.1 kb	 0.0% Packages/com.unity.services.qos/Runtime/Models/KeyValuePair.cs
 0.1 kb	 0.0% Packages/com.unity.services.qos/Runtime/Http/AsyncOpRetry.cs
 0.1 kb	 0.0% Packages/com.unity.services.qos/Runtime/Configuration/Configuration.cs
 0.1 kb	 0.0% Packages/com.unity.services.multiplayer/Runtime/Relay/SDK/RelayService.cs
 0.1 kb	 0.0% Packages/com.unity.services.multiplayer/Runtime/Relay/Models/Region.cs
 0.1 kb	 0.0% Packages/com.unity.services.multiplayer/Runtime/Relay/Models/JoinData.cs
 0.1 kb	 0.0% Packages/com.unity.services.multiplayer/Runtime/Multiplayer/Utils/Logger.cs
 0.1 kb	 0.0% Packages/com.unity.services.multiplayer/Runtime/Multiplayer/Utils/JWT/BaseJwt.cs
 0.1 kb	 0.0% Packages/com.unity.services.multiplayer/Runtime/Multiplayer/Session/Models/Player/Player.cs
 0.1 kb	 0.0% Packages/com.unity.services.multiplayer/Runtime/Multiplayer/Session/Models/Player/IPlayer.cs
 0.1 kb	 0.0% Packages/com.unity.services.multiplayer/Runtime/Multiplayer/Modules/IModule.cs
 0.1 kb	 0.0% Packages/com.unity.services.multiplayer/Runtime/Lobbies/Http/Responses.cs
 0.1 kb	 0.0% Packages/com.unity.services.multiplayer/Runtime/Lobbies/Http/IError.cs
 0.1 kb	 0.0% Packages/com.unity.services.core/Runtime/Core/Utils/UnityThreadUtils.cs
 0.1 kb	 0.0% Packages/com.unity.services.core/Runtime/Core/UnityServices.cs
 0.1 kb	 0.0% Packages/com.unity.services.core/Runtime/Core/IUnityServices.cs
 0.1 kb	 0.0% Packages/com.unity.services.core/Runtime/Core/CommonErrorCodes.cs
 0.1 kb	 0.0% Packages/com.unity.services.core/Runtime/Core.Internal/Components/Wire/IWire.cs
 0.1 kb	 0.0% Packages/com.unity.services.core/Runtime/Core.Internal/Components/Wire/IChannel.cs
 0.1 kb	 0.0% Packages/com.unity.services.authentication/Runtime/Models/Responses/User.cs
 0.1 kb	 0.0% Packages/com.unity.netcode.gameobjects/Runtime/Transports/NetworkTransport.cs
 0.1 kb	 0.0% Packages/com.unity.netcode.gameobjects/Runtime/Timing/RealTimeProvider.cs
 0.1 kb	 0.0% Packages/com.unity.netcode.gameobjects/Runtime/Serialization/IReaderWriter.cs
 0.1 kb	 0.0% Packages/com.unity.netcode.gameobjects/Runtime/Serialization/FastBufferWriter.cs
 0.1 kb	 0.0% Packages/com.unity.netcode.gameobjects/Runtime/Serialization/FastBufferReader.cs
 0.1 kb	 0.0% Packages/com.unity.netcode.gameobjects/Runtime/SceneManagement/SceneEventData.cs
 0.1 kb	 0.0% Packages/com.unity.netcode.gameobjects/Runtime/Profiling/ProfilingHooks.cs
 0.1 kb	 0.0% Packages/com.unity.netcode.gameobjects/Runtime/Metrics/INetworkMetrics.cs
 0.1 kb	 0.0% Packages/com.unity.netcode.gameobjects/Runtime/Messaging/RpcTargets/ServerRpcTarget.cs
 0.1 kb	 0.0% Packages/com.unity.netcode.gameobjects/Runtime/Messaging/RpcTargets/RpcTargetGroup.cs
 0.1 kb	 0.0% Packages/com.unity.netcode.gameobjects/Runtime/Messaging/RpcTargets/ProxyRpcTarget.cs
 0.1 kb	 0.0% Packages/com.unity.netcode.gameobjects/Runtime/Messaging/RpcTargets/OwnerRpcTarget.cs
 0.1 kb	 0.0% Packages/com.unity.netcode.gameobjects/Runtime/Messaging/RpcTargets/NotMeRpcTarget.cs
 0.1 kb	 0.0% Packages/com.unity.netcode.gameobjects/Runtime/Messaging/RpcTargets/IGroupRpcTarget.cs
 0.1 kb	 0.0% Packages/com.unity.netcode.gameobjects/Runtime/Messaging/RpcTargets/BaseRpcTarget.cs
 0.1 kb	 0.0% Packages/com.unity.netcode.gameobjects/Runtime/Messaging/NetworkContext.cs
 0.1 kb	 0.0% Packages/com.unity.netcode.gameobjects/Runtime/Messaging/Messages/UnnamedMessage.cs
 0.1 kb	 0.0% Packages/com.unity.netcode.gameobjects/Runtime/Messaging/Messages/TimeSyncMessage.cs
 0.1 kb	 0.0% Packages/com.unity.netcode.gameobjects/Runtime/Messaging/Messages/ServerLogMessage.cs
 0.1 kb	 0.0% Packages/com.unity.netcode.gameobjects/Runtime/Messaging/Messages/RpcMessages.cs
 0.1 kb	 0.0% Packages/com.unity.netcode.gameobjects/Runtime/Messaging/INetworkMessage.cs
 0.1 kb	 0.0% Packages/com.unity.netcode.gameobjects/Runtime/Messaging/INetworkHooks.cs
 0.1 kb	 0.0% Packages/com.unity.netcode.gameobjects/Runtime/Logging/LogContext/LogContext.cs
 0.1 kb	 0.0% Packages/com.unity.netcode.gameobjects/Runtime/Core/NetworkObject.cs
 0.1 kb	 0.0% Packages/com.unity.netcode.gameobjects/Runtime/Core/NetworkManager.cs
 0.1 kb	 0.0% Packages/com.unity.netcode.gameobjects/Runtime/Core/NetworkBehaviour.cs
 0.1 kb	 0.0% Packages/com.unity.netcode.gameobjects/Runtime/Core/ComponentFactory.cs
 0.1 kb	 0.0% Packages/com.unity.netcode.gameobjects/Runtime/Connection/PendingClient.cs
 0.1 kb	 0.0% Packages/com.unity.netcode.gameobjects/Runtime/Connection/NetworkClient.cs
 0.1 kb	 0.0% Packages/com.unity.netcode.gameobjects/Runtime/Configuration/SessionConfig.cs
 0.1 kb	 0.0% Packages/com.unity.netcode.gameobjects/Runtime/Configuration/NetworkPrefabs.cs
 0.1 kb	 0.0% Packages/com.unity.netcode.gameobjects/Runtime/Configuration/NetworkPrefab.cs
 0.1 kb	 0.0% Packages/com.unity.netcode.gameobjects/Runtime/Configuration/NetworkConstants.cs
 0.1 kb	 0.0% Packages/com.unity.netcode.gameobjects/Runtime/Configuration/NetworkConfig.cs
 0.1 kb	 0.0% Packages/com.unity.netcode.gameobjects/Runtime/Components/HalfVector4.cs
 0.1 kb	 0.0% Packages/com.unity.netcode.gameobjects/Runtime/Components/HalfVector3.cs
 0.1 kb	 0.0% Packages/com.unity.inputsystem/InputSystem/Runtime/Utilities/FourCC.cs
 0.1 kb	 0.0% Packages/com.unity.inputsystem/InputSystem/Runtime/Plugins/iOS/iOSSupport.cs
 0.1 kb	 0.0% Packages/com.unity.inputsystem/InputSystem/Runtime/Plugins/XR/XRSupport.cs
 0.1 kb	 0.0% Packages/com.unity.inputsystem/InputSystem/Runtime/Plugins/XR/GenericXRDevice.cs
 0.1 kb	 0.0% Packages/com.unity.inputsystem/InputSystem/Runtime/Plugins/XR/Devices/WindowsMR.cs
 0.1 kb	 0.0% Packages/com.unity.inputsystem/InputSystem/Runtime/Plugins/XR/Controls/PoseControl.cs
 0.1 kb	 0.0% Packages/com.unity.inputsystem/InputSystem/Runtime/Plugins/UI/UISupport.cs
 0.1 kb	 0.0% Packages/com.unity.inputsystem/InputSystem/Runtime/Plugins/UI/PointerModel.cs
 0.1 kb	 0.0% Packages/com.unity.inputsystem/InputSystem/Runtime/Plugins/OSX/OSXSupport.cs
 0.1 kb	 0.0% Packages/com.unity.inputsystem/InputSystem/Runtime/Plugins/HID/HIDSupport.cs
 0.1 kb	 0.0% Packages/com.unity.inputsystem/InputSystem/Runtime/Plugins/HID/HIDParser.cs
 0.1 kb	 0.0% Packages/com.unity.collections/Unity.Collections/xxHash3.StreamingState.cs
 0.1 kb	 0.0% Packages/com.unity.collections/Unity.Collections/NativeSort.cs
 0.1 kb	 0.0% Packages/com.unity.collections/Unity.Collections/NativeBitArray.cs
 0.1 kb	 0.0% Packages/com.unity.collections/Unity.Collections/ListExtensions.cs
 0.1 kb	 0.0% Packages/com.unity.collections/Unity.Collections/Jobs/IJobParallelForDefer.cs
 0.1 kb	 0.0% Packages/com.unity.collections/Unity.Collections/Jobs/IJobParallelForBatch.cs
 0.1 kb	 0.0% Packages/com.unity.collections/Unity.Collections/FixedStringUtils.cs
 0.1 kb	 0.0% Packages/com.unity.collections/Unity.Collections/DataStreamWriter.cs
 0.1 kb	 0.0% Packages/com.unity.collections/Unity.Collections/DataStreamReader.cs
 0.1 kb	 0.0% Packages/com.unity.collections/Unity.Collections/ConcurrentMask.cs
 0.1 kb	 0.0% Packages/com.unity.collections/Unity.Collections/CollectionHelper.cs
 0.1 kb	 0.0% Packages/com.unity.collections/Unity.Collections/AllocatorManager.cs
 0.1 kb	 0.0% Assets/Scripts/PermanentUpgradeCatalog.cs
 0.1 kb	 0.0% Assets/Scripts/InfernalBossBehaviour.cs
 0.1 kb	 0.0% Packages/com.unity.ugui/Runtime/TMP/TMPro_EventManager.cs
 0.1 kb	 0.0% Packages/com.unity.ugui/Runtime/TMP/TMP_UpdateRegistery.cs
 0.1 kb	 0.0% Packages/com.unity.ugui/Runtime/TMP/TMP_UpdateManager.cs
 0.1 kb	 0.0% Packages/com.unity.ugui/Runtime/TMP/TMP_TextUtilities.cs
 0.1 kb	 0.0% Packages/com.unity.ugui/Runtime/TMP/TMP_TextProcessingCommon.cs
 0.1 kb	 0.0% Packages/com.unity.ugui/Runtime/TMP/TMP_SpriteCharacter.cs
 0.1 kb	 0.0% Packages/com.unity.ugui/Runtime/TMP/TMP_SpriteAnimator.cs
 0.1 kb	 0.0% Packages/com.unity.ugui/Runtime/TMP/TMP_SelectionCaret.cs
 0.1 kb	 0.0% Packages/com.unity.ugui/Runtime/TMP/TMP_ResourcesManager.cs
 0.1 kb	 0.0% Packages/com.unity.ugui/Runtime/TMP/TMP_MaterialManager.cs
 0.1 kb	 0.0% Packages/com.unity.ugui/Runtime/TMP/TMP_InputValidator.cs
 0.1 kb	 0.0% Packages/com.unity.ugui/Runtime/TMP/TMP_FontFeatureTable.cs
 0.1 kb	 0.0% Packages/com.unity.ugui/Runtime/TMP/TMP_DefaultControls.cs
 0.1 kb	 0.0% Packages/com.unity.ugui/Runtime/TMP/TMP_Compatibility.cs
 0.1 kb	 0.0% Packages/com.unity.ugui/Runtime/TMP/TMP_ColorGradient.cs
 0.1 kb	 0.0% Packages/com.unity.ugui/Runtime/TMP/TMP_CharacterInfo.cs
 0.1 kb	 0.0% Packages/com.unity.ugui/Runtime/TMP/ITextPreProcessor.cs
 0.1 kb	 0.0% Packages/com.unity.ugui/Runtime/TMP/FontFeatureCommonGPOS.cs
 0.1 kb	 0.0% Packages/com.unity.ugui/Runtime/InternalBridge/TMPHelpURL.cs
 0.1 kb	 0.0% Packages/com.unity.services.wire/Runtime/websocket-sharp/WebSocket.cs
 0.1 kb	 0.0% Packages/com.unity.services.wire/Runtime/websocket-sharp/PayloadData.cs
 0.1 kb	 0.0% Packages/com.unity.services.wire/Runtime/websocket-sharp/HttpResponse.cs
 0.1 kb	 0.0% Packages/com.unity.services.wire/Runtime/websocket-sharp/HttpRequest.cs
 0.1 kb	 0.0% Packages/com.unity.services.qos/Runtime/Runner/InternalQosServer.cs
 0.1 kb	 0.0% Packages/com.unity.services.qos/Runtime/Http/JsonObject.cs
 0.1 kb	 0.0% Packages/com.unity.services.qos/Runtime/Http/JsonHelpers.cs
 0.1 kb	 0.0% Packages/com.unity.services.qos/Runtime/Http/IHttpClient.cs
 0.1 kb	 0.0% Packages/com.unity.services.qos/Runtime/Http/HttpClient.cs
 0.1 kb	 0.0% Packages/com.unity.services.multiplayer/Runtime/Relay/Http/Responses.cs
 0.1 kb	 0.0% Packages/com.unity.services.multiplayer/Runtime/Matchmaker/Models/Team.cs
 0.1 kb	 0.0% Packages/com.unity.services.multiplayer/Runtime/Lobbies/SDK/LobbyUpdates/LobbyEventCallbacks.cs
 0.1 kb	 0.0% Packages/com.unity.netcode.gameobjects/Runtime/Messaging/RpcAttributes.cs
 0.1 kb	 0.0% Packages/com.unity.inputsystem/InputSystem/Runtime/Plugins/PlayerInput/PlayerInput.cs
 0.1 kb	 0.0% Packages/com.unity.inputsystem/InputSystem/Runtime/Plugins/PlayerInput/InputValue.cs
 0.1 kb	 0.0% Packages/com.unity.inputsystem/InputSystem/Runtime/InputSystem.cs
 0.1 kb	 0.0% Packages/com.unity.inputsystem/InputSystem/Runtime/InputManager.cs
 0.1 kb	 0.0% Packages/com.unity.inputsystem/InputSystem/Runtime/Devices/Touchscreen.cs
 0.1 kb	 0.0% Packages/com.unity.inputsystem/InputSystem/Runtime/Devices/Precompiled/FastMouse.cs
 0.1 kb	 0.0% Packages/com.unity.inputsystem/InputSystem/Runtime/Devices/Precompiled/FastKeyboard.cs
 0.1 kb	 0.0% Packages/com.unity.inputsystem/InputSystem/Runtime/Devices/InputDevice.cs
 0.1 kb	 0.0% Packages/com.unity.inputsystem/InputSystem/Runtime/Devices/Haptics/IHaptics.cs
 0.1 kb	 0.0% Packages/com.unity.inputsystem/InputSystem/Runtime/Controls/InputControl.cs
 0.1 kb	 0.0% Packages/com.unity.inputsystem/InputSystem/Runtime/Controls/CommonUsages.cs
 0.1 kb	 0.0% Packages/com.unity.inputsystem/InputSystem/Runtime/Actions/InputBinding.cs
 0.1 kb	 0.0% Packages/com.unity.inputsystem/InputSystem/Runtime/Actions/InputAction.cs
 0.1 kb	 0.0% Packages/com.unity.inputsystem/InputSystem/Editor/UITKAssetEditor/Commands/Commands.cs
 0.1 kb	 0.0% Packages/com.unity.inputsystem/InputSystem/Editor/Dialog.cs
 0.1 kb	 0.0% Packages/com.unity.inputsystem/InputSystem/AssemblyInfo.cs
 0.1 kb	 0.0% Packages/com.unity.collections/Unity.Collections/NativeText.gen.cs
 0.1 kb	 0.0% Packages/com.unity.collections/Unity.Collections/FixedList.gen.cs
 0.1 kb	 0.0% Packages/com.unity.ugui/Runtime/UGUI/UI/Core/VertexModifiers/PositionAsUV1.cs
 0.1 kb	 0.0% Packages/com.unity.ugui/Runtime/UGUI/UI/Core/VertexModifiers/IMeshModifier.cs
 0.1 kb	 0.0% Packages/com.unity.ugui/Runtime/UGUI/UI/Core/VertexModifiers/BaseMeshEffect.cs
 0.1 kb	 0.0% Packages/com.unity.ugui/Runtime/UGUI/UI/Core/StencilMaterial.cs
 0.1 kb	 0.0% Packages/com.unity.ugui/Runtime/UGUI/UI/Core/RaycastReceiver.cs
 0.1 kb	 0.0% Packages/com.unity.ugui/Runtime/UGUI/UI/Core/MaskableGraphic.cs
 0.1 kb	 0.0% Packages/com.unity.ugui/Runtime/UGUI/UI/Core/MaskUtilities.cs
 0.1 kb	 0.0% Packages/com.unity.ugui/Runtime/UGUI/UI/Core/Layout/LayoutUtility.cs
 0.1 kb	 0.0% Packages/com.unity.ugui/Runtime/UGUI/UI/Core/Layout/LayoutRebuilder.cs
 0.1 kb	 0.0% Packages/com.unity.ugui/Runtime/UGUI/UI/Core/Layout/LayoutElement.cs
 0.1 kb	 0.0% Packages/com.unity.ugui/Runtime/UGUI/UI/Core/Layout/ILayoutElement.cs
 0.1 kb	 0.0% Packages/com.unity.ugui/Runtime/UGUI/UI/Core/Layout/GridLayoutGroup.cs
 0.1 kb	 0.0% Packages/com.unity.ugui/Runtime/UGUI/UI/Core/GraphicRegistry.cs
 0.1 kb	 0.0% Packages/com.unity.ugui/Runtime/UGUI/UI/Core/GraphicRaycaster.cs
 0.1 kb	 0.0% Packages/com.unity.ugui/Runtime/UGUI/UI/Core/DefaultControls.cs
 0.1 kb	 0.0% Packages/com.unity.ugui/Runtime/UGUI/UI/Core/Culling/ClipperRegistry.cs
 0.1 kb	 0.0% Packages/com.unity.ugui/Runtime/UGUI/EventSystem/UIBehaviour.cs
 0.1 kb	 0.0% Packages/com.unity.ugui/Runtime/UGUI/EventSystem/InputModules/BaseInput.cs
 0.1 kb	 0.0% Packages/com.unity.ugui/Runtime/UGUI/EventSystem/EventTrigger.cs
 0.1 kb	 0.0% Packages/com.unity.ugui/Runtime/UGUI/EventSystem/EventSystem.cs
 0.1 kb	 0.0% Packages/com.unity.ugui/Runtime/TMP/TMPro_MeshUtilities.cs
 0.1 kb	 0.0% Packages/com.unity.ugui/Runtime/TMP/TMP_ShaderUtilities.cs
 0.1 kb	 0.0% Packages/com.unity.ugui/Runtime/TMP/TMP_RichTextTagsCommon.cs
 0.1 kb	 0.0% Packages/com.unity.ugui/Runtime/TMP/TMP_FontAssetCommon.cs
 0.1 kb	 0.0% Packages/com.unity.services.wire/Runtime/websocket-sharp/Net/Cookie.cs
 0.1 kb	 0.0% Packages/com.unity.services.wire/Runtime/websocket-sharp/Net/Chunk.cs
 0.1 kb	 0.0% Packages/com.unity.services.qos/Runtime/v2/Http/Responses.cs
 0.1 kb	 0.0% Packages/com.unity.services.qos/Runtime/Runner/UcgQosServer.cs
 0.1 kb	 0.0% Packages/com.unity.services.qos/Runtime/Runner/QosResponse.cs
 0.1 kb	 0.0% Packages/com.unity.services.qos/Runtime/Runner/QosRequest.cs
 0.1 kb	 0.0% Packages/com.unity.services.qos/Runtime/Runner/QosHelper.cs
 0.1 kb	 0.0% Packages/com.unity.services.qos/Runtime/Runner/IQosJob.cs
 0.1 kb	 0.0% Packages/com.unity.services.qos/Runtime/QosService.cs
 0.1 kb	 0.0% Packages/com.unity.services.qos/Runtime/Core/QosResults.cs
 0.1 kb	 0.0% Packages/com.unity.services.core/Runtime/Core/CoreResetter.cs
 0.1 kb	 0.0% Packages/com.unity.netcode.gameobjects/Runtime/Timing/NetworkTime.cs
 0.1 kb	 0.0% Packages/com.unity.netcode.gameobjects/Runtime/Serialization/MemoryStructures/UIntFloat.cs
 0.1 kb	 0.0% Packages/com.unity.netcode.gameobjects/Runtime/Serialization/ByteUtility.cs
 0.1 kb	 0.0% Packages/com.unity.netcode.gameobjects/Runtime/Serialization/ByteUnpacker.cs
 0.1 kb	 0.0% Packages/com.unity.netcode.gameobjects/Runtime/Serialization/BytePacker.cs
 0.1 kb	 0.0% Packages/com.unity.netcode.gameobjects/Runtime/Serialization/BitWriter.cs
 0.1 kb	 0.0% Packages/com.unity.netcode.gameobjects/Runtime/Serialization/BitReader.cs
 0.1 kb	 0.0% Packages/com.unity.netcode.gameobjects/Runtime/Serialization/BitCounter.cs
 0.1 kb	 0.0% Packages/com.unity.netcode.gameobjects/Runtime/Serialization/Arithmetic.cs
 0.1 kb	 0.0% Packages/com.unity.netcode.gameobjects/Runtime/Metrics/MetricHooks.cs
 0.1 kb	 0.0% Packages/com.unity.netcode.gameobjects/Runtime/Messaging/RpcTargets/RpcTarget.cs
 0.1 kb	 0.0% Packages/com.unity.netcode.gameobjects/Runtime/Messaging/RpcParams.cs
 0.1 kb	 0.0% Packages/com.unity.netcode.gameobjects/Runtime/Messaging/Messages/ProxyMessage.cs
 0.1 kb	 0.0% Packages/com.unity.netcode.gameobjects/Runtime/Messaging/Messages/NamedMessage.cs
 0.1 kb	 0.0% Packages/com.unity.netcode.gameobjects/Runtime/Logging/NetworkLog.cs
 0.1 kb	 0.0% Packages/com.unity.netcode.gameobjects/Runtime/Logging/LogBuilder.cs
 0.1 kb	 0.0% Packages/com.unity.netcode.gameobjects/Runtime/HelpUrls.cs
 0.1 kb	 0.0% Packages/com.unity.netcode.gameobjects/Runtime/Core/FindObjects.cs
 0.1 kb	 0.0% Packages/com.unity.inputsystem/InputSystem/Runtime/Plugins/XR/Devices/Oculus.cs
 0.1 kb	 0.0% Packages/com.unity.collections/Unity.Collections/UIntFloat.cs
 0.1 kb	 0.0% Packages/com.unity.collections/Unity.Collections/NativeStream.cs
 0.1 kb	 0.0% Packages/com.unity.collections/Unity.Collections/Jobs/EarlyInitHelpers.cs
 0.1 kb	 0.0% Assets/Scripts/SingularityCoreBoss.cs
 0.1 kb	 0.0% Assets/Scripts/PermanentProgress.cs
 0.1 kb	 0.0% Assets/Scripts/NeonBossBehaviour.cs
 0.1 kb	 0.0% Assets/Scripts/InfernalJudgeBoss.cs
 0.1 kb	 0.0% Assets/Scripts/InfernalBossSprites.cs
 0.1 kb	 0.0% Assets/Scripts/GuardianAngelsVfx.cs
 0.1 kb	 0.0% Assets/Scripts/GrandMagisterBoss.cs
 0.1 kb	 0.0% Assets/Scripts/EnvironmentHazard.cs
 0.1 kb	 0.0% Assets/Scripts/CourtBossBehaviour.cs
 0.1 kb	 0.0% Assets/Scripts/ClassPassiveCatalog.cs
 0.1 kb	 0.0% Assets/Scripts/CharacterDefinition.cs
 0.1 kb	 0.0% Assets/Scripts/BrimstoneHoundBoss.cs
 0.1 kb	 0.0% Assets/Scripts/BlessingChargeRing.cs
 0.1 kb	 0.0% Assets/Scripts/ArrowRangeIndicator.cs
 0.1 kb	 0.0% Assets/Scripts/ArcaneBossSprites.cs
 0.1 kb	 0.0% Assets/Scripts/ArcaneBossBehaviour.cs
 0.1 kb	 0.0% Packages/com.unity.ugui/Runtime/TMP/TextMeshProUGUI.cs
 0.1 kb	 0.0% Packages/com.unity.ugui/Runtime/TMP/TextContainer.cs
 0.1 kb	 0.0% Packages/com.unity.ugui/Runtime/TMP/TMP_TextElement.cs
 0.1 kb	 0.0% Packages/com.unity.ugui/Runtime/TMP/TMP_SubMeshUI.cs
 0.1 kb	 0.0% Packages/com.unity.ugui/Runtime/TMP/TMP_StyleSheet.cs
 0.1 kb	 0.0% Packages/com.unity.ugui/Runtime/TMP/TMP_SpriteGlyph.cs
 0.1 kb	 0.0% Packages/com.unity.ugui/Runtime/TMP/TMP_SpriteAsset.cs
 0.1 kb	 0.0% Packages/com.unity.ugui/Runtime/TMP/TMP_InputField.cs
 0.1 kb	 0.0% Packages/com.unity.ugui/Runtime/TMP/TMP_FontAsset.cs
 0.1 kb	 0.0% Packages/com.unity.ugui/Runtime/TMP/TMP_CoroutineTween.cs
 0.1 kb	 0.0% Packages/com.unity.ugui/Runtime/TMP/TMP_Character.cs
 0.1 kb	 0.0% Packages/com.unity.services.wire/Runtime/websocket-sharp/Logger.cs
 0.1 kb	 0.0% Packages/com.unity.services.wire/Runtime/websocket-sharp/LogData.cs
 0.1 kb	 0.0% Packages/com.unity.services.wire/Runtime/websocket-sharp/HttpBase.cs
 0.1 kb	 0.0% Packages/com.unity.services.qos/Runtime/Http/Responses.cs
 0.1 kb	 0.0% Packages/com.unity.inputsystem/InputSystem/Runtime/Plugins/XR/Devices/GoogleVR.cs
 0.1 kb	 0.0% Packages/com.unity.inputsystem/InputSystem/Runtime/Devices/Sensor.cs
 0.1 kb	 0.0% Packages/com.unity.inputsystem/InputSystem/Runtime/Devices/Pointer.cs
 0.1 kb	 0.0% Packages/com.unity.inputsystem/InputSystem/Runtime/Devices/Mouse.cs
 0.1 kb	 0.0% Packages/com.unity.inputsystem/InputSystem/Runtime/Devices/Keyboard.cs
 0.1 kb	 0.0% Packages/com.unity.inputsystem/InputSystem/Runtime/Devices/Joystick.cs
 0.1 kb	 0.0% Packages/com.unity.inputsystem/InputSystem/Runtime/Devices/Gamepad.cs
 0.1 kb	 0.0% Packages/com.unity.inputsystem/InputSystem/Editor/DownloadableSample.cs
 0.1 kb	 0.0% Packages/com.unity.collections/Unity.Collections/xxHash3.AVX2.cs
 0.1 kb	 0.0% Packages/com.unity.ugui/Runtime/UGUI/UI/Core/Utility/VertexHelper.cs
 0.1 kb	 0.0% Packages/com.unity.ugui/Runtime/UGUI/UI/Core/ToggleGroup.cs
 0.1 kb	 0.0% Packages/com.unity.ugui/Runtime/UGUI/UI/Core/SpriteState.cs
 0.1 kb	 0.0% Packages/com.unity.ugui/Runtime/UGUI/UI/Core/Selectable.cs
 0.1 kb	 0.0% Packages/com.unity.ugui/Runtime/UGUI/UI/Core/Scrollbar.cs
 0.1 kb	 0.0% Packages/com.unity.ugui/Runtime/UGUI/UI/Core/ScrollRect.cs
 0.1 kb	 0.0% Packages/com.unity.ugui/Runtime/UGUI/UI/Core/RectMask2D.cs
 0.1 kb	 0.0% Packages/com.unity.ugui/Runtime/UGUI/UI/Core/Navigation.cs
 0.1 kb	 0.0% Packages/com.unity.ugui/Runtime/UGUI/UI/Core/Layout/LayoutGroup.cs
 0.1 kb	 0.0% Packages/com.unity.ugui/Runtime/UGUI/UI/Core/Layout/CanvasScaler.cs
 0.1 kb	 0.0% Packages/com.unity.ugui/Runtime/UGUI/UI/Core/InputField.cs
 0.1 kb	 0.0% Packages/com.unity.ugui/Runtime/UGUI/UI/Core/IMaskable.cs
 0.1 kb	 0.0% Packages/com.unity.ugui/Runtime/UGUI/UI/Core/ColorBlock.cs
 0.1 kb	 0.0% Packages/com.unity.services.qos/Runtime/Runner/QosJob.cs
 0.1 kb	 0.0% Packages/com.unity.services.core/Runtime/Core/IService.cs
 0.1 kb	 0.0% Packages/com.unity.netcode.gameobjects/Runtime/Serialization/MemoryStructures/ByteBool.cs
 0.1 kb	 0.0% Packages/com.unity.netcode.gameobjects/Runtime/Messaging/MessageDelivery.cs
 0.1 kb	 0.0% Packages/com.unity.netcode.gameobjects/Runtime/Hashing/XXHash.cs
 0.1 kb	 0.0% Packages/com.unity.netcode.gameobjects/Runtime/Components/Helpers/AttachableNode.cs
 0.1 kb	 0.0% Packages/com.unity.inputsystem/InputSystem/Runtime/Plugins/XR/Devices/OpenVR.cs
 0.1 kb	 0.0% Packages/com.unity.inputsystem/InputSystem/Runtime/Plugins/HID/HID.cs
 0.1 kb	 0.0% Packages/com.unity.collections/Unity.Collections/xxHash3.cs
 0.1 kb	 0.0% Packages/com.unity.collections/Unity.Collections/Unicode.cs
 0.1 kb	 0.0% Packages/com.unity.collections/Unity.Collections/Memory.cs
 0.1 kb	 0.0% Packages/com.unity.collections/Unity.Collections/Jobs/IJobFilter.cs
 0.1 kb	 0.0% Packages/com.unity.collections/Unity.Collections/BitField.cs
 0.1 kb	 0.0% Assets/Scripts/WorldBestiary.cs
 0.1 kb	 0.0% Assets/Scripts/ThrownBoulder.cs
 0.1 kb	 0.0% Assets/Scripts/SuperAngryVfx.cs
 0.1 kb	 0.0% Assets/Scripts/SpellbladeBoss.cs
 0.1 kb	 0.0% Assets/Scripts/SpellProjectile.cs
 0.1 kb	 0.0% Assets/Scripts/SpecimenCatalog.cs
 0.1 kb	 0.0% Assets/Scripts/SpecimenAttack.cs
 0.1 kb	 0.0% Assets/Scripts/SoulSiphonVfx.cs
 0.1 kb	 0.0% Assets/Scripts/SkeletonMinion.cs
 0.1 kb	 0.0% Assets/Scripts/SiegeEngineBoss.cs
 0.1 kb	 0.0% Assets/Scripts/ShieldTauntVfx.cs
 0.1 kb	 0.0% Assets/Scripts/SharpenedDagger.cs
 0.1 kb	 0.0% Assets/Scripts/Shadowstepper.cs
 0.1 kb	 0.0% Assets/Scripts/ShadowstepVfx.cs
 0.1 kb	 0.0% Assets/Scripts/ShadowCloneVfx.cs
 0.1 kb	 0.0% Assets/Scripts/ScytheSwingVfx.cs
 0.1 kb	 0.0% Assets/Scripts/SamuraiAttack.cs
 0.1 kb	 0.0% Assets/Scripts/RocketBoostVfx.cs
 0.1 kb	 0.0% Assets/Scripts/RimeArchmageBoss.cs
 0.1 kb	 0.0% Assets/Scripts/RicochetArrow.cs
 0.1 kb	 0.0% Assets/Scripts/ReturningKnife.cs
 0.1 kb	 0.0% Assets/Scripts/RearHitMarker.cs
 0.1 kb	 0.0% Assets/Scripts/PowerupCatalog.cs
 0.1 kb	 0.0% Assets/Scripts/PlayerProjectile.cs
 0.1 kb	 0.0% Assets/Scripts/PlayerPowerups.cs
 0.1 kb	 0.0% Assets/Scripts/PlayerAbilities.cs
 0.1 kb	 0.0% Assets/Scripts/PiercingArrow.cs
 0.1 kb	 0.0% Assets/Scripts/PermanentBonuses.cs
 0.1 kb	 0.0% Assets/Scripts/PaladinRelics.cs
 0.1 kb	 0.0% Assets/Scripts/PaladinAttack.cs
 0.1 kb	 0.0% Assets/Scripts/NightmareSnapVfx.cs
 0.1 kb	 0.0% Assets/Scripts/Net/CoopSmokeTest.cs
 0.1 kb	 0.0% Assets/Scripts/LightningStorm.cs
 0.1 kb	 0.0% Assets/Scripts/IPlayerWeapon.cs
 0.1 kb	 0.0% Assets/Scripts/HexMatriarchBoss.cs
 0.1 kb	 0.0% Assets/Scripts/HallowedGround.cs
 0.1 kb	 0.0% Assets/Scripts/GuardianSprites.cs
 0.1 kb	 0.0% Assets/Scripts/GridOverseerBoss.cs
 0.1 kb	 0.0% Assets/Scripts/GamblerAttack.cs
 0.1 kb	 0.0% Assets/Scripts/EnemyProjectile.cs
 0.1 kb	 0.0% Assets/Scripts/ElementalQuiver.cs
 0.1 kb	 0.0% Assets/Scripts/DungeonVisuals.cs
 0.1 kb	 0.0% Assets/Scripts/DungeonPlayer.cs
 0.1 kb	 0.0% Assets/Scripts/DodgeAfterimage.cs
 0.1 kb	 0.0% Assets/Scripts/DemonicPowerVfx.cs
 0.1 kb	 0.0% Assets/Scripts/DemonessAttack.cs
 0.1 kb	 0.0% Assets/Scripts/DeathAnimation.cs
 0.1 kb	 0.0% Assets/Scripts/DamageBlessing.cs
 0.1 kb	 0.0% Assets/Scripts/ClassMechanic.cs
 0.1 kb	 0.0% Assets/Scripts/BrimstoneCultist.cs
 0.1 kb	 0.0% Assets/Scripts/BreakingPoint.cs
 0.1 kb	 0.0% Assets/Scripts/BrawlerAttack.cs
 0.1 kb	 0.0% Assets/Scripts/BossBehaviour.cs
 0.1 kb	 0.0% Assets/Scripts/BlessingSparkles.cs
 0.1 kb	 0.0% Assets/Scripts/BallLightning.cs
 0.1 kb	 0.0% Assets/Scripts/AvatarOfDeathVfx.cs
 0.1 kb	 0.0% Assets/Scripts/AshWardenBoss.cs
 0.1 kb	 0.0% Assets/Scripts/ArtifactPickup.cs
 0.1 kb	 0.0% Assets/Scripts/ArmyOfTheDead.cs
 0.1 kb	 0.0% Assets/Scripts/ArchdemonBoss.cs
 0.1 kb	 0.0% Assets/Scripts/AbilityCatalog.cs
 0.1 kb	 0.0% Packages/com.unity.ugui/Runtime/UGUI/UI/Core/Culling/IClipRegion.cs
 0.1 kb	 0.0% Packages/com.unity.ugui/Runtime/TMP/TextMeshPro.cs
 0.1 kb	 0.0% Packages/com.unity.ugui/Runtime/TMP/TMP_TextInfo.cs
 0.1 kb	 0.0% Packages/com.unity.ugui/Runtime/TMP/TMP_SubMesh.cs
 0.1 kb	 0.0% Packages/com.unity.ugui/Runtime/TMP/TMP_Style.cs
 0.1 kb	 0.0% Packages/com.unity.ugui/Runtime/TMP/TMP_Sprite.cs
 0.1 kb	 0.0% Packages/com.unity.ugui/Runtime/TMP/TMP_Settings.cs
 0.1 kb	 0.0% Packages/com.unity.ugui/Runtime/TMP/TMP_MeshInfo.cs
 0.1 kb	 0.0% Packages/com.unity.ugui/Runtime/TMP/TMP_LineInfo.cs
 0.1 kb	 0.0% Packages/com.unity.ugui/Runtime/TMP/TMP_Dropdown.cs
 0.1 kb	 0.0% Packages/com.unity.ugui/Runtime/TMP/TMP_Asset.cs
 0.1 kb	 0.0% Packages/com.unity.ugui/Runtime/TMP/FastAction.cs
 0.1 kb	 0.0% Packages/com.unity.services.wire/Runtime/websocket-sharp/Ext.cs
 0.1 kb	 0.0% Packages/com.unity.services.multiplayer/Runtime/Lobbies/SDK/LobbyUpdates/Internal/LobbyPatcher.cs
 0.1 kb	 0.0% Packages/com.unity.inputsystem/InputSystem/Runtime/Devices/Pen.cs
 0.1 kb	 0.0% Packages/com.unity.ugui/Runtime/UGUI/UI/Core/VertexModifiers/Shadow.cs
 0.1 kb	 0.0% Packages/com.unity.ugui/Runtime/UGUI/UI/Core/VertexModifiers/Outline.cs
 0.1 kb	 0.0% Packages/com.unity.ugui/Runtime/UGUI/UI/Core/Toggle.cs
 0.1 kb	 0.0% Packages/com.unity.ugui/Runtime/UGUI/UI/Core/Slider.cs
 0.1 kb	 0.0% Packages/com.unity.ugui/Runtime/UGUI/UI/Core/SafeArea.cs
 0.1 kb	 0.0% Packages/com.unity.ugui/Runtime/UGUI/UI/Core/RawImage.cs
 0.1 kb	 0.0% Packages/com.unity.ugui/Runtime/UGUI/UI/Core/Image.cs
 0.1 kb	 0.0% Packages/com.unity.ugui/Runtime/UGUI/UI/Core/Graphic.cs
 0.1 kb	 0.0% Packages/com.unity.ugui/Runtime/UGUI/UI/Core/FontData.cs
 0.1 kb	 0.0% Packages/com.unity.ugui/Runtime/UGUI/UI/Core/Dropdown.cs
 0.1 kb	 0.0% Packages/com.unity.ugui/Runtime/UGUI/UI/Core/Culling/Clipping.cs
 0.1 kb	 0.0% Packages/com.unity.ugui/Runtime/UGUI/UI/Core/Button.cs
 0.1 kb	 0.0% Assets/Scripts/WorldCatalog.cs
 0.1 kb	 0.0% Assets/Scripts/WizardAttack.cs
 0.1 kb	 0.0% Assets/Scripts/WingFlapVfx.cs
 0.1 kb	 0.0% Assets/Scripts/WindstepVfx.cs
 0.1 kb	 0.0% Assets/Scripts/WildStorm.cs
 0.1 kb	 0.0% Assets/Scripts/WildRaptor.cs
 0.1 kb	 0.0% Assets/Scripts/Whirlwind.cs
 0.1 kb	 0.0% Assets/Scripts/WaveMonolith.cs
 0.1 kb	 0.0% Assets/Scripts/WardenAura.cs
 0.1 kb	 0.0% Assets/Scripts/WarBanner.cs
 0.1 kb	 0.0% Assets/Scripts/VenomVial.cs
 0.1 kb	 0.0% Assets/Scripts/TruePoser.cs
 0.1 kb	 0.0% Assets/Scripts/ThrownShield.cs
 0.1 kb	 0.0% Assets/Scripts/ThrownNet.cs
 0.1 kb	 0.0% Assets/Scripts/ThrownLance.cs
 0.1 kb	 0.0% Assets/Scripts/ThrownCard.cs
 0.1 kb	 0.0% Assets/Scripts/SwordAttack.cs
 0.1 kb	 0.0% Assets/Scripts/SuperAngry.cs
 0.1 kb	 0.0% Assets/Scripts/StairVisual.cs
 0.1 kb	 0.0% Assets/Scripts/SpecimenVfx.cs
 0.1 kb	 0.0% Assets/Scripts/SpecimenArts.cs
 0.1 kb	 0.0% Assets/Scripts/SowMarkVfx.cs
 0.1 kb	 0.0% Assets/Scripts/SootLobber.cs
 0.1 kb	 0.0% Assets/Scripts/SniperDrone.cs
 0.1 kb	 0.0% Assets/Scripts/SmokeCloud.cs
 0.1 kb	 0.0% Assets/Scripts/ShieldTaunt.cs
 0.1 kb	 0.0% Assets/Scripts/SharpenVfx.cs
 0.1 kb	 0.0% Assets/Scripts/ShadowClone.cs
 0.1 kb	 0.0% Assets/Scripts/SettingsMenu.cs
 0.1 kb	 0.0% Assets/Scripts/SentryTurret.cs
 0.1 kb	 0.0% Assets/Scripts/ScrapPickup.cs
 0.1 kb	 0.0% Assets/Scripts/RockCover.cs
 0.1 kb	 0.0% Assets/Scripts/ReaperSkull.cs
 0.1 kb	 0.0% Assets/Scripts/ReaperAttack.cs
 0.1 kb	 0.0% Assets/Scripts/PlayerInput.cs
 0.1 kb	 0.0% Assets/Scripts/PlasmaOrb.cs
 0.1 kb	 0.0% Assets/Scripts/PentagramVfx.cs
 0.1 kb	 0.0% Assets/Scripts/Overclock.cs
 0.1 kb	 0.0% Assets/Scripts/OrbitingEye.cs
 0.1 kb	 0.0% Assets/Scripts/OrbitalLaser.cs
 0.1 kb	 0.0% Assets/Scripts/Net/RemoteHero.cs
 0.1 kb	 0.0% Assets/Scripts/Net/PortMapper.cs
 0.1 kb	 0.0% Assets/Scripts/Net/NetSession.cs
 0.1 kb	 0.0% Assets/Scripts/Net/CoopMessages.cs
 0.1 kb	 0.0% Assets/Scripts/NeonSprites.cs
 0.1 kb	 0.0% Assets/Scripts/NeonLancer.cs
 0.1 kb	 0.0% Assets/Scripts/MineCrawler.cs
 0.1 kb	 0.0% Assets/Scripts/MicroMissile.cs
 0.1 kb	 0.0% Assets/Scripts/MeshEffect.cs
 0.1 kb	 0.0% Assets/Scripts/MagmaStomper.cs
 0.1 kb	 0.0% Assets/Scripts/LavaField.cs
 0.1 kb	 0.0% Assets/Scripts/KnightShield.cs
 0.1 kb	 0.0% Assets/Scripts/KnightRelics.cs
 0.1 kb	 0.0% Assets/Scripts/KeybindMenu.cs
 0.1 kb	 0.0% Assets/Scripts/KeyBindings.cs
 0.1 kb	 0.0% Assets/Scripts/KeenEdgeAura.cs
 0.1 kb	 0.0% Assets/Scripts/KatanaVfx.cs
 0.1 kb	 0.0% Assets/Scripts/JackpotVfx.cs
 0.1 kb	 0.0% Assets/Scripts/InsuranceVfx.cs
 0.1 kb	 0.0% Assets/Scripts/InfernoVfx.cs
 0.1 kb	 0.0% Assets/Scripts/HolySwordVfx.cs
 0.1 kb	 0.0% Assets/Scripts/HolyLightVfx.cs
 0.1 kb	 0.0% Assets/Scripts/HolyBubble.cs
 0.1 kb	 0.0% Assets/Scripts/HeroSprites.cs
 0.1 kb	 0.0% Assets/Scripts/HeroBuffs.cs
 0.1 kb	 0.0% Assets/Scripts/HellfireZone.cs
 0.1 kb	 0.0% Assets/Scripts/HellfireAura.cs
 0.1 kb	 0.0% Assets/Scripts/HeavenlyHost.cs
 0.1 kb	 0.0% Assets/Scripts/HealthPickup.cs
 0.1 kb	 0.0% Assets/Scripts/GrappleHook.cs
 0.1 kb	 0.0% Assets/Scripts/GameSettings.cs
 0.1 kb	 0.0% Assets/Scripts/GamblerPurse.cs
 0.1 kb	 0.0% Assets/Scripts/FloorMinimap.cs
 0.1 kb	 0.0% Assets/Scripts/FlameMesh.cs
 0.1 kb	 0.0% Assets/Scripts/FadingSprite.cs
 0.1 kb	 0.0% Assets/Scripts/EnemyVariant.cs
 0.1 kb	 0.0% Assets/Scripts/EnemyTactics.cs
 0.1 kb	 0.0% Assets/Scripts/EnemyShooter.cs
 0.1 kb	 0.0% Assets/Scripts/EnemyFacing.cs
 0.1 kb	 0.0% Assets/Scripts/Encyclopedia.cs
 0.1 kb	 0.0% Assets/Scripts/EmberFanatic.cs
 0.1 kb	 0.0% Assets/Scripts/DungeonUi.cs
 0.1 kb	 0.0% Assets/Scripts/DungeonRun.cs
 0.1 kb	 0.0% Assets/Scripts/DungeonMap.cs
 0.1 kb	 0.0% Assets/Scripts/DungeonHud.cs
 0.1 kb	 0.0% Assets/Scripts/DungeonEnemy.cs
 0.1 kb	 0.0% Assets/Scripts/DungeonBoss.cs
 0.1 kb	 0.0% Assets/Scripts/DuelistBoss.cs
 0.1 kb	 0.0% Assets/Scripts/DemonicRune.cs
 0.1 kb	 0.0% Assets/Scripts/DemonicPower.cs
 0.1 kb	 0.0% Assets/Scripts/DemonPawVfx.cs
 0.1 kb	 0.0% Assets/Scripts/DemonHeadVfx.cs
 0.1 kb	 0.0% Assets/Scripts/DebugMode.cs
 0.1 kb	 0.0% Assets/Scripts/DeathMarkVfx.cs
 0.1 kb	 0.0% Assets/Scripts/CyborgVfx.cs
 0.1 kb	 0.0% Assets/Scripts/CyborgAttack.cs
 0.1 kb	 0.0% Assets/Scripts/Cutthroat.cs
 0.1 kb	 0.0% Assets/Scripts/CrystalShop.cs
 0.1 kb	 0.0% Assets/Scripts/CrystalPouch.cs
 0.1 kb	 0.0% Assets/Scripts/Consecration.cs
 0.1 kb	 0.0% Assets/Scripts/CombatVfx.cs
 0.1 kb	 0.0% Assets/Scripts/CombatDamage.cs
 0.1 kb	 0.0% Assets/Scripts/CoinRainVfx.cs
 0.1 kb	 0.0% Assets/Scripts/CoinFlipVfx.cs
 0.1 kb	 0.0% Assets/Scripts/CinderHusk.cs
 0.1 kb	 0.0% Assets/Scripts/CinderDasher.cs
 0.1 kb	 0.0% Assets/Scripts/ChainHook.cs
 0.1 kb	 0.0% Assets/Scripts/Breakable.cs
 0.1 kb	 0.0% Assets/Scripts/BrawlerVfx.cs
 0.1 kb	 0.0% Assets/Scripts/BowAttack.cs
 0.1 kb	 0.0% Assets/Scripts/BloatToad.cs
 0.1 kb	 0.0% Assets/Scripts/BlinkMagus.cs
 0.1 kb	 0.0% Assets/Scripts/BladeJuggler.cs
 0.1 kb	 0.0% Assets/Scripts/AttackCharge.cs
 0.1 kb	 0.0% Assets/Scripts/AshSkitter.cs
 0.1 kb	 0.0% Assets/Scripts/ArrowRain.cs
 0.1 kb	 0.0% Packages/com.unity.ugui/Runtime/TMP/TMP_Text.cs
 0.1 kb	 0.0% Packages/com.unity.ugui/Runtime/UGUI/UI/Core/Text.cs
 0.1 kb	 0.0% Packages/com.unity.ugui/Runtime/UGUI/UI/Core/Misc.cs
 0.1 kb	 0.0% Packages/com.unity.ugui/Runtime/UGUI/UI/Core/Mask.cs
 0.1 kb	 0.0% Assets/Scripts/ZealVfx.cs
 0.1 kb	 0.0% Assets/Scripts/WorldMap.cs
 0.1 kb	 0.0% Assets/Scripts/TailVfx.cs
 0.1 kb	 0.0% Assets/Scripts/StabVfx.cs
 0.1 kb	 0.0% Assets/Scripts/SoulWisp.cs
 0.1 kb	 0.0% Assets/Scripts/ScreenFx.cs
 0.1 kb	 0.0% Assets/Scripts/ReapVfx.cs
 0.1 kb	 0.0% Assets/Scripts/QuakeVfx.cs
 0.1 kb	 0.0% Assets/Scripts/PunchVfx.cs
 0.1 kb	 0.0% Assets/Scripts/Net/CoopSync.cs
 0.1 kb	 0.0% Assets/Scripts/Net/CoopMenu.cs
 0.1 kb	 0.0% Assets/Scripts/Net/CoopFx.cs
 0.1 kb	 0.0% Assets/Scripts/MainMenu.cs
 0.1 kb	 0.0% Assets/Scripts/IceWall.cs
 0.1 kb	 0.0% Assets/Scripts/HeroVfx.cs
 0.1 kb	 0.0% Assets/Scripts/HealVfx.cs
 0.1 kb	 0.0% Assets/Scripts/GoldCoin.cs
 0.1 kb	 0.0% Assets/Scripts/FeastVfx.cs
 0.1 kb	 0.0% Assets/Scripts/DiceBomb.cs
 0.1 kb	 0.0% Assets/Scripts/Crystal.cs
 0.1 kb	 0.0% Assets/Scripts/BossArt.cs
 0.1 kb	 0.0% Assets/Scripts/BlinkImp.cs
 0.1 kb	 0.0% Assets/Scripts/BearTrap.cs
 0.1 kb	 0.0% Assets/Scripts/AshShop.cs
 0.1 kb	 0.0% Assets/Scripts/AngelVfx.cs
 0.1 kb	 0.0% Assets/Resources/PerformanceTestRunSettings.json
-------------------------------------------------------------------------------
Unloading 34 Unused Serialized files (Serialized files now loaded: 0)
Unloading 55 unused Assets / (63.7 KB). Loaded Objects now: 4739.
Memory consumption went from 170.4 MB to 170.4 MB.
Total: 8.667486 ms (FindLiveObjects: 0.182260 ms CreateObjectMapping: 0.032180 ms MarkObjects: 8.185156 ms  DeleteObjects: 0.121250 ms)

Build Finished, Result: Success.
Unloading 0 Unused Serialized files (Serialized files now loaded: 0)
Loaded scene 'Temp/__Backupscenes/0.backup'
	Deserialize:            0.246 ms
	Integration:            5.554 ms
	Integration of assets:  0.001 ms
	Thread Wait Time:       0.005 ms
	Total Operation Time:   5.805 ms
Unloading 0 unused Assets / (Unknown). Loaded Objects now: 4731.
Memory consumption went from 167.6 MB to 167.6 MB.
Total: 5.766585 ms (FindLiveObjects: 0.177361 ms CreateObjectMapping: 0.038700 ms MarkObjects: 5.386284 ms  DeleteObjects: 0.023080 ms)

Total cache size 266645660
Total cache size after purge 266645660, took 00:00:00.1115353
Asset Pipeline Refresh (id=80e9876f982ff294c946e340de8e2e87): Total: 0.094 seconds - Initiated by RefreshV2(NoUpdateAssetOptions)
##utp:{"success":true,"type":"PlayerBuildInfo","version":2,"phase":"Immediate","time":1790939319092,"processId":939464,"steps":[{"description":"Call PrepareForBuild callbacks","duration":13},{"description":"Call internal build started callbacks","duration":0},{"description":"Preprocess Player","duration":26},{"description":"Save scenes before build","duration":0},{"description":"Prepare For Build","duration":3},{"description":"ProducePlayerScriptAssemblies","duration":4618},{"description":"Verify Build setup","duration":89},{"description":"Prepare assets for target platform","duration":1},{"description":"Prepare splash screen","duration":0},{"description":"Build scripts DLLs","duration":15},{"description":"Building scenes","duration":26},{"description":"Build GlobalGameManagers file","duration":129},{"description":"Writing asset files","duration":38},{"description":"Building Resources/unity_builtin_extra","duration":46},{"description":"Write data build dirty tracking information","duration":30},{"description":"Postprocess built player","duration":1655},{"description":"Call Post-Process callbacks","duration":132}],"duration":6821}
WINDOWS_BUILD_OK: /home/mira/code/slopgame/Builds/Windows/AshBelow-20261002-110832-077.zip
UnityEngine.Debug:ExtractStackTraceNoAlloc (byte*,int,string)
UnityEngine.StackTraceUtility:ExtractStackTrace () (at /home/bokken/build/output/unity/unity/Runtime/Export/Scripting/StackTrace.cs:23)
UnityEngine.DebugLogHandler:Internal_Log (UnityEngine.LogType,UnityEngine.LogOption,string,UnityEngine.Object)
UnityEngine.DebugLogHandler:LogFormat (UnityEngine.LogType,UnityEngine.Object,string,object[])
UnityEngine.Logger:Log (UnityEngine.LogType,object)
UnityEngine.Debug:Log (object)
Slopgame.Editor.WindowsBuild:Build () (at Assets/Scripts/Editor/WindowsBuild.cs:70)

(Filename: Assets/Scripts/Editor/WindowsBuild.cs Line: 70)

Batchmode quit successfully invoked - shutting down!
[Physics::Module] Cleanup current backend.
[Physics::Module] Id: 0xf2b8ea05
Input System module state changed to: ShutdownInProgress.
Input Polling Thread exited.
Input System module state changed to: Shutdown.
[Licensing::IpcConnector] LicenseClient-mira-6000.6.3-notifications channel disconnected successfully.
[Licensing::IpcConnector] LicenseClient-mira-6000.6.3 channel disconnected successfully.
Shut down UDS service system complete
Lingering sessions upon destruction of worker manager
Unity Data Store service was successfully shut down
UDS shutting down local client system
AcceleratorClientConnectionCallback - disconnected - :0
Cleanup mono
CodeReloadManager destroyed
debugger-agent: Unable to listen on 55
Exiting batchmode successfully now!
[ExitDontLaunchBugReporter] Exiting without the bug reporter. Application will exit with return code 0

SDL leaked 2 allocations
Turn on UNITY_SDL_ALLOCATION_TRACKING for detailed information.
VBCSCompilerPreWarmer: requested VBCSCompiler shutdown
